"created_on","role","granted_to","grantee_name","granted_by"
"2021-02-24 13:00:45.645 +0000","ACCOUNTADMIN","USER","BMORRISON_SKE",""
"2020-12-04 01:41:30.090 +0000","ACCOUNTADMIN","USER","EROESCH_SKE",""
"2020-10-21 11:58:58.538 +0000","ACCOUNTADMIN","USER","SCOOMBES_SKE",""
"2021-03-03 23:38:50.730 +0000","DOP_P_ALERTING_ADMIN","USER","EROESCH_SKE","SECURITYADMIN"
"2021-03-01 12:49:03.943 +0000","DOP_P_ALERTING_ADMIN","ROLE","SYSADMIN","SECURITYADMIN"
"2021-02-27 21:39:34.974 +0000","DOP_P_CLOUDWATCH_ADMIN","ROLE","SYSADMIN","SECURITYADMIN"
"2021-03-02 02:52:50.570 +0000","DOP_P_MONITOR_ADMIN","USER","JBRODY_SKE","SECURITYADMIN"
"2021-02-25 13:02:19.139 +0000","DOP_P_MONITOR_ADMIN","ROLE","SYSADMIN","SECURITYADMIN"
"2021-03-01 12:49:08.948 +0000","DSC_P_SENTIMENT_ADMIN","ROLE","SYSADMIN","SECURITYADMIN"
"2021-03-01 12:49:09.949 +0000","DSC_P_TWITTER_ADMIN","ROLE","SYSADMIN","SECURITYADMIN"
"2021-03-01 12:49:10.950 +0000","ENG_P_DATAGEN_ADMIN","ROLE","SYSADMIN","SECURITYADMIN"
"2021-02-27 12:01:01.261 +0000","ENG_P_XML_TO_JSON_ADMIN","ROLE","SYSADMIN","SECURITYADMIN"
"2021-02-26 18:51:03.463 +0000","OKTA_PROVISIONER","ROLE","ACCOUNTADMIN","ACCOUNTADMIN"
"2020-10-19 19:18:38.118 +0000","ORGADMIN","USER","EROESCH_SKE",""
No data returned, and headers are turned off
No data returned, and headers are turned off
"2020-10-19 19:09:03.543 +0000","SECURITYADMIN","ROLE","ACCOUNTADMIN",""
"2021-03-01 14:31:28.088 +0000","SKE_P_DDM_HR_CLERK","USER","EROESCH_SKE","SECURITYADMIN"
"2021-03-01 12:41:32.492 +0000","SKE_P_DDM_HR_CLERK","ROLE","SKE_P_DDM_HR_MGR","SECURITYADMIN"
"2021-03-01 14:33:13.193 +0000","SKE_P_DDM_HR_MGR","USER","EROESCH_SKE","SECURITYADMIN"
"2021-03-03 17:26:10.370 +0000","SKE_P_DEMO","USER","A.RAJOLAPESCARINI","OKTA_PROVISIONER"
"2021-03-03 17:26:07.367 +0000","SKE_P_DEMO","USER","ABHITEJ.GOPIREDDY","OKTA_PROVISIONER"
"2021-03-03 17:25:52.352 +0000","SKE_P_DEMO","USER","ADAM.CROSBY","OKTA_PROVISIONER"
"2021-03-03 17:26:05.365 +0000","SKE_P_DEMO","USER","ALBIE.KOTZE","OKTA_PROVISIONER"
"2021-03-03 17:26:10.370 +0000","SKE_P_DEMO","USER","ALEXANDER.KHOKHLOV","OKTA_PROVISIONER"
"2021-03-03 17:25:48.348 +0000","SKE_P_DEMO","USER","ALINA.ESQUIVEL","OKTA_PROVISIONER"
"2021-03-03 17:25:49.349 +0000","SKE_P_DEMO","USER","ALISTAIR.JAYNE-COUPE","OKTA_PROVISIONER"
"2021-03-03 17:26:07.367 +0000","SKE_P_DEMO","USER","AMAR.AVULA","OKTA_PROVISIONER"
"2021-03-03 17:25:48.348 +0000","SKE_P_DEMO","USER","ANDRAS.FEHER","OKTA_PROVISIONER"
"2021-03-03 17:25:56.356 +0000","SKE_P_DEMO","USER","ANDREAS.LISKES","OKTA_PROVISIONER"
"2021-03-03 17:26:07.367 +0000","SKE_P_DEMO","USER","ANDREW.OH","OKTA_PROVISIONER"
"2021-02-26 19:15:37.937 +0000","SKE_P_DEMO","USER","ANDY.BLANCO","OKTA_PROVISIONER"
"2021-03-03 17:26:04.364 +0000","SKE_P_DEMO","USER","ANNE.SIDARI","OKTA_PROVISIONER"
"2021-03-03 17:25:47.347 +0000","SKE_P_DEMO","USER","ANTHONY.FOOTE","OKTA_PROVISIONER"
"2021-03-03 17:26:05.365 +0000","SKE_P_DEMO","USER","ARIHANT.JAIN","OKTA_PROVISIONER"
"2021-03-03 17:26:05.365 +0000","SKE_P_DEMO","USER","ARINDAM.GUHA","OKTA_PROVISIONER"
"2021-03-03 17:26:05.365 +0000","SKE_P_DEMO","USER","ARUN.MUNIYANDI","OKTA_PROVISIONER"
"2021-03-03 17:25:54.354 +0000","SKE_P_DEMO","USER","AVINASH.SINGH","OKTA_PROVISIONER"
"2021-03-03 17:25:47.347 +0000","SKE_P_DEMO","USER","BALA.SHANKAR","OKTA_PROVISIONER"
"2021-03-03 17:25:52.352 +0000","SKE_P_DEMO","USER","BEN.STATON","OKTA_PROVISIONER"
"2021-03-03 17:26:07.367 +0000","SKE_P_DEMO","USER","BENEDIKT.ENGEL","OKTA_PROVISIONER"
"2021-03-03 17:25:54.354 +0000","SKE_P_DEMO","USER","BING.CHEN","OKTA_PROVISIONER"
"2021-03-03 17:25:49.349 +0000","SKE_P_DEMO","USER","BISHAM.HARAH","OKTA_PROVISIONER"
"2021-03-03 17:25:52.352 +0000","SKE_P_DEMO","USER","BOB.MORRISON","OKTA_PROVISIONER"
"2021-03-03 17:26:07.367 +0000","SKE_P_DEMO","USER","BRETT.BALOUN","OKTA_PROVISIONER"
"2021-03-03 17:26:07.367 +0000","SKE_P_DEMO","USER","BROOKE.BOWIE","OKTA_PROVISIONER"
"2021-03-03 17:25:56.356 +0000","SKE_P_DEMO","USER","BRYAN.PLANTES","OKTA_PROVISIONER"
"2021-03-03 17:26:07.367 +0000","SKE_P_DEMO","USER","C.BRETSCHNEIDER","OKTA_PROVISIONER"
"2021-03-03 17:25:50.350 +0000","SKE_P_DEMO","USER","C.CHRISTOPHORIDIS","OKTA_PROVISIONER"
"2021-03-03 17:25:52.352 +0000","SKE_P_DEMO","USER","CARL.MARTIN","OKTA_PROVISIONER"
"2021-03-03 17:26:07.367 +0000","SKE_P_DEMO","USER","CARRIE.GOTT","OKTA_PROVISIONER"
"2021-03-03 17:26:04.364 +0000","SKE_P_DEMO","USER","CATALIN.BOBARNAC","OKTA_PROVISIONER"
"2021-03-03 17:26:00.360 +0000","SKE_P_DEMO","USER","CHASE.ROMANO","OKTA_PROVISIONER"
"2021-03-03 17:25:53.353 +0000","SKE_P_DEMO","USER","CHRISTIAN.BRAUN","OKTA_PROVISIONER"
"2021-03-03 17:26:00.360 +0000","SKE_P_DEMO","USER","CHUCK.DIEWALD","OKTA_PROVISIONER"
"2021-03-03 17:26:00.360 +0000","SKE_P_DEMO","USER","COLLIN.CANNON","OKTA_PROVISIONER"
"2021-03-03 17:25:54.354 +0000","SKE_P_DEMO","USER","CUONG.NGUYENTIEN","OKTA_PROVISIONER"
"2021-03-03 17:25:51.351 +0000","SKE_P_DEMO","USER","DAN.FLIPPO","OKTA_PROVISIONER"
"2021-03-03 17:25:51.351 +0000","SKE_P_DEMO","USER","DANIEL.ODIEVICH","OKTA_PROVISIONER"
"2021-03-03 17:26:00.360 +0000","SKE_P_DEMO","USER","DANIEL.SANDLER","OKTA_PROVISIONER"
"2021-03-03 17:25:49.349 +0000","SKE_P_DEMO","USER","DANNY.BRYANT","OKTA_PROVISIONER"
"2021-03-03 17:26:05.365 +0000","SKE_P_DEMO","USER","DARIN.BRISKMAN","OKTA_PROVISIONER"
"2021-03-03 17:26:00.360 +0000","SKE_P_DEMO","USER","DAVID.TEPLOW","OKTA_PROVISIONER"
"2021-03-03 17:26:10.370 +0000","SKE_P_DEMO","USER","DELAN.DESILVA","OKTA_PROVISIONER"
"2021-03-03 17:25:52.352 +0000","SKE_P_DEMO","USER","DENNIS.PARTIN","OKTA_PROVISIONER"
"2021-03-03 17:25:49.349 +0000","SKE_P_DEMO","USER","DEREK.CARLSON","OKTA_PROVISIONER"
"2021-03-03 17:26:00.360 +0000","SKE_P_DEMO","USER","DHARMENDRA.SHAVKANI","OKTA_PROVISIONER"
"2021-03-03 17:26:04.364 +0000","SKE_P_DEMO","USER","DONNA.ALCANTARA","OKTA_PROVISIONER"
"2021-03-03 17:26:00.360 +0000","SKE_P_DEMO","USER","DUSTY.MANGUM","OKTA_PROVISIONER"
"2021-03-03 17:25:50.350 +0000","SKE_P_DEMO","USER","ELENA.GORYAINOVA","OKTA_PROVISIONER"
"2021-03-03 17:25:56.356 +0000","SKE_P_DEMO","USER","ERIC.BELL","OKTA_PROVISIONER"
"2021-03-03 17:25:53.353 +0000","SKE_P_DEMO","USER","ERIC.LETHIER","OKTA_PROVISIONER"
"2021-02-26 19:15:37.937 +0000","SKE_P_DEMO","USER","ERICK.ROESCH","OKTA_PROVISIONER"
"2021-03-03 17:26:05.365 +0000","SKE_P_DEMO","USER","ERIKA.BAKSE","OKTA_PROVISIONER"
"2021-02-27 12:10:38.838 +0000","SKE_P_DEMO","USER","EROESCH_SKE","OKTA_PROVISIONER"
"2021-03-03 17:26:07.367 +0000","SKE_P_DEMO","USER","GAUTAM.BHAWSAR","OKTA_PROVISIONER"
"2021-03-03 17:25:49.349 +0000","SKE_P_DEMO","USER","GENE.FURIBONDO","OKTA_PROVISIONER"
"2021-03-03 17:26:04.364 +0000","SKE_P_DEMO","USER","GINA.BLAND","OKTA_PROVISIONER"
"2021-03-03 17:25:54.354 +0000","SKE_P_DEMO","USER","GINNY.WONG","OKTA_PROVISIONER"
"2021-03-03 17:25:48.348 +0000","SKE_P_DEMO","USER","GOVARDHAN.KATIREDDY","OKTA_PROVISIONER"
"2021-03-03 17:25:47.347 +0000","SKE_P_DEMO","USER","GREG.MARRON","OKTA_PROVISIONER"
"2021-03-03 17:26:03.363 +0000","SKE_P_DEMO","USER","GREGORY.SITZMAN","OKTA_PROVISIONER"
"2021-03-03 17:26:07.367 +0000","SKE_P_DEMO","USER","GURSOY.YERLI","OKTA_PROVISIONER"
"2021-03-03 17:26:03.363 +0000","SKE_P_DEMO","USER","HARISH.PARAMESWARAN","OKTA_PROVISIONER"
"2021-03-03 17:26:03.363 +0000","SKE_P_DEMO","USER","HILDA.DAVIES","OKTA_PROVISIONER"
"2021-03-03 17:25:48.348 +0000","SKE_P_DEMO","USER","IAN.FICKLING","OKTA_PROVISIONER"
"2021-03-03 17:25:48.348 +0000","SKE_P_DEMO","USER","IHOR.KARBOVSKYY","OKTA_PROVISIONER"
"2021-03-03 17:25:53.353 +0000","SKE_P_DEMO","USER","JAAKKO.LEVOMAKI","OKTA_PROVISIONER"
"2021-03-03 17:26:00.360 +0000","SKE_P_DEMO","USER","JACKIE.CHANDLER","OKTA_PROVISIONER"
"2021-03-03 17:26:04.364 +0000","SKE_P_DEMO","USER","JAI.PARMAR","OKTA_PROVISIONER"
"2021-03-03 17:25:56.356 +0000","SKE_P_DEMO","USER","JAMES.BRODY","OKTA_PROVISIONER"
"2021-03-03 17:26:07.367 +0000","SKE_P_DEMO","USER","JAMEY.PHILLIPS","OKTA_PROVISIONER"
"2021-03-03 17:26:07.367 +0000","SKE_P_DEMO","USER","JASON.SNYDER","OKTA_PROVISIONER"
"2021-03-02 02:52:03.523 +0000","SKE_P_DEMO","USER","JBRODY_SKE","OKTA_PROVISIONER"
"2021-03-03 17:25:50.350 +0000","SKE_P_DEMO","USER","JEDIDIAH.RAJBHUSHAN","OKTA_PROVISIONER"
"2021-03-03 17:26:10.370 +0000","SKE_P_DEMO","USER","JERRY.LOCKE","OKTA_PROVISIONER"
"2021-03-03 17:26:07.367 +0000","SKE_P_DEMO","USER","JIM.DEMITRIOU","OKTA_PROVISIONER"
"2021-03-03 17:26:05.365 +0000","SKE_P_DEMO","USER","JOANNA.JOHNSTON","OKTA_PROVISIONER"
"2021-03-03 17:26:07.367 +0000","SKE_P_DEMO","USER","JOHN.ADAMS","OKTA_PROVISIONER"
"2021-03-03 17:26:07.367 +0000","SKE_P_DEMO","USER","JOHN.DACOSTA","OKTA_PROVISIONER"
"2021-03-03 17:25:54.354 +0000","SKE_P_DEMO","USER","JOHN.RYAN","OKTA_PROVISIONER"
"2021-03-03 17:25:50.350 +0000","SKE_P_DEMO","USER","JOSHUA.SKARPHOL","OKTA_PROVISIONER"
"2021-03-03 17:26:10.370 +0000","SKE_P_DEMO","USER","JUSTINE.MCGONAGLE","OKTA_PROVISIONER"
"2021-03-03 17:26:03.363 +0000","SKE_P_DEMO","USER","KALA.GOVINDARAJAN","OKTA_PROVISIONER"
"2021-03-03 17:26:03.363 +0000","SKE_P_DEMO","USER","KEITH.HOYLE","OKTA_PROVISIONER"
"2021-03-03 17:25:47.347 +0000","SKE_P_DEMO","USER","KEITH.SMITH","OKTA_PROVISIONER"
"2021-03-03 17:25:56.356 +0000","SKE_P_DEMO","USER","KETAN.JANI","OKTA_PROVISIONER"
"2021-03-03 17:26:00.360 +0000","SKE_P_DEMO","USER","KHALID.REHMAN","OKTA_PROVISIONER"
"2021-03-03 17:26:00.360 +0000","SKE_P_DEMO","USER","KIM.TE","OKTA_PROVISIONER"
"2021-03-03 17:26:07.367 +0000","SKE_P_DEMO","USER","KISHORE.TATAVARTHI","OKTA_PROVISIONER"
"2021-03-03 17:25:52.352 +0000","SKE_P_DEMO","USER","KUMARAN.RAGHUNATHAN","OKTA_PROVISIONER"
"2021-03-03 17:26:00.360 +0000","SKE_P_DEMO","USER","LISA.CARDER","OKTA_PROVISIONER"
"2021-03-03 17:26:00.360 +0000","SKE_P_DEMO","USER","LYDIA.MANCINI","OKTA_PROVISIONER"
"2021-03-03 17:26:04.364 +0000","SKE_P_DEMO","USER","MAGNUS.HOOK","OKTA_PROVISIONER"
"2021-03-03 17:26:07.367 +0000","SKE_P_DEMO","USER","MAHE.DURAISWAMI","OKTA_PROVISIONER"
"2021-03-03 17:26:07.367 +0000","SKE_P_DEMO","USER","MARC.HENDERSON","OKTA_PROVISIONER"
"2021-03-03 17:26:07.367 +0000","SKE_P_DEMO","USER","MARCEL.MARRAS","OKTA_PROVISIONER"
"2021-03-03 17:25:54.354 +0000","SKE_P_DEMO","USER","MARCIN.KULAKOWSKI","OKTA_PROVISIONER"
"2021-03-03 17:25:50.350 +0000","SKE_P_DEMO","USER","MARION.BROWN","OKTA_PROVISIONER"
"2021-03-03 17:26:07.367 +0000","SKE_P_DEMO","USER","MARK.MAYO","OKTA_PROVISIONER"
"2021-03-03 17:26:07.367 +0000","SKE_P_DEMO","USER","MARTEN.PAULSSON","OKTA_PROVISIONER"
"2021-03-03 17:25:48.348 +0000","SKE_P_DEMO","USER","MARTIN.BADROCK","OKTA_PROVISIONER"
"2021-03-03 17:25:54.354 +0000","SKE_P_DEMO","USER","MATT.BRADY","OKTA_PROVISIONER"
"2021-03-03 17:25:49.349 +0000","SKE_P_DEMO","USER","MATT.PROCTOR","OKTA_PROVISIONER"
"2021-03-03 17:25:49.349 +0000","SKE_P_DEMO","USER","MATTHEW.KVANCZ","OKTA_PROVISIONER"
"2021-03-03 17:25:49.349 +0000","SKE_P_DEMO","USER","MATTHEW.STORA","OKTA_PROVISIONER"
"2021-03-03 17:26:10.370 +0000","SKE_P_DEMO","USER","MATTHEW.WIDEMAN","OKTA_PROVISIONER"
"2021-03-03 17:26:10.370 +0000","SKE_P_DEMO","USER","MAURICE.SAAH","OKTA_PROVISIONER"
"2021-03-03 17:25:53.353 +0000","SKE_P_DEMO","USER","MEI.LEE","OKTA_PROVISIONER"
"2021-03-03 17:25:49.349 +0000","SKE_P_DEMO","USER","MELINDA.WEBSTER","OKTA_PROVISIONER"
"2021-03-03 17:26:07.367 +0000","SKE_P_DEMO","USER","MICHAEL.GOODMAN","OKTA_PROVISIONER"
"2021-03-03 17:25:54.354 +0000","SKE_P_DEMO","USER","MICHAEL.HENSON","OKTA_PROVISIONER"
"2021-03-03 17:26:07.367 +0000","SKE_P_DEMO","USER","MICHAEL.RAINEY","OKTA_PROVISIONER"
"2021-03-03 17:25:56.356 +0000","SKE_P_DEMO","USER","MICHAEL.VANFOSSEN","OKTA_PROVISIONER"
"2021-03-03 17:26:04.364 +0000","SKE_P_DEMO","USER","MICHAEL.WALTON","OKTA_PROVISIONER"
"2021-03-03 17:25:56.356 +0000","SKE_P_DEMO","USER","MIKE.DONOVAN","OKTA_PROVISIONER"
"2021-03-03 17:25:56.356 +0000","SKE_P_DEMO","USER","MIKE.GOHL","OKTA_PROVISIONER"
"2021-03-03 17:25:56.356 +0000","SKE_P_DEMO","USER","MIKHAIL.FERNANDEZ","OKTA_PROVISIONER"
"2021-03-03 17:25:49.349 +0000","SKE_P_DEMO","USER","MINEAKI.MOTOHASHI","OKTA_PROVISIONER"
"2021-03-03 17:26:10.370 +0000","SKE_P_DEMO","USER","MRIDUL.JHUNJHUNWALA","OKTA_PROVISIONER"
"2021-03-03 17:25:53.353 +0000","SKE_P_DEMO","USER","MURALI.MADHUSUDANA","OKTA_PROVISIONER"
"2021-03-03 17:25:50.350 +0000","SKE_P_DEMO","USER","NAVEEN.CHINTHAPALLY","OKTA_PROVISIONER"
"2021-03-03 17:26:05.365 +0000","SKE_P_DEMO","USER","OMAR.AKIL","OKTA_PROVISIONER"
"2021-03-03 17:26:10.370 +0000","SKE_P_DEMO","USER","P.PURUSHOTHAMAN","OKTA_PROVISIONER"
"2021-03-03 17:25:50.350 +0000","SKE_P_DEMO","USER","PARESH.ADHIA","OKTA_PROVISIONER"
"2021-03-03 17:26:00.360 +0000","SKE_P_DEMO","USER","PAUL.MARIC","OKTA_PROVISIONER"
"2021-03-03 17:26:04.364 +0000","SKE_P_DEMO","USER","PETER.CAULFIELD","OKTA_PROVISIONER"
"2021-03-03 17:26:00.360 +0000","SKE_P_DEMO","USER","PETR.NEJTEK","OKTA_PROVISIONER"
"2021-03-03 17:25:50.350 +0000","SKE_P_DEMO","USER","PHILIPPE.TORRES","OKTA_PROVISIONER"
"2021-03-03 17:26:07.367 +0000","SKE_P_DEMO","USER","PRATEEK.PARASHAR","OKTA_PROVISIONER"
"2021-02-27 12:01:00.260 +0000","SKE_P_DEMO","ROLE","PST_WORKSPACE","OKTA_PROVISIONER"
"2021-03-03 17:26:04.364 +0000","SKE_P_DEMO","USER","R.SREENIVASAN","OKTA_PROVISIONER"
"2021-03-03 17:25:52.352 +0000","SKE_P_DEMO","USER","RADX.RADHAKRISHNAN","OKTA_PROVISIONER"
"2021-03-03 17:26:05.365 +0000","SKE_P_DEMO","USER","RALPH.DREILICH","OKTA_PROVISIONER"
"2021-03-03 17:26:07.367 +0000","SKE_P_DEMO","USER","RAMAK.AFLATOONI","OKTA_PROVISIONER"
"2021-03-03 17:25:48.348 +0000","SKE_P_DEMO","USER","RANDY.SEERDEN","OKTA_PROVISIONER"
"2021-03-03 17:26:10.370 +0000","SKE_P_DEMO","USER","RATHEESH.NELLIKAL","OKTA_PROVISIONER"
"2021-03-03 17:26:05.365 +0000","SKE_P_DEMO","USER","RAUL.GONZALEZ","OKTA_PROVISIONER"
"2021-03-03 17:26:07.367 +0000","SKE_P_DEMO","USER","RAVI.KRISHNASWAMI","OKTA_PROVISIONER"
"2021-03-03 17:26:07.367 +0000","SKE_P_DEMO","USER","REDA.BERRADA","OKTA_PROVISIONER"
"2021-03-03 17:25:54.354 +0000","SKE_P_DEMO","USER","RICARDO.ALVAREZ","OKTA_PROVISIONER"
"2021-03-03 17:25:53.353 +0000","SKE_P_DEMO","USER","RICHARD.MORWOOD","OKTA_PROVISIONER"
"2021-03-03 17:26:04.364 +0000","SKE_P_DEMO","USER","RICHARD.MURNANE","OKTA_PROVISIONER"
"2021-03-03 17:26:03.363 +0000","SKE_P_DEMO","USER","ROBERT.TRENKAMP","OKTA_PROVISIONER"
"2021-03-03 17:26:10.370 +0000","SKE_P_DEMO","USER","RYAN.BARNES","OKTA_PROVISIONER"
"2021-03-03 17:25:48.348 +0000","SKE_P_DEMO","USER","SALVADOR.MARTINEZ","OKTA_PROVISIONER"
"2021-03-03 17:26:07.367 +0000","SKE_P_DEMO","USER","SAMIT.JAIN","OKTA_PROVISIONER"
"2021-03-03 17:26:07.367 +0000","SKE_P_DEMO","USER","SANKEY.ALEXANDER","OKTA_PROVISIONER"
"2021-03-03 17:25:48.348 +0000","SKE_P_DEMO","USER","SCOTT.REDDING","OKTA_PROVISIONER"
"2021-03-03 17:25:51.351 +0000","SKE_P_DEMO","USER","SEAN.HICKEY","OKTA_PROVISIONER"
"2021-03-03 17:26:05.365 +0000","SKE_P_DEMO","USER","SHARVAN.KUMAR","OKTA_PROVISIONER"
"2021-03-03 17:26:04.364 +0000","SKE_P_DEMO","USER","SHAWN.RAMSEY","OKTA_PROVISIONER"
"2021-02-26 19:15:37.937 +0000","SKE_P_DEMO","USER","SIMON.COOMBES","OKTA_PROVISIONER"
"2021-03-01 12:43:12.592 +0000","SKE_P_DEMO","ROLE","SKE_P_DDM_HR_CLERK","OKTA_PROVISIONER"
"2021-03-03 17:25:51.351 +0000","SKE_P_DEMO","USER","SUBHASH.BANDLA","OKTA_PROVISIONER"
"2021-03-03 17:25:48.348 +0000","SKE_P_DEMO","USER","SUNNY.MALIK","OKTA_PROVISIONER"
"2021-03-03 17:25:50.350 +0000","SKE_P_DEMO","USER","SURAJ.RAJAN","OKTA_PROVISIONER"
"2021-03-03 17:26:00.360 +0000","SKE_P_DEMO","USER","TED.BRACKIN","OKTA_PROVISIONER"
"2021-03-03 17:26:05.365 +0000","SKE_P_DEMO","USER","TED.READYHOUGH","OKTA_PROVISIONER"
"2021-03-03 17:26:04.364 +0000","SKE_P_DEMO","USER","THOMAS.CHURCHILL","OKTA_PROVISIONER"
"2021-03-03 17:25:47.347 +0000","SKE_P_DEMO","USER","THOMAS.MOORE","OKTA_PROVISIONER"
"2021-03-03 17:25:53.353 +0000","SKE_P_DEMO","USER","TIM.SALCH","OKTA_PROVISIONER"
"2021-03-03 17:26:03.363 +0000","SKE_P_DEMO","USER","TRAVIS.STERNER","OKTA_PROVISIONER"
"2021-03-03 17:26:10.370 +0000","SKE_P_DEMO","USER","UDAY.KALATHIA","OKTA_PROVISIONER"
"2021-03-03 17:26:10.370 +0000","SKE_P_DEMO","USER","UWE.HALBAUER","OKTA_PROVISIONER"
"2021-03-03 17:26:07.367 +0000","SKE_P_DEMO","USER","VINCENT.DELANY","OKTA_PROVISIONER"
"2021-03-03 17:26:07.367 +0000","SKE_P_DEMO","USER","VIVEK.DIWADE","OKTA_PROVISIONER"
"2021-03-03 17:25:51.351 +0000","SKE_P_DEMO","USER","WILL.RILEY","OKTA_PROVISIONER"
"2021-03-03 17:25:53.353 +0000","SKE_P_DEMO","USER","WRAY.FUCCI","OKTA_PROVISIONER"
"2021-03-03 17:26:04.364 +0000","SKE_P_DEMO","USER","YANG.LIU","OKTA_PROVISIONER"
"2021-03-03 17:26:04.364 +0000","SKE_P_DEMO","USER","ZACK.HOWE","OKTA_PROVISIONER"
"2021-03-03 17:26:07.367 +0000","SKE_P_DEMO","USER","ZHENG.LI","OKTA_PROVISIONER"
No data returned, and headers are turned off
"2021-03-01 12:49:12.952 +0000","SOP_P_DDM_ADMIN","ROLE","SYSADMIN","SECURITYADMIN"
"2021-02-27 21:40:42.042 +0000","SOP_P_RBAC_GEN_ADMIN","ROLE","SYSADMIN","SECURITYADMIN"
"2021-02-27 21:40:42.042 +0000","SOP_P_RLS_ADMIN","ROLE","SYSADMIN","SECURITYADMIN"
"2020-10-19 19:09:03.543 +0000","SYSADMIN","ROLE","ACCOUNTADMIN",""
"2021-02-24 13:00:33.633 +0000","SYSADMIN","USER","BMORRISON_SKE","ACCOUNTADMIN"
"2020-10-19 19:18:05.085 +0000","SYSADMIN","USER","EROESCH_SKE","ACCOUNTADMIN"
"2021-03-02 18:01:56.116 +0000","SYSADMIN","USER","JBRODY_SKE",""
"2021-03-02 02:52:01.521 +0000","SYSADMIN","USER","JBRODY_SKE","ACCOUNTADMIN"
"2020-10-19 19:09:03.543 +0000","USERADMIN","ROLE","SECURITYADMIN",""
"2021-02-27 12:04:55.495 +0000","_AC_C_COM_P_UTIL","ROLE","SKE_P_UTIL_ADMIN","SECURITYADMIN"
"2021-02-27 11:55:44.944 +0000","_AC_C_COM_P_UTIL","ROLE","SYSADMIN","SECURITYADMIN"
"2021-02-27 11:47:20.440 +0000","_AC_C_COM_P_UTIL_DB_SCH_BR","ROLE","SYSADMIN","SECURITYADMIN"
"2021-03-01 12:49:15.955 +0000","_AC_C_DOP_P_DEMO_ALERTING","ROLE","DOP_P_ALERTING_ADMIN","SECURITYADMIN"
"2021-02-27 12:04:19.459 +0000","_AC_C_DOP_P_DEMO_ALERTING","ROLE","SYSADMIN","SECURITYADMIN"
"2021-02-27 12:04:53.493 +0000","_AC_C_DOP_P_DEMO_CLOUDWATCH","ROLE","DOP_P_CLOUDWATCH_ADMIN","SECURITYADMIN"
"2021-02-27 12:03:19.399 +0000","_AC_C_DOP_P_DEMO_CLOUDWATCH","ROLE","SYSADMIN","SECURITYADMIN"
"2021-02-25 12:30:45.245 +0000","_AC_C_DOP_P_DEMO_MONITOR","ROLE","DOP_P_MONITOR_ADMIN","SECURITYADMIN"
"2021-02-25 12:15:30.330 +0000","_AC_C_DOP_P_DEMO_MONITOR","ROLE","SYSADMIN","SECURITYADMIN"
"2021-02-27 12:04:54.494 +0000","_AC_C_DSC_P_DEMO_SENTIMENT","ROLE","DSC_P_SENTIMENT_ADMIN","SECURITYADMIN"
"2021-02-27 11:46:28.388 +0000","_AC_C_DSC_P_DEMO_SENTIMENT","ROLE","SYSADMIN","SECURITYADMIN"
"2021-02-27 12:04:54.494 +0000","_AC_C_DSC_P_DEMO_TWITTER","ROLE","DSC_P_TWITTER_ADMIN","SECURITYADMIN"
"2021-02-27 11:46:28.388 +0000","_AC_C_DSC_P_DEMO_TWITTER","ROLE","SYSADMIN","SECURITYADMIN"
"2021-02-27 12:04:54.494 +0000","_AC_C_ENG_P_DEMO_DATAGEN","ROLE","ENG_P_DATAGEN_ADMIN","SECURITYADMIN"
"2021-02-27 11:45:34.334 +0000","_AC_C_ENG_P_DEMO_DATAGEN","ROLE","SYSADMIN","SECURITYADMIN"
"2021-02-27 11:58:08.088 +0000","_AC_C_ENG_P_DEMO_XML_TO_JSON","ROLE","ENG_P_XML_TO_JSON_ADMIN","SECURITYADMIN"
"2021-02-27 11:45:34.334 +0000","_AC_C_ENG_P_DEMO_XML_TO_JSON","ROLE","SYSADMIN","SECURITYADMIN"
"2021-02-27 12:01:01.261 +0000","_AC_C_SKE_P_WRK","ROLE","PST_WORKSPACE","SECURITYADMIN"
"2021-02-23 22:12:50.370 +0000","_AC_C_SKE_P_WRK","ROLE","SYSADMIN","SECURITYADMIN"
"2021-03-01 12:44:18.658 +0000","_AC_C_SOP_P_DEMO_DDM","ROLE","SOP_P_DDM_ADMIN","SECURITYADMIN"
"2021-02-26 20:08:57.137 +0000","_AC_C_SOP_P_DEMO_DDM","ROLE","SYSADMIN","SECURITYADMIN"
"2021-02-26 20:08:57.137 +0000","_AC_C_SOP_P_DEMO_RBAC_GEN","ROLE","SYSADMIN","SECURITYADMIN"
"2021-02-27 21:38:33.913 +0000","_AC_C_SOP_P_DEMO_RLS","ROLE","SOP_P_RLS_ADMIN","SECURITYADMIN"
"2021-02-26 20:08:57.137 +0000","_AC_C_SOP_P_DEMO_RLS","ROLE","SYSADMIN","SECURITYADMIN"
"2021-03-01 12:47:07.827 +0000","_AC_C_SOP_P_MSTR_DDM","ROLE","SYSADMIN","SECURITYADMIN"
"2021-02-25 12:34:04.444 +0000","_AC_O_SKE_P_ADHOC_BIG","ROLE","SYSADMIN","SECURITYADMIN"
"2021-02-25 12:34:05.445 +0000","_AC_O_SKE_P_ADHOC_TINY","ROLE","SYSADMIN","SECURITYADMIN"
"2021-03-01 12:49:23.963 +0000","_AC_O_SKE_P_ELT","ROLE","DOP_P_ALERTING_ADMIN","SECURITYADMIN"
"2021-03-01 12:49:24.964 +0000","_AC_O_SKE_P_ELT","ROLE","DOP_P_CLOUDWATCH_ADMIN","SECURITYADMIN"
"2021-02-25 12:40:26.826 +0000","_AC_O_SKE_P_ELT","ROLE","DOP_P_MONITOR_ADMIN","SECURITYADMIN"
"2021-03-01 12:42:18.538 +0000","_AC_O_SKE_P_ELT","ROLE","DSC_P_SENTIMENT_ADMIN","SECURITYADMIN"
"2021-03-01 12:42:55.575 +0000","_AC_O_SKE_P_ELT","ROLE","DSC_P_TWITTER_ADMIN","SECURITYADMIN"
"2021-03-01 12:36:55.215 +0000","_AC_O_SKE_P_ELT","ROLE","ENG_P_DATAGEN_ADMIN","SECURITYADMIN"
"2021-03-01 12:42:59.579 +0000","_AC_O_SKE_P_ELT","ROLE","ENG_P_XML_TO_JSON_ADMIN","SECURITYADMIN"
"2021-03-01 12:44:59.699 +0000","_AC_O_SKE_P_ELT","ROLE","SOP_P_DDM_ADMIN","SECURITYADMIN"
"2021-02-27 21:40:35.035 +0000","_AC_O_SKE_P_ELT","ROLE","SOP_P_RBAC_GEN_ADMIN","SECURITYADMIN"
"2021-02-27 21:38:33.913 +0000","_AC_O_SKE_P_ELT","ROLE","SOP_P_RLS_ADMIN","SECURITYADMIN"
"2021-02-25 12:34:05.445 +0000","_AC_O_SKE_P_ELT","ROLE","SYSADMIN","SECURITYADMIN"
"2021-02-27 11:55:44.944 +0000","_AC_R_COM_P_UTIL","ROLE","_AC_W_COM_P_UTIL","SECURITYADMIN"
"2021-02-27 11:47:20.440 +0000","_AC_R_COM_P_UTIL_DB_SCH_BR","ROLE","_AC_W_COM_P_UTIL_DB_SCH_BR","SECURITYADMIN"
"2021-03-03 22:43:07.387 +0000","_AC_R_DOP_P_DEMO_ALERTING","ROLE","DOP_P_MONITOR_ADMIN","SECURITYADMIN"
"2021-02-27 12:07:31.651 +0000","_AC_R_DOP_P_DEMO_ALERTING","ROLE","SKE_P_DEMO","SECURITYADMIN"
"2021-02-27 12:04:19.459 +0000","_AC_R_DOP_P_DEMO_ALERTING","ROLE","_AC_W_DOP_P_DEMO_ALERTING","SECURITYADMIN"
"2021-02-27 12:07:31.651 +0000","_AC_R_DOP_P_DEMO_CLOUDWATCH","ROLE","SKE_P_DEMO","SECURITYADMIN"
"2021-02-27 12:03:19.399 +0000","_AC_R_DOP_P_DEMO_CLOUDWATCH","ROLE","_AC_W_DOP_P_DEMO_CLOUDWATCH","SECURITYADMIN"
"2021-02-26 19:22:13.333 +0000","_AC_R_DOP_P_DEMO_MONITOR","ROLE","SKE_P_DEMO","SECURITYADMIN"
"2021-02-25 12:15:30.330 +0000","_AC_R_DOP_P_DEMO_MONITOR","ROLE","_AC_W_DOP_P_DEMO_MONITOR","SECURITYADMIN"
"2021-02-27 12:07:31.651 +0000","_AC_R_DSC_P_DEMO_SENTIMENT","ROLE","SKE_P_DEMO","SECURITYADMIN"
"2021-02-27 11:46:28.388 +0000","_AC_R_DSC_P_DEMO_SENTIMENT","ROLE","_AC_W_DSC_P_DEMO_SENTIMENT","SECURITYADMIN"
"2021-02-27 12:07:31.651 +0000","_AC_R_DSC_P_DEMO_TWITTER","ROLE","SKE_P_DEMO","SECURITYADMIN"
"2021-02-27 11:46:28.388 +0000","_AC_R_DSC_P_DEMO_TWITTER","ROLE","_AC_W_DSC_P_DEMO_TWITTER","SECURITYADMIN"
"2021-02-27 12:07:31.651 +0000","_AC_R_ENG_P_DEMO_DATAGEN","ROLE","SKE_P_DEMO","SECURITYADMIN"
"2021-03-01 01:51:19.479 +0000","_AC_R_ENG_P_DEMO_DATAGEN","ROLE","SOP_P_RLS_ADMIN","SECURITYADMIN"
"2021-02-27 11:45:34.334 +0000","_AC_R_ENG_P_DEMO_DATAGEN","ROLE","_AC_W_ENG_P_DEMO_DATAGEN","SECURITYADMIN"
"2021-02-27 12:07:31.651 +0000","_AC_R_ENG_P_DEMO_XML_TO_JSON","ROLE","SKE_P_DEMO","SECURITYADMIN"
"2021-02-27 11:45:34.334 +0000","_AC_R_ENG_P_DEMO_XML_TO_JSON","ROLE","_AC_W_ENG_P_DEMO_XML_TO_JSON","SECURITYADMIN"
"2021-02-23 22:12:50.370 +0000","_AC_R_SKE_P_WRK","ROLE","_AC_W_SKE_P_WRK","SECURITYADMIN"
"2021-02-26 20:08:58.138 +0000","_AC_R_SOP_P_DEMO_DDM","ROLE","_AC_W_SOP_P_DEMO_DDM","SECURITYADMIN"
"2021-02-26 20:34:52.692 +0000","_AC_R_SOP_P_DEMO_RBAC_GEN","ROLE","SKE_P_DEMO","SECURITYADMIN"
"2021-02-26 20:08:58.138 +0000","_AC_R_SOP_P_DEMO_RBAC_GEN","ROLE","_AC_W_SOP_P_DEMO_RBAC_GEN","SECURITYADMIN"
"2021-02-26 20:34:54.694 +0000","_AC_R_SOP_P_DEMO_RLS","ROLE","SKE_P_DEMO","SECURITYADMIN"
"2021-02-26 20:08:58.138 +0000","_AC_R_SOP_P_DEMO_RLS","ROLE","_AC_W_SOP_P_DEMO_RLS","SECURITYADMIN"
"2021-03-01 12:47:07.827 +0000","_AC_R_SOP_P_MSTR_DDM","ROLE","_AC_W_SOP_P_MSTR_DDM","SECURITYADMIN"
"2021-02-26 20:05:12.912 +0000","_AC_U_SKE_P_ADHOC_BIG","ROLE","SKE_P_DEMO","SECURITYADMIN"
"2021-02-25 12:34:05.445 +0000","_AC_U_SKE_P_ADHOC_BIG","ROLE","_AC_O_SKE_P_ADHOC_BIG","SECURITYADMIN"
"2021-02-26 20:05:18.918 +0000","_AC_U_SKE_P_ADHOC_TINY","ROLE","SKE_P_DEMO","SECURITYADMIN"
"2021-02-25 12:37:32.652 +0000","_AC_U_SKE_P_ADHOC_TINY","ROLE","_AC_O_SKE_P_ADHOC_TINY","SECURITYADMIN"
"2021-02-25 12:37:32.652 +0000","_AC_U_SKE_P_ELT","ROLE","_AC_O_SKE_P_ELT","SECURITYADMIN"
"2021-02-27 11:55:44.944 +0000","_AC_W_COM_P_UTIL","ROLE","_AC_C_COM_P_UTIL","SECURITYADMIN"
"2021-02-27 11:47:20.440 +0000","_AC_W_COM_P_UTIL_DB_SCH_BR","ROLE","_AC_C_COM_P_UTIL_DB_SCH_BR","SECURITYADMIN"
"2021-02-27 12:04:19.459 +0000","_AC_W_DOP_P_DEMO_ALERTING","ROLE","_AC_C_DOP_P_DEMO_ALERTING","SECURITYADMIN"
"2021-02-27 12:03:19.399 +0000","_AC_W_DOP_P_DEMO_CLOUDWATCH","ROLE","_AC_C_DOP_P_DEMO_CLOUDWATCH","SECURITYADMIN"
"2021-02-25 12:15:30.330 +0000","_AC_W_DOP_P_DEMO_MONITOR","ROLE","_AC_C_DOP_P_DEMO_MONITOR","SECURITYADMIN"
"2021-02-27 11:46:28.388 +0000","_AC_W_DSC_P_DEMO_SENTIMENT","ROLE","_AC_C_DSC_P_DEMO_SENTIMENT","SECURITYADMIN"
"2021-02-27 11:46:29.389 +0000","_AC_W_DSC_P_DEMO_TWITTER","ROLE","_AC_C_DSC_P_DEMO_TWITTER","SECURITYADMIN"
"2021-02-27 11:45:34.334 +0000","_AC_W_ENG_P_DEMO_DATAGEN","ROLE","_AC_C_ENG_P_DEMO_DATAGEN","SECURITYADMIN"
"2021-02-27 11:45:35.335 +0000","_AC_W_ENG_P_DEMO_XML_TO_JSON","ROLE","_AC_C_ENG_P_DEMO_XML_TO_JSON","SECURITYADMIN"
"2021-02-23 22:12:50.370 +0000","_AC_W_SKE_P_WRK","ROLE","_AC_C_SKE_P_WRK","SECURITYADMIN"
"2021-02-26 20:08:58.138 +0000","_AC_W_SOP_P_DEMO_DDM","ROLE","_AC_C_SOP_P_DEMO_DDM","SECURITYADMIN"
"2021-02-26 20:08:58.138 +0000","_AC_W_SOP_P_DEMO_RBAC_GEN","ROLE","_AC_C_SOP_P_DEMO_RBAC_GEN","SECURITYADMIN"
"2021-02-26 20:08:58.138 +0000","_AC_W_SOP_P_DEMO_RLS","ROLE","_AC_C_SOP_P_DEMO_RLS","SECURITYADMIN"
"2021-03-01 12:47:07.827 +0000","_AC_W_SOP_P_MSTR_DDM","ROLE","_AC_C_SOP_P_MSTR_DDM","SECURITYADMIN"
"2021-02-25 12:40:26.826 +0000","_AC_X_TASK_ADMIN","ROLE","DOP_P_MONITOR_ADMIN","SECURITYADMIN"
"2021-02-27 12:04:55.495 +0000","_AC_X_TASK_ADMIN","ROLE","SKE_P_UTIL_ADMIN","SECURITYADMIN"
"2021-02-24 16:12:30.150 +0000","_AC_X_TASK_ADMIN","ROLE","SYSADMIN","SECURITYADMIN"
No data returned, and headers are turned off
No data returned, and headers are turned off
No data returned, and headers are turned off
"2021-03-01 03:50:39.639 +0000","_RS_SOP_RLS_MKTSEGMENT_FURNITURE","USER","EROESCH_SKE","SECURITYADMIN"
No data returned, and headers are turned off
No data returned, and headers are turned off
"2021-03-01 02:05:49.349 +0000","_RS_SOP_RLS_REGION_EAST","USER","EROESCH_SKE","SECURITYADMIN"
"2021-02-28 16:22:47.367 +0000","_RS_SOP_RLS_REGION_EAST","ROLE","_RS_SOP_RLS_REGION_USA","SECURITYADMIN"
"2021-02-28 16:22:47.367 +0000","_RS_SOP_RLS_REGION_MIDWEST","ROLE","_RS_SOP_RLS_REGION_WEST","SECURITYADMIN"
"2021-02-28 16:22:46.366 +0000","_RS_SOP_RLS_REGION_NORTHEAST","ROLE","_RS_SOP_RLS_REGION_EAST","SECURITYADMIN"
"2021-02-28 16:22:46.366 +0000","_RS_SOP_RLS_REGION_SOUTH","ROLE","_RS_SOP_RLS_REGION_EAST","SECURITYADMIN"
"2021-02-28 16:22:47.367 +0000","_RS_SOP_RLS_REGION_SOUTHWEST","ROLE","_RS_SOP_RLS_REGION_WEST","SECURITYADMIN"
No data returned, and headers are turned off
"2021-02-28 16:22:47.367 +0000","_RS_SOP_RLS_REGION_WEST","ROLE","_RS_SOP_RLS_REGION_USA","SECURITYADMIN"
