"created_on","privilege","granted_on","name","granted_to","grantee_name","grant_option","granted_by"
"2021-03-01 12:42:15.535 +0000","OWNERSHIP","ROLE","DOP_P_ALERTING_ADMIN","ROLE","SECURITYADMIN","true","SECURITYADMIN"
"2021-03-01 12:49:03.943 +0000","USAGE","ROLE","DOP_P_ALERTING_ADMIN","ROLE","SYSADMIN","false","SECURITYADMIN"
"2021-02-27 12:01:01.261 +0000","OWNERSHIP","ROLE","DOP_P_CLOUDWATCH_ADMIN","ROLE","SECURITYADMIN","true","SECURITYADMIN"
"2021-02-27 21:39:34.974 +0000","USAGE","ROLE","DOP_P_CLOUDWATCH_ADMIN","ROLE","SYSADMIN","false","SECURITYADMIN"
"2021-02-25 12:30:45.245 +0000","OWNERSHIP","ROLE","DOP_P_MONITOR_ADMIN","ROLE","SECURITYADMIN","true","SECURITYADMIN"
"2021-02-25 13:02:19.139 +0000","USAGE","ROLE","DOP_P_MONITOR_ADMIN","ROLE","SYSADMIN","false","SECURITYADMIN"
"2021-02-27 12:04:53.493 +0000","OWNERSHIP","ROLE","DSC_P_SENTIMENT_ADMIN","ROLE","SECURITYADMIN","true","SECURITYADMIN"
"2021-03-01 12:49:08.948 +0000","USAGE","ROLE","DSC_P_SENTIMENT_ADMIN","ROLE","SYSADMIN","false","SECURITYADMIN"
"2021-02-27 12:04:54.494 +0000","OWNERSHIP","ROLE","DSC_P_TWITTER_ADMIN","ROLE","SECURITYADMIN","true","SECURITYADMIN"
"2021-03-01 12:49:09.949 +0000","USAGE","ROLE","DSC_P_TWITTER_ADMIN","ROLE","SYSADMIN","false","SECURITYADMIN"
"2021-02-27 12:04:54.494 +0000","OWNERSHIP","ROLE","ENG_P_DATAGEN_ADMIN","ROLE","SECURITYADMIN","true","SECURITYADMIN"
"2021-03-01 12:49:10.950 +0000","USAGE","ROLE","ENG_P_DATAGEN_ADMIN","ROLE","SYSADMIN","false","SECURITYADMIN"
"2021-02-27 11:58:08.088 +0000","OWNERSHIP","ROLE","ENG_P_XML_TO_JSON_ADMIN","ROLE","SECURITYADMIN","true","SECURITYADMIN"
"2021-02-27 12:01:01.261 +0000","USAGE","ROLE","ENG_P_XML_TO_JSON_ADMIN","ROLE","SYSADMIN","false","SECURITYADMIN"
"2021-02-26 18:51:02.462 +0000","OWNERSHIP","ROLE","OKTA_PROVISIONER","ROLE","ACCOUNTADMIN","true","ACCOUNTADMIN"
"2021-02-26 18:51:03.463 +0000","USAGE","ROLE","OKTA_PROVISIONER","ROLE","ACCOUNTADMIN","false","ACCOUNTADMIN"
No data returned, and headers are turned off
"2021-02-27 12:00:59.259 +0000","OWNERSHIP","ROLE","PST_WORKSPACE","ROLE","SECURITYADMIN","true","SECURITYADMIN"
No data returned, and headers are turned off
"2020-10-19 19:09:03.543 +0000","USAGE","ROLE","SECURITYADMIN","ROLE","ACCOUNTADMIN","true",""
"2021-03-01 12:36:55.215 +0000","OWNERSHIP","ROLE","SKE_P_DDM_HR_CLERK","ROLE","SECURITYADMIN","true","SECURITYADMIN"
"2021-03-01 12:41:32.492 +0000","USAGE","ROLE","SKE_P_DDM_HR_CLERK","ROLE","SKE_P_DDM_HR_MGR","false","SECURITYADMIN"
"2021-03-01 12:40:21.421 +0000","OWNERSHIP","ROLE","SKE_P_DDM_HR_MGR","ROLE","SECURITYADMIN","true","SECURITYADMIN"
"2021-02-26 19:09:30.570 +0000","OWNERSHIP","ROLE","SKE_P_DEMO","ROLE","OKTA_PROVISIONER","true","OKTA_PROVISIONER"
"2021-02-27 12:01:00.260 +0000","USAGE","ROLE","SKE_P_DEMO","ROLE","PST_WORKSPACE","false","OKTA_PROVISIONER"
"2021-03-01 12:43:12.592 +0000","USAGE","ROLE","SKE_P_DEMO","ROLE","SKE_P_DDM_HR_CLERK","false","OKTA_PROVISIONER"
"2021-02-27 12:04:55.495 +0000","OWNERSHIP","ROLE","SKE_P_UTIL_ADMIN","ROLE","SECURITYADMIN","true","SECURITYADMIN"
"2021-03-01 12:43:37.617 +0000","OWNERSHIP","ROLE","SOP_P_DDM_ADMIN","ROLE","SECURITYADMIN","true","SECURITYADMIN"
"2021-03-01 12:49:12.952 +0000","USAGE","ROLE","SOP_P_DDM_ADMIN","ROLE","SYSADMIN","false","SECURITYADMIN"
"2021-02-27 21:40:34.034 +0000","OWNERSHIP","ROLE","SOP_P_RBAC_GEN_ADMIN","ROLE","SECURITYADMIN","true","SECURITYADMIN"
"2021-02-27 21:40:42.042 +0000","USAGE","ROLE","SOP_P_RBAC_GEN_ADMIN","ROLE","SYSADMIN","false","SECURITYADMIN"
"2021-02-27 21:38:33.913 +0000","OWNERSHIP","ROLE","SOP_P_RLS_ADMIN","ROLE","SECURITYADMIN","true","SECURITYADMIN"
"2021-02-27 21:40:42.042 +0000","USAGE","ROLE","SOP_P_RLS_ADMIN","ROLE","SYSADMIN","false","SECURITYADMIN"
"2020-10-19 19:09:03.543 +0000","USAGE","ROLE","SYSADMIN","ROLE","ACCOUNTADMIN","true",""
"2020-10-19 19:09:03.543 +0000","USAGE","ROLE","USERADMIN","ROLE","SECURITYADMIN","true",""
"2021-02-27 11:55:43.943 +0000","OWNERSHIP","ROLE","_AC_C_COM_P_UTIL","ROLE","SECURITYADMIN","true","SECURITYADMIN"
"2021-02-27 12:04:55.495 +0000","USAGE","ROLE","_AC_C_COM_P_UTIL","ROLE","SKE_P_UTIL_ADMIN","false","SECURITYADMIN"
"2021-02-27 11:55:44.944 +0000","USAGE","ROLE","_AC_C_COM_P_UTIL","ROLE","SYSADMIN","false","SECURITYADMIN"
"2021-02-27 11:47:19.439 +0000","OWNERSHIP","ROLE","_AC_C_COM_P_UTIL_DB_SCH_BR","ROLE","SECURITYADMIN","true","SECURITYADMIN"
"2021-02-27 11:47:20.440 +0000","USAGE","ROLE","_AC_C_COM_P_UTIL_DB_SCH_BR","ROLE","SYSADMIN","false","SECURITYADMIN"
"2021-03-01 12:49:15.955 +0000","USAGE","ROLE","_AC_C_DOP_P_DEMO_ALERTING","ROLE","DOP_P_ALERTING_ADMIN","false","SECURITYADMIN"
"2021-02-27 12:04:18.458 +0000","OWNERSHIP","ROLE","_AC_C_DOP_P_DEMO_ALERTING","ROLE","SECURITYADMIN","true","SECURITYADMIN"
"2021-02-27 12:04:19.459 +0000","USAGE","ROLE","_AC_C_DOP_P_DEMO_ALERTING","ROLE","SYSADMIN","false","SECURITYADMIN"
"2021-02-27 12:04:53.493 +0000","USAGE","ROLE","_AC_C_DOP_P_DEMO_CLOUDWATCH","ROLE","DOP_P_CLOUDWATCH_ADMIN","false","SECURITYADMIN"
"2021-02-27 12:03:18.398 +0000","OWNERSHIP","ROLE","_AC_C_DOP_P_DEMO_CLOUDWATCH","ROLE","SECURITYADMIN","true","SECURITYADMIN"
"2021-02-27 12:03:19.399 +0000","USAGE","ROLE","_AC_C_DOP_P_DEMO_CLOUDWATCH","ROLE","SYSADMIN","false","SECURITYADMIN"
"2021-02-25 12:30:45.245 +0000","USAGE","ROLE","_AC_C_DOP_P_DEMO_MONITOR","ROLE","DOP_P_MONITOR_ADMIN","false","SECURITYADMIN"
"2021-02-25 12:15:30.330 +0000","OWNERSHIP","ROLE","_AC_C_DOP_P_DEMO_MONITOR","ROLE","SECURITYADMIN","true","SECURITYADMIN"
"2021-02-25 12:15:30.330 +0000","USAGE","ROLE","_AC_C_DOP_P_DEMO_MONITOR","ROLE","SYSADMIN","false","SECURITYADMIN"
"2021-02-27 12:04:54.494 +0000","USAGE","ROLE","_AC_C_DSC_P_DEMO_SENTIMENT","ROLE","DSC_P_SENTIMENT_ADMIN","false","SECURITYADMIN"
"2021-02-27 11:46:27.387 +0000","OWNERSHIP","ROLE","_AC_C_DSC_P_DEMO_SENTIMENT","ROLE","SECURITYADMIN","true","SECURITYADMIN"
"2021-02-27 11:46:28.388 +0000","USAGE","ROLE","_AC_C_DSC_P_DEMO_SENTIMENT","ROLE","SYSADMIN","false","SECURITYADMIN"
"2021-02-27 12:04:54.494 +0000","USAGE","ROLE","_AC_C_DSC_P_DEMO_TWITTER","ROLE","DSC_P_TWITTER_ADMIN","false","SECURITYADMIN"
"2021-02-27 11:46:27.387 +0000","OWNERSHIP","ROLE","_AC_C_DSC_P_DEMO_TWITTER","ROLE","SECURITYADMIN","true","SECURITYADMIN"
"2021-02-27 11:46:28.388 +0000","USAGE","ROLE","_AC_C_DSC_P_DEMO_TWITTER","ROLE","SYSADMIN","false","SECURITYADMIN"
"2021-02-27 12:04:54.494 +0000","USAGE","ROLE","_AC_C_ENG_P_DEMO_DATAGEN","ROLE","ENG_P_DATAGEN_ADMIN","false","SECURITYADMIN"
"2021-02-27 11:45:33.333 +0000","OWNERSHIP","ROLE","_AC_C_ENG_P_DEMO_DATAGEN","ROLE","SECURITYADMIN","true","SECURITYADMIN"
"2021-02-27 11:45:34.334 +0000","USAGE","ROLE","_AC_C_ENG_P_DEMO_DATAGEN","ROLE","SYSADMIN","false","SECURITYADMIN"
"2021-02-27 11:58:08.088 +0000","USAGE","ROLE","_AC_C_ENG_P_DEMO_XML_TO_JSON","ROLE","ENG_P_XML_TO_JSON_ADMIN","false","SECURITYADMIN"
"2021-02-27 11:45:33.333 +0000","OWNERSHIP","ROLE","_AC_C_ENG_P_DEMO_XML_TO_JSON","ROLE","SECURITYADMIN","true","SECURITYADMIN"
"2021-02-27 11:45:34.334 +0000","USAGE","ROLE","_AC_C_ENG_P_DEMO_XML_TO_JSON","ROLE","SYSADMIN","false","SECURITYADMIN"
"2021-02-27 12:01:01.261 +0000","USAGE","ROLE","_AC_C_SKE_P_WRK","ROLE","PST_WORKSPACE","false","SECURITYADMIN"
"2021-02-23 22:12:50.370 +0000","OWNERSHIP","ROLE","_AC_C_SKE_P_WRK","ROLE","SECURITYADMIN","true","SECURITYADMIN"
"2021-02-23 22:12:50.370 +0000","USAGE","ROLE","_AC_C_SKE_P_WRK","ROLE","SYSADMIN","false","SECURITYADMIN"
"2021-02-26 20:08:55.135 +0000","OWNERSHIP","ROLE","_AC_C_SOP_P_DEMO_DDM","ROLE","SECURITYADMIN","true","SECURITYADMIN"
"2021-03-01 12:44:18.658 +0000","USAGE","ROLE","_AC_C_SOP_P_DEMO_DDM","ROLE","SOP_P_DDM_ADMIN","false","SECURITYADMIN"
"2021-02-26 20:08:57.137 +0000","USAGE","ROLE","_AC_C_SOP_P_DEMO_DDM","ROLE","SYSADMIN","false","SECURITYADMIN"
"2021-02-26 20:08:55.135 +0000","OWNERSHIP","ROLE","_AC_C_SOP_P_DEMO_RBAC_GEN","ROLE","SECURITYADMIN","true","SECURITYADMIN"
"2021-02-26 20:08:57.137 +0000","USAGE","ROLE","_AC_C_SOP_P_DEMO_RBAC_GEN","ROLE","SYSADMIN","false","SECURITYADMIN"
"2021-02-26 20:08:55.135 +0000","OWNERSHIP","ROLE","_AC_C_SOP_P_DEMO_RLS","ROLE","SECURITYADMIN","true","SECURITYADMIN"
"2021-02-27 21:38:33.913 +0000","USAGE","ROLE","_AC_C_SOP_P_DEMO_RLS","ROLE","SOP_P_RLS_ADMIN","false","SECURITYADMIN"
"2021-02-26 20:08:57.137 +0000","USAGE","ROLE","_AC_C_SOP_P_DEMO_RLS","ROLE","SYSADMIN","false","SECURITYADMIN"
"2021-03-01 12:47:06.826 +0000","OWNERSHIP","ROLE","_AC_C_SOP_P_MSTR_DDM","ROLE","SECURITYADMIN","true","SECURITYADMIN"
"2021-03-01 12:47:07.827 +0000","USAGE","ROLE","_AC_C_SOP_P_MSTR_DDM","ROLE","SYSADMIN","false","SECURITYADMIN"
"2021-02-25 12:34:03.443 +0000","OWNERSHIP","ROLE","_AC_O_SKE_P_ADHOC_BIG","ROLE","SECURITYADMIN","true","SECURITYADMIN"
"2021-02-25 12:34:04.444 +0000","USAGE","ROLE","_AC_O_SKE_P_ADHOC_BIG","ROLE","SYSADMIN","false","SECURITYADMIN"
"2021-02-25 12:34:03.443 +0000","OWNERSHIP","ROLE","_AC_O_SKE_P_ADHOC_TINY","ROLE","SECURITYADMIN","true","SECURITYADMIN"
"2021-02-25 12:34:05.445 +0000","USAGE","ROLE","_AC_O_SKE_P_ADHOC_TINY","ROLE","SYSADMIN","false","SECURITYADMIN"
"2021-03-01 12:49:23.963 +0000","USAGE","ROLE","_AC_O_SKE_P_ELT","ROLE","DOP_P_ALERTING_ADMIN","false","SECURITYADMIN"
"2021-03-01 12:49:24.964 +0000","USAGE","ROLE","_AC_O_SKE_P_ELT","ROLE","DOP_P_CLOUDWATCH_ADMIN","false","SECURITYADMIN"
"2021-02-25 12:40:26.826 +0000","USAGE","ROLE","_AC_O_SKE_P_ELT","ROLE","DOP_P_MONITOR_ADMIN","false","SECURITYADMIN"
"2021-03-01 12:42:18.538 +0000","USAGE","ROLE","_AC_O_SKE_P_ELT","ROLE","DSC_P_SENTIMENT_ADMIN","false","SECURITYADMIN"
"2021-03-01 12:42:55.575 +0000","USAGE","ROLE","_AC_O_SKE_P_ELT","ROLE","DSC_P_TWITTER_ADMIN","false","SECURITYADMIN"
"2021-03-01 12:36:55.215 +0000","USAGE","ROLE","_AC_O_SKE_P_ELT","ROLE","ENG_P_DATAGEN_ADMIN","false","SECURITYADMIN"
"2021-03-01 12:42:59.579 +0000","USAGE","ROLE","_AC_O_SKE_P_ELT","ROLE","ENG_P_XML_TO_JSON_ADMIN","false","SECURITYADMIN"
"2021-02-25 12:34:04.444 +0000","OWNERSHIP","ROLE","_AC_O_SKE_P_ELT","ROLE","SECURITYADMIN","true","SECURITYADMIN"
"2021-03-01 12:44:59.699 +0000","USAGE","ROLE","_AC_O_SKE_P_ELT","ROLE","SOP_P_DDM_ADMIN","false","SECURITYADMIN"
"2021-02-27 21:40:35.035 +0000","USAGE","ROLE","_AC_O_SKE_P_ELT","ROLE","SOP_P_RBAC_GEN_ADMIN","false","SECURITYADMIN"
"2021-02-27 21:38:33.913 +0000","USAGE","ROLE","_AC_O_SKE_P_ELT","ROLE","SOP_P_RLS_ADMIN","false","SECURITYADMIN"
"2021-02-25 12:34:05.445 +0000","USAGE","ROLE","_AC_O_SKE_P_ELT","ROLE","SYSADMIN","false","SECURITYADMIN"
"2021-02-27 11:55:43.943 +0000","OWNERSHIP","ROLE","_AC_R_COM_P_UTIL","ROLE","SECURITYADMIN","true","SECURITYADMIN"
"2021-02-27 11:55:44.944 +0000","USAGE","ROLE","_AC_R_COM_P_UTIL","ROLE","_AC_W_COM_P_UTIL","false","SECURITYADMIN"
"2021-02-27 11:47:19.439 +0000","OWNERSHIP","ROLE","_AC_R_COM_P_UTIL_DB_SCH_BR","ROLE","SECURITYADMIN","true","SECURITYADMIN"
"2021-02-27 11:47:20.440 +0000","USAGE","ROLE","_AC_R_COM_P_UTIL_DB_SCH_BR","ROLE","_AC_W_COM_P_UTIL_DB_SCH_BR","false","SECURITYADMIN"
"2021-03-03 22:43:07.387 +0000","USAGE","ROLE","_AC_R_DOP_P_DEMO_ALERTING","ROLE","DOP_P_MONITOR_ADMIN","false","SECURITYADMIN"
"2021-02-27 12:04:18.458 +0000","OWNERSHIP","ROLE","_AC_R_DOP_P_DEMO_ALERTING","ROLE","SECURITYADMIN","true","SECURITYADMIN"
"2021-02-27 12:07:31.651 +0000","USAGE","ROLE","_AC_R_DOP_P_DEMO_ALERTING","ROLE","SKE_P_DEMO","false","SECURITYADMIN"
"2021-02-27 12:04:19.459 +0000","USAGE","ROLE","_AC_R_DOP_P_DEMO_ALERTING","ROLE","_AC_W_DOP_P_DEMO_ALERTING","false","SECURITYADMIN"
"2021-02-27 12:03:19.399 +0000","OWNERSHIP","ROLE","_AC_R_DOP_P_DEMO_CLOUDWATCH","ROLE","SECURITYADMIN","true","SECURITYADMIN"
"2021-02-27 12:07:31.651 +0000","USAGE","ROLE","_AC_R_DOP_P_DEMO_CLOUDWATCH","ROLE","SKE_P_DEMO","false","SECURITYADMIN"
"2021-02-27 12:03:19.399 +0000","USAGE","ROLE","_AC_R_DOP_P_DEMO_CLOUDWATCH","ROLE","_AC_W_DOP_P_DEMO_CLOUDWATCH","false","SECURITYADMIN"
"2021-02-25 12:15:29.329 +0000","OWNERSHIP","ROLE","_AC_R_DOP_P_DEMO_MONITOR","ROLE","SECURITYADMIN","true","SECURITYADMIN"
"2021-02-26 19:22:13.333 +0000","USAGE","ROLE","_AC_R_DOP_P_DEMO_MONITOR","ROLE","SKE_P_DEMO","false","SECURITYADMIN"
"2021-02-25 12:15:30.330 +0000","USAGE","ROLE","_AC_R_DOP_P_DEMO_MONITOR","ROLE","_AC_W_DOP_P_DEMO_MONITOR","false","SECURITYADMIN"
"2021-02-27 11:46:27.387 +0000","OWNERSHIP","ROLE","_AC_R_DSC_P_DEMO_SENTIMENT","ROLE","SECURITYADMIN","true","SECURITYADMIN"
"2021-02-27 12:07:31.651 +0000","USAGE","ROLE","_AC_R_DSC_P_DEMO_SENTIMENT","ROLE","SKE_P_DEMO","false","SECURITYADMIN"
"2021-02-27 11:46:28.388 +0000","USAGE","ROLE","_AC_R_DSC_P_DEMO_SENTIMENT","ROLE","_AC_W_DSC_P_DEMO_SENTIMENT","false","SECURITYADMIN"
"2021-02-27 11:46:27.387 +0000","OWNERSHIP","ROLE","_AC_R_DSC_P_DEMO_TWITTER","ROLE","SECURITYADMIN","true","SECURITYADMIN"
"2021-02-27 12:07:31.651 +0000","USAGE","ROLE","_AC_R_DSC_P_DEMO_TWITTER","ROLE","SKE_P_DEMO","false","SECURITYADMIN"
"2021-02-27 11:46:28.388 +0000","USAGE","ROLE","_AC_R_DSC_P_DEMO_TWITTER","ROLE","_AC_W_DSC_P_DEMO_TWITTER","false","SECURITYADMIN"
"2021-02-27 11:45:33.333 +0000","OWNERSHIP","ROLE","_AC_R_ENG_P_DEMO_DATAGEN","ROLE","SECURITYADMIN","true","SECURITYADMIN"
"2021-02-27 12:07:31.651 +0000","USAGE","ROLE","_AC_R_ENG_P_DEMO_DATAGEN","ROLE","SKE_P_DEMO","false","SECURITYADMIN"
"2021-03-01 01:51:19.479 +0000","USAGE","ROLE","_AC_R_ENG_P_DEMO_DATAGEN","ROLE","SOP_P_RLS_ADMIN","false","SECURITYADMIN"
"2021-02-27 11:45:34.334 +0000","USAGE","ROLE","_AC_R_ENG_P_DEMO_DATAGEN","ROLE","_AC_W_ENG_P_DEMO_DATAGEN","false","SECURITYADMIN"
"2021-02-27 11:45:33.333 +0000","OWNERSHIP","ROLE","_AC_R_ENG_P_DEMO_XML_TO_JSON","ROLE","SECURITYADMIN","true","SECURITYADMIN"
"2021-02-27 12:07:31.651 +0000","USAGE","ROLE","_AC_R_ENG_P_DEMO_XML_TO_JSON","ROLE","SKE_P_DEMO","false","SECURITYADMIN"
"2021-02-27 11:45:34.334 +0000","USAGE","ROLE","_AC_R_ENG_P_DEMO_XML_TO_JSON","ROLE","_AC_W_ENG_P_DEMO_XML_TO_JSON","false","SECURITYADMIN"
"2021-02-23 22:12:50.370 +0000","OWNERSHIP","ROLE","_AC_R_SKE_P_WRK","ROLE","SECURITYADMIN","true","SECURITYADMIN"
"2021-02-23 22:12:50.370 +0000","USAGE","ROLE","_AC_R_SKE_P_WRK","ROLE","_AC_W_SKE_P_WRK","false","SECURITYADMIN"
"2021-02-26 20:08:55.135 +0000","OWNERSHIP","ROLE","_AC_R_SOP_P_DEMO_DDM","ROLE","SECURITYADMIN","true","SECURITYADMIN"
"2021-02-26 20:08:58.138 +0000","USAGE","ROLE","_AC_R_SOP_P_DEMO_DDM","ROLE","_AC_W_SOP_P_DEMO_DDM","false","SECURITYADMIN"
"2021-02-26 20:08:56.136 +0000","OWNERSHIP","ROLE","_AC_R_SOP_P_DEMO_RBAC_GEN","ROLE","SECURITYADMIN","true","SECURITYADMIN"
"2021-02-26 20:34:52.692 +0000","USAGE","ROLE","_AC_R_SOP_P_DEMO_RBAC_GEN","ROLE","SKE_P_DEMO","false","SECURITYADMIN"
"2021-02-26 20:08:58.138 +0000","USAGE","ROLE","_AC_R_SOP_P_DEMO_RBAC_GEN","ROLE","_AC_W_SOP_P_DEMO_RBAC_GEN","false","SECURITYADMIN"
"2021-02-26 20:08:56.136 +0000","OWNERSHIP","ROLE","_AC_R_SOP_P_DEMO_RLS","ROLE","SECURITYADMIN","true","SECURITYADMIN"
"2021-02-26 20:34:54.694 +0000","USAGE","ROLE","_AC_R_SOP_P_DEMO_RLS","ROLE","SKE_P_DEMO","false","SECURITYADMIN"
"2021-02-26 20:08:58.138 +0000","USAGE","ROLE","_AC_R_SOP_P_DEMO_RLS","ROLE","_AC_W_SOP_P_DEMO_RLS","false","SECURITYADMIN"
"2021-03-01 12:47:07.827 +0000","OWNERSHIP","ROLE","_AC_R_SOP_P_MSTR_DDM","ROLE","SECURITYADMIN","true","SECURITYADMIN"
"2021-03-01 12:47:07.827 +0000","USAGE","ROLE","_AC_R_SOP_P_MSTR_DDM","ROLE","_AC_W_SOP_P_MSTR_DDM","false","SECURITYADMIN"
"2021-02-25 12:34:04.444 +0000","OWNERSHIP","ROLE","_AC_U_SKE_P_ADHOC_BIG","ROLE","SECURITYADMIN","true","SECURITYADMIN"
"2021-02-26 20:05:12.912 +0000","USAGE","ROLE","_AC_U_SKE_P_ADHOC_BIG","ROLE","SKE_P_DEMO","false","SECURITYADMIN"
"2021-02-25 12:34:05.445 +0000","USAGE","ROLE","_AC_U_SKE_P_ADHOC_BIG","ROLE","_AC_O_SKE_P_ADHOC_BIG","false","SECURITYADMIN"
"2021-02-25 12:34:04.444 +0000","OWNERSHIP","ROLE","_AC_U_SKE_P_ADHOC_TINY","ROLE","SECURITYADMIN","true","SECURITYADMIN"
"2021-02-26 20:05:18.918 +0000","USAGE","ROLE","_AC_U_SKE_P_ADHOC_TINY","ROLE","SKE_P_DEMO","false","SECURITYADMIN"
"2021-02-25 12:37:32.652 +0000","USAGE","ROLE","_AC_U_SKE_P_ADHOC_TINY","ROLE","_AC_O_SKE_P_ADHOC_TINY","false","SECURITYADMIN"
"2021-02-25 12:34:04.444 +0000","OWNERSHIP","ROLE","_AC_U_SKE_P_ELT","ROLE","SECURITYADMIN","true","SECURITYADMIN"
"2021-02-25 12:37:32.652 +0000","USAGE","ROLE","_AC_U_SKE_P_ELT","ROLE","_AC_O_SKE_P_ELT","false","SECURITYADMIN"
"2021-02-27 11:55:44.944 +0000","OWNERSHIP","ROLE","_AC_W_COM_P_UTIL","ROLE","SECURITYADMIN","true","SECURITYADMIN"
"2021-02-27 11:55:44.944 +0000","USAGE","ROLE","_AC_W_COM_P_UTIL","ROLE","_AC_C_COM_P_UTIL","false","SECURITYADMIN"
"2021-02-27 11:47:20.440 +0000","OWNERSHIP","ROLE","_AC_W_COM_P_UTIL_DB_SCH_BR","ROLE","SECURITYADMIN","true","SECURITYADMIN"
"2021-02-27 11:47:20.440 +0000","USAGE","ROLE","_AC_W_COM_P_UTIL_DB_SCH_BR","ROLE","_AC_C_COM_P_UTIL_DB_SCH_BR","false","SECURITYADMIN"
"2021-02-27 12:04:19.459 +0000","OWNERSHIP","ROLE","_AC_W_DOP_P_DEMO_ALERTING","ROLE","SECURITYADMIN","true","SECURITYADMIN"
"2021-02-27 12:04:19.459 +0000","USAGE","ROLE","_AC_W_DOP_P_DEMO_ALERTING","ROLE","_AC_C_DOP_P_DEMO_ALERTING","false","SECURITYADMIN"
"2021-02-27 12:03:19.399 +0000","OWNERSHIP","ROLE","_AC_W_DOP_P_DEMO_CLOUDWATCH","ROLE","SECURITYADMIN","true","SECURITYADMIN"
"2021-02-27 12:03:19.399 +0000","USAGE","ROLE","_AC_W_DOP_P_DEMO_CLOUDWATCH","ROLE","_AC_C_DOP_P_DEMO_CLOUDWATCH","false","SECURITYADMIN"
"2021-02-25 12:15:29.329 +0000","OWNERSHIP","ROLE","_AC_W_DOP_P_DEMO_MONITOR","ROLE","SECURITYADMIN","true","SECURITYADMIN"
"2021-02-25 12:15:30.330 +0000","USAGE","ROLE","_AC_W_DOP_P_DEMO_MONITOR","ROLE","_AC_C_DOP_P_DEMO_MONITOR","false","SECURITYADMIN"
"2021-02-27 11:46:27.387 +0000","OWNERSHIP","ROLE","_AC_W_DSC_P_DEMO_SENTIMENT","ROLE","SECURITYADMIN","true","SECURITYADMIN"
"2021-02-27 11:46:28.388 +0000","USAGE","ROLE","_AC_W_DSC_P_DEMO_SENTIMENT","ROLE","_AC_C_DSC_P_DEMO_SENTIMENT","false","SECURITYADMIN"
"2021-02-27 11:46:28.388 +0000","OWNERSHIP","ROLE","_AC_W_DSC_P_DEMO_TWITTER","ROLE","SECURITYADMIN","true","SECURITYADMIN"
"2021-02-27 11:46:29.389 +0000","USAGE","ROLE","_AC_W_DSC_P_DEMO_TWITTER","ROLE","_AC_C_DSC_P_DEMO_TWITTER","false","SECURITYADMIN"
"2021-02-27 11:45:33.333 +0000","OWNERSHIP","ROLE","_AC_W_ENG_P_DEMO_DATAGEN","ROLE","SECURITYADMIN","true","SECURITYADMIN"
"2021-02-27 11:45:34.334 +0000","USAGE","ROLE","_AC_W_ENG_P_DEMO_DATAGEN","ROLE","_AC_C_ENG_P_DEMO_DATAGEN","false","SECURITYADMIN"
"2021-02-27 11:45:34.334 +0000","OWNERSHIP","ROLE","_AC_W_ENG_P_DEMO_XML_TO_JSON","ROLE","SECURITYADMIN","true","SECURITYADMIN"
"2021-02-27 11:45:35.335 +0000","USAGE","ROLE","_AC_W_ENG_P_DEMO_XML_TO_JSON","ROLE","_AC_C_ENG_P_DEMO_XML_TO_JSON","false","SECURITYADMIN"
"2021-02-23 22:12:50.370 +0000","OWNERSHIP","ROLE","_AC_W_SKE_P_WRK","ROLE","SECURITYADMIN","true","SECURITYADMIN"
"2021-02-23 22:12:50.370 +0000","USAGE","ROLE","_AC_W_SKE_P_WRK","ROLE","_AC_C_SKE_P_WRK","false","SECURITYADMIN"
"2021-02-26 20:08:56.136 +0000","OWNERSHIP","ROLE","_AC_W_SOP_P_DEMO_DDM","ROLE","SECURITYADMIN","true","SECURITYADMIN"
"2021-02-26 20:08:58.138 +0000","USAGE","ROLE","_AC_W_SOP_P_DEMO_DDM","ROLE","_AC_C_SOP_P_DEMO_DDM","false","SECURITYADMIN"
"2021-02-26 20:08:57.137 +0000","OWNERSHIP","ROLE","_AC_W_SOP_P_DEMO_RBAC_GEN","ROLE","SECURITYADMIN","true","SECURITYADMIN"
"2021-02-26 20:08:58.138 +0000","USAGE","ROLE","_AC_W_SOP_P_DEMO_RBAC_GEN","ROLE","_AC_C_SOP_P_DEMO_RBAC_GEN","false","SECURITYADMIN"
"2021-02-26 20:08:57.137 +0000","OWNERSHIP","ROLE","_AC_W_SOP_P_DEMO_RLS","ROLE","SECURITYADMIN","true","SECURITYADMIN"
"2021-02-26 20:08:58.138 +0000","USAGE","ROLE","_AC_W_SOP_P_DEMO_RLS","ROLE","_AC_C_SOP_P_DEMO_RLS","false","SECURITYADMIN"
"2021-03-01 12:47:07.827 +0000","OWNERSHIP","ROLE","_AC_W_SOP_P_MSTR_DDM","ROLE","SECURITYADMIN","true","SECURITYADMIN"
"2021-03-01 12:47:07.827 +0000","USAGE","ROLE","_AC_W_SOP_P_MSTR_DDM","ROLE","_AC_C_SOP_P_MSTR_DDM","false","SECURITYADMIN"
"2021-02-25 12:40:26.826 +0000","USAGE","ROLE","_AC_X_TASK_ADMIN","ROLE","DOP_P_MONITOR_ADMIN","false","SECURITYADMIN"
"2021-02-24 16:12:22.142 +0000","OWNERSHIP","ROLE","_AC_X_TASK_ADMIN","ROLE","SECURITYADMIN","true","SECURITYADMIN"
"2021-02-27 12:04:55.495 +0000","USAGE","ROLE","_AC_X_TASK_ADMIN","ROLE","SKE_P_UTIL_ADMIN","false","SECURITYADMIN"
"2021-02-24 16:12:30.150 +0000","USAGE","ROLE","_AC_X_TASK_ADMIN","ROLE","SYSADMIN","false","SECURITYADMIN"
"2021-03-01 13:10:36.236 +0000","OWNERSHIP","ROLE","_CS_SOP_RLS_DDM_EMPLOYEE_PII","ROLE","SECURITYADMIN","true","SECURITYADMIN"
"2021-02-28 16:22:49.369 +0000","OWNERSHIP","ROLE","_RS_SOP_RLS_MKTSEGMENT_AUTOMOBILE","ROLE","SECURITYADMIN","true","SECURITYADMIN"
"2021-02-28 16:22:48.368 +0000","OWNERSHIP","ROLE","_RS_SOP_RLS_MKTSEGMENT_BUILDING","ROLE","SECURITYADMIN","true","SECURITYADMIN"
"2021-02-28 16:22:48.368 +0000","OWNERSHIP","ROLE","_RS_SOP_RLS_MKTSEGMENT_FURNITURE","ROLE","SECURITYADMIN","true","SECURITYADMIN"
"2021-02-28 16:22:48.368 +0000","OWNERSHIP","ROLE","_RS_SOP_RLS_MKTSEGMENT_HOUSEHOLD","ROLE","SECURITYADMIN","true","SECURITYADMIN"
"2021-02-28 16:22:48.368 +0000","OWNERSHIP","ROLE","_RS_SOP_RLS_MKTSEGMENT_MACHINERY","ROLE","SECURITYADMIN","true","SECURITYADMIN"
"2021-02-28 16:22:45.365 +0000","OWNERSHIP","ROLE","_RS_SOP_RLS_REGION_EAST","ROLE","SECURITYADMIN","true","SECURITYADMIN"
"2021-02-28 16:22:47.367 +0000","USAGE","ROLE","_RS_SOP_RLS_REGION_EAST","ROLE","_RS_SOP_RLS_REGION_USA","false","SECURITYADMIN"
"2021-02-28 16:22:45.365 +0000","OWNERSHIP","ROLE","_RS_SOP_RLS_REGION_MIDWEST","ROLE","SECURITYADMIN","true","SECURITYADMIN"
"2021-02-28 16:22:47.367 +0000","USAGE","ROLE","_RS_SOP_RLS_REGION_MIDWEST","ROLE","_RS_SOP_RLS_REGION_WEST","false","SECURITYADMIN"
"2021-02-28 16:22:44.364 +0000","OWNERSHIP","ROLE","_RS_SOP_RLS_REGION_NORTHEAST","ROLE","SECURITYADMIN","true","SECURITYADMIN"
"2021-02-28 16:22:46.366 +0000","USAGE","ROLE","_RS_SOP_RLS_REGION_NORTHEAST","ROLE","_RS_SOP_RLS_REGION_EAST","false","SECURITYADMIN"
"2021-02-28 16:22:45.365 +0000","OWNERSHIP","ROLE","_RS_SOP_RLS_REGION_SOUTH","ROLE","SECURITYADMIN","true","SECURITYADMIN"
"2021-02-28 16:22:46.366 +0000","USAGE","ROLE","_RS_SOP_RLS_REGION_SOUTH","ROLE","_RS_SOP_RLS_REGION_EAST","false","SECURITYADMIN"
"2021-02-28 16:22:45.365 +0000","OWNERSHIP","ROLE","_RS_SOP_RLS_REGION_SOUTHWEST","ROLE","SECURITYADMIN","true","SECURITYADMIN"
"2021-02-28 16:22:47.367 +0000","USAGE","ROLE","_RS_SOP_RLS_REGION_SOUTHWEST","ROLE","_RS_SOP_RLS_REGION_WEST","false","SECURITYADMIN"
"2021-02-28 16:22:46.366 +0000","OWNERSHIP","ROLE","_RS_SOP_RLS_REGION_USA","ROLE","SECURITYADMIN","true","SECURITYADMIN"
"2021-02-28 16:22:46.366 +0000","OWNERSHIP","ROLE","_RS_SOP_RLS_REGION_WEST","ROLE","SECURITYADMIN","true","SECURITYADMIN"
"2021-02-28 16:22:47.367 +0000","USAGE","ROLE","_RS_SOP_RLS_REGION_WEST","ROLE","_RS_SOP_RLS_REGION_USA","false","SECURITYADMIN"
