StepName,StepID,Connection,Account,NumEntities,StartTime,EndTime,Duration,DurationMS,JobFileName
ExtractCurrentContext,100,,,0,2021-03-03T17:12:37.4342724-08:00,2021-03-03T17:13:08.7769975-08:00,00:00:31.3416830,31341,C:\snowflake\GrantReport\Reports\ske\Snowflake.GrantReport.json
ExtractUsersRolesGrants,101,,,0,2021-03-03T17:13:08.8729339-08:00,2021-03-03T17:15:28.6910534-08:00,00:02:19.8175746,139817,C:\snowflake\GrantReport\Reports\ske\Snowflake.GrantReport.json
IndexUserDetails,200,,,0,2021-03-03T17:15:28.7268655-08:00,2021-03-03T17:15:28.7337098-08:00,00:00:00.0056796,5,C:\snowflake\GrantReport\Reports\ske\Snowflake.GrantReport.json
IndexGrantDetails,201,,,0,2021-03-03T17:15:28.7565466-08:00,2021-03-03T17:15:29.3359429-08:00,00:00:00.5788592,578,C:\snowflake\GrantReport\Reports\ske\Snowflake.GrantReport.json
IndexRoleAndGrantHierarchy,203,,,0,2021-03-03T17:15:29.3672515-08:00,2021-03-03T17:15:31.7733274-08:00,00:00:02.4051292,2405,C:\snowflake\GrantReport\Reports\ske\Snowflake.GrantReport.json
ReportUserRoleGrantsTable,300,,,0,2021-03-03T17:15:31.7934711-08:00,2021-03-03T17:15:33.6717066-08:00,00:00:01.8775812,1877,C:\snowflake\GrantReport\Reports\ske\Snowflake.GrantReport.json
ReportUserRoleGrantHierarchyGraphViz,301,,,0,2021-03-03T17:15:33.6961251-08:00,2021-03-03T17:16:17.5438346-08:00,00:00:43.8469821,43846,C:\snowflake\GrantReport\Reports\ske\Snowflake.GrantReport.json
