ObjectType,ObjectName,GrantedTo,DBName,SchemaName,EntityName,OWNERSHIP,USAGE,CREATE EXTERNAL TABLE,CREATE FILE FORMAT,CREATE FUNCTION,CREATE MASKING POLICY,CREATE MATERIALIZED VIEW,CREATE PIPE,CREATE PROCEDURE,CREATE SEQUENCE,CREATE STAGE,CREATE STREAM,CREATE TABLE,CREATE TASK,CREATE VIEW,MONITOR
SCHEMA,DOP_P_DEMO.ALERTING,_AC_C_DOP_P_DEMO_ALERTING,DOP_P_DEMO,ALERTING,ALERTING,,,X,X,X,X,X,X,X,X,X,X,X,X,X,
SCHEMA,DOP_P_DEMO.ALERTING,_AC_R_DOP_P_DEMO_ALERTING,DOP_P_DEMO,ALERTING,ALERTING,,X,,,,,,,,,,,,,,X
SCHEMA,DOP_P_DEMO.ALERTING,DOP_P_ALERTING_ADMIN,DOP_P_DEMO,ALERTING,ALERTING,,X,,,,,,,,,,,,,,
SCHEMA,DOP_P_DEMO.ALERTING,SYSADMIN,DOP_P_DEMO,ALERTING,ALERTING,X+,,,,,,,,,,,,,,,
SCHEMA,DOP_P_DEMO.MONITOR,_AC_C_DOP_P_DEMO_MONITOR,DOP_P_DEMO,MONITOR,MONITOR,,,,,X,X,X,,X,X,,X,X,X,X,
SCHEMA,DOP_P_DEMO.MONITOR,_AC_R_DOP_P_DEMO_MONITOR,DOP_P_DEMO,MONITOR,MONITOR,,X,,,,,,,,,,,,,,X
SCHEMA,DOP_P_DEMO.MONITOR,DOP_P_MONITOR_ADMIN,DOP_P_DEMO,MONITOR,MONITOR,X+,,,,,,,,,,,,,,,
SCHEMA,DSC_P_DEMO.SENTIMENT,_AC_C_DSC_P_DEMO_SENTIMENT,DSC_P_DEMO,SENTIMENT,SENTIMENT,,,,,X,X,,,,,,,X,,X,
SCHEMA,DSC_P_DEMO.SENTIMENT,_AC_R_DSC_P_DEMO_SENTIMENT,DSC_P_DEMO,SENTIMENT,SENTIMENT,,X,,,,,,,,,,,,,,X
SCHEMA,DSC_P_DEMO.SENTIMENT,SYSADMIN,DSC_P_DEMO,SENTIMENT,SENTIMENT,X+,,,,,,,,,,,,,,,
SCHEMA,DSC_P_DEMO.TWITTER,_AC_C_DSC_P_DEMO_TWITTER,DSC_P_DEMO,TWITTER,TWITTER,,,,,X,X,,,,,,,X,,X,
SCHEMA,DSC_P_DEMO.TWITTER,_AC_R_DSC_P_DEMO_TWITTER,DSC_P_DEMO,TWITTER,TWITTER,,X,,,,,,,,,,,,,,X
SCHEMA,DSC_P_DEMO.TWITTER,SYSADMIN,DSC_P_DEMO,TWITTER,TWITTER,X+,,,,,,,,,,,,,,,
SCHEMA,ENG_P_DEMO.DATAGEN,_AC_C_ENG_P_DEMO_DATAGEN,ENG_P_DEMO,DATAGEN,DATAGEN,,,,,X,X,,,,,,,X,,X,
SCHEMA,ENG_P_DEMO.DATAGEN,_AC_R_ENG_P_DEMO_DATAGEN,ENG_P_DEMO,DATAGEN,DATAGEN,,X,,,,,,,,,,,,,,X
SCHEMA,ENG_P_DEMO.DATAGEN,SYSADMIN,ENG_P_DEMO,DATAGEN,DATAGEN,X+,,,,,,,,,,,,,,,
SCHEMA,ENG_P_DEMO.XML_TO_JSON,_AC_C_ENG_P_DEMO_XML_TO_JSON,ENG_P_DEMO,XML_TO_JSON,XML_TO_JSON,,,,,X,X,,,,,,,X,,X,
SCHEMA,ENG_P_DEMO.XML_TO_JSON,_AC_R_ENG_P_DEMO_XML_TO_JSON,ENG_P_DEMO,XML_TO_JSON,XML_TO_JSON,,X,,,,,,,,,,,,,,X
SCHEMA,ENG_P_DEMO.XML_TO_JSON,SYSADMIN,ENG_P_DEMO,XML_TO_JSON,XML_TO_JSON,X+,,,,,,,,,,,,,,,
SCHEMA,SNOWFLAKE_SAMPLE_DATA.TPCDS_SF100TCL,ACCOUNTADMIN,SNOWFLAKE_SAMPLE_DATA,TPCDS_SF100TCL,TPCDS_SF100TCL,,X,,,,,,,,,,,,,,
SCHEMA,SNOWFLAKE_SAMPLE_DATA.TPCDS_SF100TCL,PUBLIC,SNOWFLAKE_SAMPLE_DATA,TPCDS_SF100TCL,TPCDS_SF100TCL,,X,,,,,,,,,,,,,,
SCHEMA,SNOWFLAKE_SAMPLE_DATA.TPCDS_SF10TCL,ACCOUNTADMIN,SNOWFLAKE_SAMPLE_DATA,TPCDS_SF10TCL,TPCDS_SF10TCL,,X,,,,,,,,,,,,,,
SCHEMA,SNOWFLAKE_SAMPLE_DATA.TPCDS_SF10TCL,PUBLIC,SNOWFLAKE_SAMPLE_DATA,TPCDS_SF10TCL,TPCDS_SF10TCL,,X,,,,,,,,,,,,,,
SCHEMA,SNOWFLAKE_SAMPLE_DATA.TPCH_SF001,ACCOUNTADMIN,SNOWFLAKE_SAMPLE_DATA,TPCH_SF001,TPCH_SF001,,X,,,,,,,,,,,,,,
SCHEMA,SNOWFLAKE_SAMPLE_DATA.TPCH_SF001,PUBLIC,SNOWFLAKE_SAMPLE_DATA,TPCH_SF001,TPCH_SF001,,X,,,,,,,,,,,,,,
SCHEMA,SNOWFLAKE_SAMPLE_DATA.TPCH_SF1,ACCOUNTADMIN,SNOWFLAKE_SAMPLE_DATA,TPCH_SF1,TPCH_SF1,,X,,,,,,,,,,,,,,
SCHEMA,SNOWFLAKE_SAMPLE_DATA.TPCH_SF1,PUBLIC,SNOWFLAKE_SAMPLE_DATA,TPCH_SF1,TPCH_SF1,,X,,,,,,,,,,,,,,
SCHEMA,SNOWFLAKE_SAMPLE_DATA.TPCH_SF10,ACCOUNTADMIN,SNOWFLAKE_SAMPLE_DATA,TPCH_SF10,TPCH_SF10,,X,,,,,,,,,,,,,,
SCHEMA,SNOWFLAKE_SAMPLE_DATA.TPCH_SF10,PUBLIC,SNOWFLAKE_SAMPLE_DATA,TPCH_SF10,TPCH_SF10,,X,,,,,,,,,,,,,,
SCHEMA,SNOWFLAKE_SAMPLE_DATA.TPCH_SF100,ACCOUNTADMIN,SNOWFLAKE_SAMPLE_DATA,TPCH_SF100,TPCH_SF100,,X,,,,,,,,,,,,,,
SCHEMA,SNOWFLAKE_SAMPLE_DATA.TPCH_SF100,PUBLIC,SNOWFLAKE_SAMPLE_DATA,TPCH_SF100,TPCH_SF100,,X,,,,,,,,,,,,,,
SCHEMA,SNOWFLAKE_SAMPLE_DATA.TPCH_SF1000,ACCOUNTADMIN,SNOWFLAKE_SAMPLE_DATA,TPCH_SF1000,TPCH_SF1000,,X,,,,,,,,,,,,,,
SCHEMA,SNOWFLAKE_SAMPLE_DATA.TPCH_SF1000,PUBLIC,SNOWFLAKE_SAMPLE_DATA,TPCH_SF1000,TPCH_SF1000,,X,,,,,,,,,,,,,,
SCHEMA,SNOWFLAKE_SAMPLE_DATA.TPCH_SF10000,ACCOUNTADMIN,SNOWFLAKE_SAMPLE_DATA,TPCH_SF10000,TPCH_SF10000,,X,,,,,,,,,,,,,,
SCHEMA,SNOWFLAKE_SAMPLE_DATA.TPCH_SF10000,PUBLIC,SNOWFLAKE_SAMPLE_DATA,TPCH_SF10000,TPCH_SF10000,,X,,,,,,,,,,,,,,
SCHEMA,SOP_P_DEMO.RBAC_GEN,_AC_C_SOP_P_DEMO_RBAC_GEN,SOP_P_DEMO,RBAC_GEN,RBAC_GEN,,,,,X,X,X,,X,X,,X,X,X,X,
SCHEMA,SOP_P_DEMO.RBAC_GEN,_AC_R_SOP_P_DEMO_RBAC_GEN,SOP_P_DEMO,RBAC_GEN,RBAC_GEN,,X,,,,,,,,,,,,,,X
SCHEMA,SOP_P_DEMO.RBAC_GEN,SYSADMIN,SOP_P_DEMO,RBAC_GEN,RBAC_GEN,X+,,,,,,,,,,,,,,,
SCHEMA,SOP_P_DEMO.RLS,_AC_C_SOP_P_DEMO_RLS,SOP_P_DEMO,RLS,RLS,,,,,X,X,,,,,,,X,,X,
SCHEMA,SOP_P_DEMO.RLS,_AC_R_SOP_P_DEMO_RLS,SOP_P_DEMO,RLS,RLS,,X,,,,,,,,,,,,,,X
SCHEMA,SOP_P_DEMO.RLS,SYSADMIN,SOP_P_DEMO,RLS,RLS,X+,,,,,,,,,,,,,,,
