Privilege,ObjectType,ObjectName,GrantedTo,DBName,SchemaName,EntityName,GrantedBy,WithGrantOption,CreatedOn,CreatedOnUTC
MODIFY,WAREHOUSE,SKE_P_ADHOC_BIG,_AC_O_SKE_P_ADHOC_BIG,,,SKE_P_ADHOC_BIG,SYSADMIN,False,2021-02-25T04:37:32.6520000-08:00,2021-02-25T12:37:32.6520000Z
OPERATE,WAREHOUSE,SKE_P_ADHOC_BIG,_AC_O_SKE_P_ADHOC_BIG,,,SKE_P_ADHOC_BIG,SYSADMIN,False,2021-02-25T04:37:32.6520000-08:00,2021-02-25T12:37:32.6520000Z
MONITOR,WAREHOUSE,SKE_P_ADHOC_BIG,_AC_U_SKE_P_ADHOC_BIG,,,SKE_P_ADHOC_BIG,SYSADMIN,False,2021-02-25T04:37:33.6530000-08:00,2021-02-25T12:37:33.6530000Z
USAGE,WAREHOUSE,SKE_P_ADHOC_BIG,_AC_U_SKE_P_ADHOC_BIG,,,SKE_P_ADHOC_BIG,SYSADMIN,False,2021-02-25T04:37:33.6530000-08:00,2021-02-25T12:37:33.6530000Z
OWNERSHIP,WAREHOUSE,SKE_P_ADHOC_BIG,SYSADMIN,,,SKE_P_ADHOC_BIG,SYSADMIN,True,2020-10-21T05:12:02.3220000-07:00,2020-10-21T12:12:02.3220000Z
MODIFY,WAREHOUSE,SKE_P_ADHOC_TINY,_AC_O_SKE_P_ADHOC_TINY,,,SKE_P_ADHOC_TINY,SYSADMIN,False,2021-02-25T04:37:32.6520000-08:00,2021-02-25T12:37:32.6520000Z
OPERATE,WAREHOUSE,SKE_P_ADHOC_TINY,_AC_O_SKE_P_ADHOC_TINY,,,SKE_P_ADHOC_TINY,SYSADMIN,False,2021-02-25T04:37:33.6530000-08:00,2021-02-25T12:37:33.6530000Z
MONITOR,WAREHOUSE,SKE_P_ADHOC_TINY,_AC_U_SKE_P_ADHOC_TINY,,,SKE_P_ADHOC_TINY,SYSADMIN,False,2021-02-25T04:37:33.6530000-08:00,2021-02-25T12:37:33.6530000Z
USAGE,WAREHOUSE,SKE_P_ADHOC_TINY,_AC_U_SKE_P_ADHOC_TINY,,,SKE_P_ADHOC_TINY,SYSADMIN,False,2021-02-25T04:37:33.6530000-08:00,2021-02-25T12:37:33.6530000Z
OWNERSHIP,WAREHOUSE,SKE_P_ADHOC_TINY,SYSADMIN,,,SKE_P_ADHOC_TINY,SYSADMIN,True,2020-10-21T05:11:31.2910000-07:00,2020-10-21T12:11:31.2910000Z
