ObjectType,ObjectName,GrantedTo,DBName,SchemaName,EntityName,OWNERSHIP,USAGE
FUNCTION,"DOP_P_DEMO.ALERTING.""SEND_ALERT(SUBJECT VARCHAR, BODYCONTENT VARCHAR, DELIVERYCHANNEL VARCHAR, ADDRESS VARCHAR, ACTION_URL VARCHAR):VARIANT""",_AC_R_DOP_P_DEMO_ALERTING,DOP_P_DEMO,ALERTING,"SEND_ALERT(SUBJECT VARCHAR, BODYCONTENT VARCHAR, DELIVERYCHANNEL VARCHAR, ADDRESS VARCHAR, ACTION_URL VARCHAR):VARIANT",,X
FUNCTION,"DOP_P_DEMO.ALERTING.""SEND_ALERT(SUBJECT VARCHAR, BODYCONTENT VARCHAR, DELIVERYCHANNEL VARCHAR, ADDRESS VARCHAR, ACTION_URL VARCHAR):VARIANT""",DOP_P_ALERTING_ADMIN,DOP_P_DEMO,ALERTING,"SEND_ALERT(SUBJECT VARCHAR, BODYCONTENT VARCHAR, DELIVERYCHANNEL VARCHAR, ADDRESS VARCHAR, ACTION_URL VARCHAR):VARIANT",X+,
FUNCTION,"DOP_P_DEMO.MONITOR.""SAU_ACCT_NETWORK_POLICY_CHG_FN(P_LOOKBACK_DAY VARCHAR, P_MAX_TS VARCHAR):TABLE: (ROW_CNT NUMBER, MAX_TS TIMESTAMP_LTZ, RESULT_ARR ARRAY)""",_AC_R_DOP_P_DEMO_MONITOR,DOP_P_DEMO,MONITOR,"SAU_ACCT_NETWORK_POLICY_CHG_FN(P_LOOKBACK_DAY VARCHAR, P_MAX_TS VARCHAR):TABLE: (ROW_CNT NUMBER, MAX_TS TIMESTAMP_LTZ, RESULT_ARR ARRAY)",,X
FUNCTION,"DOP_P_DEMO.MONITOR.""SAU_ACCT_NETWORK_POLICY_CHG_FN(P_LOOKBACK_DAY VARCHAR, P_MAX_TS VARCHAR):TABLE: (ROW_CNT NUMBER, MAX_TS TIMESTAMP_LTZ, RESULT_ARR ARRAY)""",DOP_P_MONITOR_ADMIN,DOP_P_DEMO,MONITOR,"SAU_ACCT_NETWORK_POLICY_CHG_FN(P_LOOKBACK_DAY VARCHAR, P_MAX_TS VARCHAR):TABLE: (ROW_CNT NUMBER, MAX_TS TIMESTAMP_LTZ, RESULT_ARR ARRAY)",X+,
FUNCTION,"DOP_P_DEMO.MONITOR.""SAU_ADMN_ACCTADMIN_ACTIVITY_FN(P_MAX_TS VARCHAR):TABLE: (ROW_CNT NUMBER, MAX_TS TIMESTAMP_LTZ, RESULT_ARR ARRAY)""",_AC_R_DOP_P_DEMO_MONITOR,DOP_P_DEMO,MONITOR,"SAU_ADMN_ACCTADMIN_ACTIVITY_FN(P_MAX_TS VARCHAR):TABLE: (ROW_CNT NUMBER, MAX_TS TIMESTAMP_LTZ, RESULT_ARR ARRAY)",,X
FUNCTION,"DOP_P_DEMO.MONITOR.""SAU_ADMN_ACCTADMIN_ACTIVITY_FN(P_MAX_TS VARCHAR):TABLE: (ROW_CNT NUMBER, MAX_TS TIMESTAMP_LTZ, RESULT_ARR ARRAY)""",DOP_P_MONITOR_ADMIN,DOP_P_DEMO,MONITOR,"SAU_ADMN_ACCTADMIN_ACTIVITY_FN(P_MAX_TS VARCHAR):TABLE: (ROW_CNT NUMBER, MAX_TS TIMESTAMP_LTZ, RESULT_ARR ARRAY)",X+,
FUNCTION,"DOP_P_DEMO.MONITOR.""SAU_ADMN_GRANTED_ADMIN_FN(P_MAX_TS VARCHAR):TABLE: (ROW_CNT NUMBER, MAX_TS TIMESTAMP_LTZ, RESULT_ARR ARRAY)""",_AC_R_DOP_P_DEMO_MONITOR,DOP_P_DEMO,MONITOR,"SAU_ADMN_GRANTED_ADMIN_FN(P_MAX_TS VARCHAR):TABLE: (ROW_CNT NUMBER, MAX_TS TIMESTAMP_LTZ, RESULT_ARR ARRAY)",,X
FUNCTION,"DOP_P_DEMO.MONITOR.""SAU_ADMN_GRANTED_ADMIN_FN(P_MAX_TS VARCHAR):TABLE: (ROW_CNT NUMBER, MAX_TS TIMESTAMP_LTZ, RESULT_ARR ARRAY)""",DOP_P_MONITOR_ADMIN,DOP_P_DEMO,MONITOR,"SAU_ADMN_GRANTED_ADMIN_FN(P_MAX_TS VARCHAR):TABLE: (ROW_CNT NUMBER, MAX_TS TIMESTAMP_LTZ, RESULT_ARR ARRAY)",X+,
FUNCTION,"DOP_P_DEMO.MONITOR.""SAU_ADMN_SECADMIN_ACTIVITY_FN(P_MAX_TS VARCHAR):TABLE: (ROW_CNT NUMBER, MAX_TS TIMESTAMP_LTZ, RESULT_ARR ARRAY)""",_AC_R_DOP_P_DEMO_MONITOR,DOP_P_DEMO,MONITOR,"SAU_ADMN_SECADMIN_ACTIVITY_FN(P_MAX_TS VARCHAR):TABLE: (ROW_CNT NUMBER, MAX_TS TIMESTAMP_LTZ, RESULT_ARR ARRAY)",,X
FUNCTION,"DOP_P_DEMO.MONITOR.""SAU_ADMN_SECADMIN_ACTIVITY_FN(P_MAX_TS VARCHAR):TABLE: (ROW_CNT NUMBER, MAX_TS TIMESTAMP_LTZ, RESULT_ARR ARRAY)""",DOP_P_MONITOR_ADMIN,DOP_P_DEMO,MONITOR,"SAU_ADMN_SECADMIN_ACTIVITY_FN(P_MAX_TS VARCHAR):TABLE: (ROW_CNT NUMBER, MAX_TS TIMESTAMP_LTZ, RESULT_ARR ARRAY)",X+,
FUNCTION,"DOP_P_DEMO.MONITOR.""SAU_ADMN_SYSADMIN_ACTIVITY_FN(P_MAX_TS VARCHAR):TABLE: (ROW_CNT NUMBER, MAX_TS TIMESTAMP_LTZ, RESULT_ARR ARRAY)""",_AC_R_DOP_P_DEMO_MONITOR,DOP_P_DEMO,MONITOR,"SAU_ADMN_SYSADMIN_ACTIVITY_FN(P_MAX_TS VARCHAR):TABLE: (ROW_CNT NUMBER, MAX_TS TIMESTAMP_LTZ, RESULT_ARR ARRAY)",,X
FUNCTION,"DOP_P_DEMO.MONITOR.""SAU_ADMN_SYSADMIN_ACTIVITY_FN(P_MAX_TS VARCHAR):TABLE: (ROW_CNT NUMBER, MAX_TS TIMESTAMP_LTZ, RESULT_ARR ARRAY)""",DOP_P_MONITOR_ADMIN,DOP_P_DEMO,MONITOR,"SAU_ADMN_SYSADMIN_ACTIVITY_FN(P_MAX_TS VARCHAR):TABLE: (ROW_CNT NUMBER, MAX_TS TIMESTAMP_LTZ, RESULT_ARR ARRAY)",X+,
FUNCTION,"DOP_P_DEMO.MONITOR.""SAU_ADMN_USER_CREATION_FN(P_MAX_TS VARCHAR):TABLE: (ROW_CNT NUMBER, MAX_TS TIMESTAMP_LTZ, RESULT_ARR ARRAY)""",_AC_R_DOP_P_DEMO_MONITOR,DOP_P_DEMO,MONITOR,"SAU_ADMN_USER_CREATION_FN(P_MAX_TS VARCHAR):TABLE: (ROW_CNT NUMBER, MAX_TS TIMESTAMP_LTZ, RESULT_ARR ARRAY)",,X
FUNCTION,"DOP_P_DEMO.MONITOR.""SAU_ADMN_USER_CREATION_FN(P_MAX_TS VARCHAR):TABLE: (ROW_CNT NUMBER, MAX_TS TIMESTAMP_LTZ, RESULT_ARR ARRAY)""",DOP_P_MONITOR_ADMIN,DOP_P_DEMO,MONITOR,"SAU_ADMN_USER_CREATION_FN(P_MAX_TS VARCHAR):TABLE: (ROW_CNT NUMBER, MAX_TS TIMESTAMP_LTZ, RESULT_ARR ARRAY)",X+,
FUNCTION,"DOP_P_DEMO.MONITOR.""SAU_AQRY_DATA_UNLOAD_FN(P_LOOKBACK_DAY VARCHAR, P_MAX_TS VARCHAR):TABLE: (ROW_CNT NUMBER, MAX_TS TIMESTAMP_LTZ, RESULT_ARR ARRAY)""",_AC_R_DOP_P_DEMO_MONITOR,DOP_P_DEMO,MONITOR,"SAU_AQRY_DATA_UNLOAD_FN(P_LOOKBACK_DAY VARCHAR, P_MAX_TS VARCHAR):TABLE: (ROW_CNT NUMBER, MAX_TS TIMESTAMP_LTZ, RESULT_ARR ARRAY)",,X
FUNCTION,"DOP_P_DEMO.MONITOR.""SAU_AQRY_DATA_UNLOAD_FN(P_LOOKBACK_DAY VARCHAR, P_MAX_TS VARCHAR):TABLE: (ROW_CNT NUMBER, MAX_TS TIMESTAMP_LTZ, RESULT_ARR ARRAY)""",DOP_P_MONITOR_ADMIN,DOP_P_DEMO,MONITOR,"SAU_AQRY_DATA_UNLOAD_FN(P_LOOKBACK_DAY VARCHAR, P_MAX_TS VARCHAR):TABLE: (ROW_CNT NUMBER, MAX_TS TIMESTAMP_LTZ, RESULT_ARR ARRAY)",X+,
FUNCTION,"DOP_P_DEMO.MONITOR.""SAU_AQRY_DATA_UNLOAD_FN(P_ROWS_UNLOADED VARCHAR, P_LOOKBACK_DAY VARCHAR, P_MAX_TS VARCHAR):TABLE: (ROW_CNT NUMBER, MAX_TS TIMESTAMP_LTZ, RESULT_ARR ARRAY)""",_AC_R_DOP_P_DEMO_MONITOR,DOP_P_DEMO,MONITOR,"SAU_AQRY_DATA_UNLOAD_FN(P_ROWS_UNLOADED VARCHAR, P_LOOKBACK_DAY VARCHAR, P_MAX_TS VARCHAR):TABLE: (ROW_CNT NUMBER, MAX_TS TIMESTAMP_LTZ, RESULT_ARR ARRAY)",,X
FUNCTION,"DOP_P_DEMO.MONITOR.""SAU_AQRY_DATA_UNLOAD_FN(P_ROWS_UNLOADED VARCHAR, P_LOOKBACK_DAY VARCHAR, P_MAX_TS VARCHAR):TABLE: (ROW_CNT NUMBER, MAX_TS TIMESTAMP_LTZ, RESULT_ARR ARRAY)""",DOP_P_MONITOR_ADMIN,DOP_P_DEMO,MONITOR,"SAU_AQRY_DATA_UNLOAD_FN(P_ROWS_UNLOADED VARCHAR, P_LOOKBACK_DAY VARCHAR, P_MAX_TS VARCHAR):TABLE: (ROW_CNT NUMBER, MAX_TS TIMESTAMP_LTZ, RESULT_ARR ARRAY)",X+,
FUNCTION,"DOP_P_DEMO.MONITOR.""SAU_AQRY_LONG_ELAPSED_FN(P_ELAPSED_SEC VARCHAR, P_LOOKBACK_DAY VARCHAR, P_MAX_TS VARCHAR):TABLE: (ROW_CNT NUMBER, MAX_TS TIMESTAMP_LTZ, RESULT_ARR ARRAY)""",_AC_R_DOP_P_DEMO_MONITOR,DOP_P_DEMO,MONITOR,"SAU_AQRY_LONG_ELAPSED_FN(P_ELAPSED_SEC VARCHAR, P_LOOKBACK_DAY VARCHAR, P_MAX_TS VARCHAR):TABLE: (ROW_CNT NUMBER, MAX_TS TIMESTAMP_LTZ, RESULT_ARR ARRAY)",,X
FUNCTION,"DOP_P_DEMO.MONITOR.""SAU_AQRY_LONG_ELAPSED_FN(P_ELAPSED_SEC VARCHAR, P_LOOKBACK_DAY VARCHAR, P_MAX_TS VARCHAR):TABLE: (ROW_CNT NUMBER, MAX_TS TIMESTAMP_LTZ, RESULT_ARR ARRAY)""",DOP_P_MONITOR_ADMIN,DOP_P_DEMO,MONITOR,"SAU_AQRY_LONG_ELAPSED_FN(P_ELAPSED_SEC VARCHAR, P_LOOKBACK_DAY VARCHAR, P_MAX_TS VARCHAR):TABLE: (ROW_CNT NUMBER, MAX_TS TIMESTAMP_LTZ, RESULT_ARR ARRAY)",X+,
FUNCTION,"DOP_P_DEMO.MONITOR.""SAU_SVLS_AUTOCLUSTER_CREDITS_FN(P_CREDITS_USED VARCHAR, P_VARIANCE_PCT VARCHAR, P_MAX_TS VARCHAR):TABLE: (ROW_CNT NUMBER, MAX_TS TIMESTAMP_LTZ, RESULT_ARR ARRAY)""",_AC_R_DOP_P_DEMO_MONITOR,DOP_P_DEMO,MONITOR,"SAU_SVLS_AUTOCLUSTER_CREDITS_FN(P_CREDITS_USED VARCHAR, P_VARIANCE_PCT VARCHAR, P_MAX_TS VARCHAR):TABLE: (ROW_CNT NUMBER, MAX_TS TIMESTAMP_LTZ, RESULT_ARR ARRAY)",,X
FUNCTION,"DOP_P_DEMO.MONITOR.""SAU_SVLS_AUTOCLUSTER_CREDITS_FN(P_CREDITS_USED VARCHAR, P_VARIANCE_PCT VARCHAR, P_MAX_TS VARCHAR):TABLE: (ROW_CNT NUMBER, MAX_TS TIMESTAMP_LTZ, RESULT_ARR ARRAY)""",DOP_P_MONITOR_ADMIN,DOP_P_DEMO,MONITOR,"SAU_SVLS_AUTOCLUSTER_CREDITS_FN(P_CREDITS_USED VARCHAR, P_VARIANCE_PCT VARCHAR, P_MAX_TS VARCHAR):TABLE: (ROW_CNT NUMBER, MAX_TS TIMESTAMP_LTZ, RESULT_ARR ARRAY)",X+,
FUNCTION,"DOP_P_DEMO.MONITOR.""SAU_SVLS_MVIEW_CREDITS_FN(P_CREDITS_USED VARCHAR, P_VARIANCE_PCT VARCHAR, P_MAX_TS VARCHAR):TABLE: (ROW_CNT NUMBER, MAX_TS TIMESTAMP_LTZ, RESULT_ARR ARRAY)""",_AC_R_DOP_P_DEMO_MONITOR,DOP_P_DEMO,MONITOR,"SAU_SVLS_MVIEW_CREDITS_FN(P_CREDITS_USED VARCHAR, P_VARIANCE_PCT VARCHAR, P_MAX_TS VARCHAR):TABLE: (ROW_CNT NUMBER, MAX_TS TIMESTAMP_LTZ, RESULT_ARR ARRAY)",,X
FUNCTION,"DOP_P_DEMO.MONITOR.""SAU_SVLS_MVIEW_CREDITS_FN(P_CREDITS_USED VARCHAR, P_VARIANCE_PCT VARCHAR, P_MAX_TS VARCHAR):TABLE: (ROW_CNT NUMBER, MAX_TS TIMESTAMP_LTZ, RESULT_ARR ARRAY)""",DOP_P_MONITOR_ADMIN,DOP_P_DEMO,MONITOR,"SAU_SVLS_MVIEW_CREDITS_FN(P_CREDITS_USED VARCHAR, P_VARIANCE_PCT VARCHAR, P_MAX_TS VARCHAR):TABLE: (ROW_CNT NUMBER, MAX_TS TIMESTAMP_LTZ, RESULT_ARR ARRAY)",X+,
FUNCTION,"DOP_P_DEMO.MONITOR.""SAU_SVLS_PIPE_CREDITS_FN(P_CREDITS_USED VARCHAR, P_VARIANCE_PCT VARCHAR, P_MAX_TS VARCHAR):TABLE: (ROW_CNT NUMBER, MAX_TS TIMESTAMP_LTZ, RESULT_ARR ARRAY)""",_AC_R_DOP_P_DEMO_MONITOR,DOP_P_DEMO,MONITOR,"SAU_SVLS_PIPE_CREDITS_FN(P_CREDITS_USED VARCHAR, P_VARIANCE_PCT VARCHAR, P_MAX_TS VARCHAR):TABLE: (ROW_CNT NUMBER, MAX_TS TIMESTAMP_LTZ, RESULT_ARR ARRAY)",,X
FUNCTION,"DOP_P_DEMO.MONITOR.""SAU_SVLS_PIPE_CREDITS_FN(P_CREDITS_USED VARCHAR, P_VARIANCE_PCT VARCHAR, P_MAX_TS VARCHAR):TABLE: (ROW_CNT NUMBER, MAX_TS TIMESTAMP_LTZ, RESULT_ARR ARRAY)""",DOP_P_MONITOR_ADMIN,DOP_P_DEMO,MONITOR,"SAU_SVLS_PIPE_CREDITS_FN(P_CREDITS_USED VARCHAR, P_VARIANCE_PCT VARCHAR, P_MAX_TS VARCHAR):TABLE: (ROW_CNT NUMBER, MAX_TS TIMESTAMP_LTZ, RESULT_ARR ARRAY)",X+,
FUNCTION,"DOP_P_DEMO.MONITOR.""SAU_SVLS_REPL_CREDITS_FN(P_CREDITS_USED VARCHAR, P_VARIANCE_PCT VARCHAR, P_MAX_TS VARCHAR):TABLE: (ROW_CNT NUMBER, MAX_TS TIMESTAMP_LTZ, RESULT_ARR ARRAY)""",_AC_R_DOP_P_DEMO_MONITOR,DOP_P_DEMO,MONITOR,"SAU_SVLS_REPL_CREDITS_FN(P_CREDITS_USED VARCHAR, P_VARIANCE_PCT VARCHAR, P_MAX_TS VARCHAR):TABLE: (ROW_CNT NUMBER, MAX_TS TIMESTAMP_LTZ, RESULT_ARR ARRAY)",,X
FUNCTION,"DOP_P_DEMO.MONITOR.""SAU_SVLS_REPL_CREDITS_FN(P_CREDITS_USED VARCHAR, P_VARIANCE_PCT VARCHAR, P_MAX_TS VARCHAR):TABLE: (ROW_CNT NUMBER, MAX_TS TIMESTAMP_LTZ, RESULT_ARR ARRAY)""",DOP_P_MONITOR_ADMIN,DOP_P_DEMO,MONITOR,"SAU_SVLS_REPL_CREDITS_FN(P_CREDITS_USED VARCHAR, P_VARIANCE_PCT VARCHAR, P_MAX_TS VARCHAR):TABLE: (ROW_CNT NUMBER, MAX_TS TIMESTAMP_LTZ, RESULT_ARR ARRAY)",X+,
FUNCTION,"DOP_P_DEMO.MONITOR.""SAU_SVLS_SOS_CREDITS_FN(P_CREDITS_USED VARCHAR, P_VARIANCE_PCT VARCHAR, P_MAX_TS VARCHAR):TABLE: (ROW_CNT NUMBER, MAX_TS TIMESTAMP_LTZ, RESULT_ARR ARRAY)""",_AC_R_DOP_P_DEMO_MONITOR,DOP_P_DEMO,MONITOR,"SAU_SVLS_SOS_CREDITS_FN(P_CREDITS_USED VARCHAR, P_VARIANCE_PCT VARCHAR, P_MAX_TS VARCHAR):TABLE: (ROW_CNT NUMBER, MAX_TS TIMESTAMP_LTZ, RESULT_ARR ARRAY)",,X
FUNCTION,"DOP_P_DEMO.MONITOR.""SAU_SVLS_SOS_CREDITS_FN(P_CREDITS_USED VARCHAR, P_VARIANCE_PCT VARCHAR, P_MAX_TS VARCHAR):TABLE: (ROW_CNT NUMBER, MAX_TS TIMESTAMP_LTZ, RESULT_ARR ARRAY)""",DOP_P_MONITOR_ADMIN,DOP_P_DEMO,MONITOR,"SAU_SVLS_SOS_CREDITS_FN(P_CREDITS_USED VARCHAR, P_VARIANCE_PCT VARCHAR, P_MAX_TS VARCHAR):TABLE: (ROW_CNT NUMBER, MAX_TS TIMESTAMP_LTZ, RESULT_ARR ARRAY)",X+,
FUNCTION,"DOP_P_DEMO.MONITOR.""SAU_USER_FAILED_LOGIN_FN(P_FAILED_CNT VARCHAR, P_LOOKBACK_HR VARCHAR, P_MAX_TS VARCHAR):TABLE: (ROW_CNT NUMBER, MAX_TS TIMESTAMP_LTZ, RESULT_ARR ARRAY)""",_AC_R_DOP_P_DEMO_MONITOR,DOP_P_DEMO,MONITOR,"SAU_USER_FAILED_LOGIN_FN(P_FAILED_CNT VARCHAR, P_LOOKBACK_HR VARCHAR, P_MAX_TS VARCHAR):TABLE: (ROW_CNT NUMBER, MAX_TS TIMESTAMP_LTZ, RESULT_ARR ARRAY)",,X
FUNCTION,"DOP_P_DEMO.MONITOR.""SAU_USER_FAILED_LOGIN_FN(P_FAILED_CNT VARCHAR, P_LOOKBACK_HR VARCHAR, P_MAX_TS VARCHAR):TABLE: (ROW_CNT NUMBER, MAX_TS TIMESTAMP_LTZ, RESULT_ARR ARRAY)""",DOP_P_MONITOR_ADMIN,DOP_P_DEMO,MONITOR,"SAU_USER_FAILED_LOGIN_FN(P_FAILED_CNT VARCHAR, P_LOOKBACK_HR VARCHAR, P_MAX_TS VARCHAR):TABLE: (ROW_CNT NUMBER, MAX_TS TIMESTAMP_LTZ, RESULT_ARR ARRAY)",X+,
FUNCTION,"DOP_P_DEMO.MONITOR.""SAU_USER_IP_BLOCKED_LOGIN_FN(P_LOOKBACK_DAY VARCHAR, P_MAX_TS VARCHAR):TABLE: (ROW_CNT NUMBER, MAX_TS TIMESTAMP_LTZ, RESULT_ARR ARRAY)""",_AC_R_DOP_P_DEMO_MONITOR,DOP_P_DEMO,MONITOR,"SAU_USER_IP_BLOCKED_LOGIN_FN(P_LOOKBACK_DAY VARCHAR, P_MAX_TS VARCHAR):TABLE: (ROW_CNT NUMBER, MAX_TS TIMESTAMP_LTZ, RESULT_ARR ARRAY)",,X
FUNCTION,"DOP_P_DEMO.MONITOR.""SAU_USER_IP_BLOCKED_LOGIN_FN(P_LOOKBACK_DAY VARCHAR, P_MAX_TS VARCHAR):TABLE: (ROW_CNT NUMBER, MAX_TS TIMESTAMP_LTZ, RESULT_ARR ARRAY)""",DOP_P_MONITOR_ADMIN,DOP_P_DEMO,MONITOR,"SAU_USER_IP_BLOCKED_LOGIN_FN(P_LOOKBACK_DAY VARCHAR, P_MAX_TS VARCHAR):TABLE: (ROW_CNT NUMBER, MAX_TS TIMESTAMP_LTZ, RESULT_ARR ARRAY)",X+,
FUNCTION,"DOP_P_DEMO.MONITOR.""SAU_USER_LAST_LOGIN_FN(P_DAYS_NUM VARCHAR, P_MAX_TS VARCHAR):TABLE: (ROW_CNT NUMBER, MAX_TS TIMESTAMP_LTZ, RESULT_ARR ARRAY)""",_AC_R_DOP_P_DEMO_MONITOR,DOP_P_DEMO,MONITOR,"SAU_USER_LAST_LOGIN_FN(P_DAYS_NUM VARCHAR, P_MAX_TS VARCHAR):TABLE: (ROW_CNT NUMBER, MAX_TS TIMESTAMP_LTZ, RESULT_ARR ARRAY)",,X
FUNCTION,"DOP_P_DEMO.MONITOR.""SAU_USER_LAST_LOGIN_FN(P_DAYS_NUM VARCHAR, P_MAX_TS VARCHAR):TABLE: (ROW_CNT NUMBER, MAX_TS TIMESTAMP_LTZ, RESULT_ARR ARRAY)""",DOP_P_MONITOR_ADMIN,DOP_P_DEMO,MONITOR,"SAU_USER_LAST_LOGIN_FN(P_DAYS_NUM VARCHAR, P_MAX_TS VARCHAR):TABLE: (ROW_CNT NUMBER, MAX_TS TIMESTAMP_LTZ, RESULT_ARR ARRAY)",X+,
FUNCTION,"DOP_P_DEMO.MONITOR.""SAU_USER_NONMFA_LOGIN_FN(P_MAX_TS VARCHAR):TABLE: (ROW_CNT NUMBER, MAX_TS TIMESTAMP_LTZ, RESULT_ARR ARRAY)""",_AC_R_DOP_P_DEMO_MONITOR,DOP_P_DEMO,MONITOR,"SAU_USER_NONMFA_LOGIN_FN(P_MAX_TS VARCHAR):TABLE: (ROW_CNT NUMBER, MAX_TS TIMESTAMP_LTZ, RESULT_ARR ARRAY)",,X
FUNCTION,"DOP_P_DEMO.MONITOR.""SAU_USER_NONMFA_LOGIN_FN(P_MAX_TS VARCHAR):TABLE: (ROW_CNT NUMBER, MAX_TS TIMESTAMP_LTZ, RESULT_ARR ARRAY)""",DOP_P_MONITOR_ADMIN,DOP_P_DEMO,MONITOR,"SAU_USER_NONMFA_LOGIN_FN(P_MAX_TS VARCHAR):TABLE: (ROW_CNT NUMBER, MAX_TS TIMESTAMP_LTZ, RESULT_ARR ARRAY)",X+,
FUNCTION,"DOP_P_DEMO.MONITOR.""SAU_USER_QUERY_VARIANCE_FN(P_LOOKBACK_DAY VARCHAR, P_VARIANCE_PCT VARCHAR, P_MAX_TS VARCHAR):TABLE: (ROW_CNT NUMBER, MAX_TS TIMESTAMP_LTZ, RESULT_ARR ARRAY)""",_AC_R_DOP_P_DEMO_MONITOR,DOP_P_DEMO,MONITOR,"SAU_USER_QUERY_VARIANCE_FN(P_LOOKBACK_DAY VARCHAR, P_VARIANCE_PCT VARCHAR, P_MAX_TS VARCHAR):TABLE: (ROW_CNT NUMBER, MAX_TS TIMESTAMP_LTZ, RESULT_ARR ARRAY)",,X
FUNCTION,"DOP_P_DEMO.MONITOR.""SAU_USER_QUERY_VARIANCE_FN(P_LOOKBACK_DAY VARCHAR, P_VARIANCE_PCT VARCHAR, P_MAX_TS VARCHAR):TABLE: (ROW_CNT NUMBER, MAX_TS TIMESTAMP_LTZ, RESULT_ARR ARRAY)""",DOP_P_MONITOR_ADMIN,DOP_P_DEMO,MONITOR,"SAU_USER_QUERY_VARIANCE_FN(P_LOOKBACK_DAY VARCHAR, P_VARIANCE_PCT VARCHAR, P_MAX_TS VARCHAR):TABLE: (ROW_CNT NUMBER, MAX_TS TIMESTAMP_LTZ, RESULT_ARR ARRAY)",X+,
FUNCTION,"DOP_P_DEMO.MONITOR.""SAU_WH_CLOUDSVCS_CREDITS_FN(P_CREDITS_USED VARCHAR, P_CLOUDSVCS_PCT VARCHAR, P_MAX_TS VARCHAR):TABLE: (ROW_CNT NUMBER, MAX_TS TIMESTAMP_LTZ, RESULT_ARR ARRAY)""",_AC_R_DOP_P_DEMO_MONITOR,DOP_P_DEMO,MONITOR,"SAU_WH_CLOUDSVCS_CREDITS_FN(P_CREDITS_USED VARCHAR, P_CLOUDSVCS_PCT VARCHAR, P_MAX_TS VARCHAR):TABLE: (ROW_CNT NUMBER, MAX_TS TIMESTAMP_LTZ, RESULT_ARR ARRAY)",,X
FUNCTION,"DOP_P_DEMO.MONITOR.""SAU_WH_CLOUDSVCS_CREDITS_FN(P_CREDITS_USED VARCHAR, P_CLOUDSVCS_PCT VARCHAR, P_MAX_TS VARCHAR):TABLE: (ROW_CNT NUMBER, MAX_TS TIMESTAMP_LTZ, RESULT_ARR ARRAY)""",DOP_P_MONITOR_ADMIN,DOP_P_DEMO,MONITOR,"SAU_WH_CLOUDSVCS_CREDITS_FN(P_CREDITS_USED VARCHAR, P_CLOUDSVCS_PCT VARCHAR, P_MAX_TS VARCHAR):TABLE: (ROW_CNT NUMBER, MAX_TS TIMESTAMP_LTZ, RESULT_ARR ARRAY)",X+,
FUNCTION,"DOP_P_DEMO.MONITOR.""SAU_WH_USAGE_VARIANCE_FN(P_CREDITS_USED VARCHAR, P_VARIANCE_PCT VARCHAR, P_MAX_TS VARCHAR):TABLE: (ROW_CNT NUMBER, MAX_TS TIMESTAMP_LTZ, RESULT_ARR ARRAY)""",_AC_R_DOP_P_DEMO_MONITOR,DOP_P_DEMO,MONITOR,"SAU_WH_USAGE_VARIANCE_FN(P_CREDITS_USED VARCHAR, P_VARIANCE_PCT VARCHAR, P_MAX_TS VARCHAR):TABLE: (ROW_CNT NUMBER, MAX_TS TIMESTAMP_LTZ, RESULT_ARR ARRAY)",,X
FUNCTION,"DOP_P_DEMO.MONITOR.""SAU_WH_USAGE_VARIANCE_FN(P_CREDITS_USED VARCHAR, P_VARIANCE_PCT VARCHAR, P_MAX_TS VARCHAR):TABLE: (ROW_CNT NUMBER, MAX_TS TIMESTAMP_LTZ, RESULT_ARR ARRAY)""",DOP_P_MONITOR_ADMIN,DOP_P_DEMO,MONITOR,"SAU_WH_USAGE_VARIANCE_FN(P_CREDITS_USED VARCHAR, P_VARIANCE_PCT VARCHAR, P_MAX_TS VARCHAR):TABLE: (ROW_CNT NUMBER, MAX_TS TIMESTAMP_LTZ, RESULT_ARR ARRAY)",X+,
FUNCTION,"DOP_P_DEMO.MONITOR.""SIS_IQRY_LONG_QUEUED_FN(P_QUEUED_SEC VARCHAR, P_LOOKBACK_MIN VARCHAR, P_MAX_TS VARCHAR):TABLE: (ROW_CNT NUMBER, MAX_TS TIMESTAMP_LTZ, RESULT_ARR ARRAY)""",_AC_R_DOP_P_DEMO_MONITOR,DOP_P_DEMO,MONITOR,"SIS_IQRY_LONG_QUEUED_FN(P_QUEUED_SEC VARCHAR, P_LOOKBACK_MIN VARCHAR, P_MAX_TS VARCHAR):TABLE: (ROW_CNT NUMBER, MAX_TS TIMESTAMP_LTZ, RESULT_ARR ARRAY)",,X
FUNCTION,"DOP_P_DEMO.MONITOR.""SIS_IQRY_LONG_QUEUED_FN(P_QUEUED_SEC VARCHAR, P_LOOKBACK_MIN VARCHAR, P_MAX_TS VARCHAR):TABLE: (ROW_CNT NUMBER, MAX_TS TIMESTAMP_LTZ, RESULT_ARR ARRAY)""",DOP_P_MONITOR_ADMIN,DOP_P_DEMO,MONITOR,"SIS_IQRY_LONG_QUEUED_FN(P_QUEUED_SEC VARCHAR, P_LOOKBACK_MIN VARCHAR, P_MAX_TS VARCHAR):TABLE: (ROW_CNT NUMBER, MAX_TS TIMESTAMP_LTZ, RESULT_ARR ARRAY)",X+,
FUNCTION,"DOP_P_DEMO.MONITOR.""SIS_IQRY_LONG_RUNNING_FN(P_DURATION_SEC VARCHAR, P_LOOKBACK_MIN VARCHAR, P_MAX_TS VARCHAR):TABLE: (ROW_CNT NUMBER, MAX_TS TIMESTAMP_LTZ, RESULT_ARR ARRAY)""",_AC_R_DOP_P_DEMO_MONITOR,DOP_P_DEMO,MONITOR,"SIS_IQRY_LONG_RUNNING_FN(P_DURATION_SEC VARCHAR, P_LOOKBACK_MIN VARCHAR, P_MAX_TS VARCHAR):TABLE: (ROW_CNT NUMBER, MAX_TS TIMESTAMP_LTZ, RESULT_ARR ARRAY)",,X
FUNCTION,"DOP_P_DEMO.MONITOR.""SIS_IQRY_LONG_RUNNING_FN(P_DURATION_SEC VARCHAR, P_LOOKBACK_MIN VARCHAR, P_MAX_TS VARCHAR):TABLE: (ROW_CNT NUMBER, MAX_TS TIMESTAMP_LTZ, RESULT_ARR ARRAY)""",DOP_P_MONITOR_ADMIN,DOP_P_DEMO,MONITOR,"SIS_IQRY_LONG_RUNNING_FN(P_DURATION_SEC VARCHAR, P_LOOKBACK_MIN VARCHAR, P_MAX_TS VARCHAR):TABLE: (ROW_CNT NUMBER, MAX_TS TIMESTAMP_LTZ, RESULT_ARR ARRAY)",X+,
FUNCTION,"DSC_P_DEMO.SENTIMENT.""ANALYZE_SENTIMENT(CHECK_STRING VARCHAR, LOCALES VARCHAR):VARIANT""",_AC_R_DSC_P_DEMO_SENTIMENT,DSC_P_DEMO,SENTIMENT,"ANALYZE_SENTIMENT(CHECK_STRING VARCHAR, LOCALES VARCHAR):VARIANT",,X
FUNCTION,"DSC_P_DEMO.SENTIMENT.""ANALYZE_SENTIMENT(CHECK_STRING VARCHAR, LOCALES VARCHAR):VARIANT""",ACCOUNTADMIN,DSC_P_DEMO,SENTIMENT,"ANALYZE_SENTIMENT(CHECK_STRING VARCHAR, LOCALES VARCHAR):VARIANT",X+,
FUNCTION,"DSC_P_DEMO.TWITTER.""GET_TWITTER_FEED(KEYWORD_SEARCH VARCHAR, FROM_DATE DATE, SEARCH_COUNT NUMBER):VARIANT""",_AC_R_DSC_P_DEMO_TWITTER,DSC_P_DEMO,TWITTER,"GET_TWITTER_FEED(KEYWORD_SEARCH VARCHAR, FROM_DATE DATE, SEARCH_COUNT NUMBER):VARIANT",,X
FUNCTION,"DSC_P_DEMO.TWITTER.""GET_TWITTER_FEED(KEYWORD_SEARCH VARCHAR, FROM_DATE DATE, SEARCH_COUNT NUMBER):VARIANT""",ACCOUNTADMIN,DSC_P_DEMO,TWITTER,"GET_TWITTER_FEED(KEYWORD_SEARCH VARCHAR, FROM_DATE DATE, SEARCH_COUNT NUMBER):VARIANT",X+,
FUNCTION,"ENG_P_DEMO.DATAGEN.""FAKE(LOCALES VARCHAR, PROVIDER VARCHAR, PARAMETERS VARCHAR):VARIANT""",_AC_R_ENG_P_DEMO_DATAGEN,ENG_P_DEMO,DATAGEN,"FAKE(LOCALES VARCHAR, PROVIDER VARCHAR, PARAMETERS VARCHAR):VARIANT",,X
FUNCTION,"ENG_P_DEMO.DATAGEN.""FAKE(LOCALES VARCHAR, PROVIDER VARCHAR, PARAMETERS VARCHAR):VARIANT""",ACCOUNTADMIN,ENG_P_DEMO,DATAGEN,"FAKE(LOCALES VARCHAR, PROVIDER VARCHAR, PARAMETERS VARCHAR):VARIANT",X+,
FUNCTION,"ENG_P_DEMO.DATAGEN.""FAKE(LOCALES VARCHAR, PROVIDER VARCHAR):VARCHAR(16777216)""",_AC_R_ENG_P_DEMO_DATAGEN,ENG_P_DEMO,DATAGEN,"FAKE(LOCALES VARCHAR, PROVIDER VARCHAR):VARCHAR(16777216)",,X
FUNCTION,"ENG_P_DEMO.DATAGEN.""FAKE(LOCALES VARCHAR, PROVIDER VARCHAR):VARCHAR(16777216)""",ACCOUNTADMIN,ENG_P_DEMO,DATAGEN,"FAKE(LOCALES VARCHAR, PROVIDER VARCHAR):VARCHAR(16777216)",X+,
FUNCTION,"ENG_P_DEMO.XML_TO_JSON.""CONVERT_XML_TO_JSON(XML_STR VARCHAR):VARIANT""",_AC_R_ENG_P_DEMO_XML_TO_JSON,ENG_P_DEMO,XML_TO_JSON,CONVERT_XML_TO_JSON(XML_STR VARCHAR):VARIANT,,X
FUNCTION,"ENG_P_DEMO.XML_TO_JSON.""CONVERT_XML_TO_JSON(XML_STR VARCHAR):VARIANT""",ACCOUNTADMIN,ENG_P_DEMO,XML_TO_JSON,CONVERT_XML_TO_JSON(XML_STR VARCHAR):VARIANT,X+,
FUNCTION,"SOP_P_DEMO.RBAC_GEN.""PAD(P_TXT VARCHAR, P_LEN NUMBER):VARCHAR(16777216)""",_AC_R_SOP_P_DEMO_RBAC_GEN,SOP_P_DEMO,RBAC_GEN,"PAD(P_TXT VARCHAR, P_LEN NUMBER):VARCHAR(16777216)",,X
FUNCTION,"SOP_P_DEMO.RBAC_GEN.""PAD(P_TXT VARCHAR, P_LEN NUMBER):VARCHAR(16777216)""",SYSADMIN,SOP_P_DEMO,RBAC_GEN,"PAD(P_TXT VARCHAR, P_LEN NUMBER):VARCHAR(16777216)",X+,
FUNCTION,"SOP_P_DEMO.RLS.""DATE_MP_UDF(P_VAL DATE):DATE""",_AC_R_SOP_P_DEMO_RLS,SOP_P_DEMO,RLS,DATE_MP_UDF(P_VAL DATE):DATE,,X
FUNCTION,"SOP_P_DEMO.RLS.""DATE_MP_UDF(P_VAL DATE):DATE""",SOP_P_RLS_ADMIN,SOP_P_DEMO,RLS,DATE_MP_UDF(P_VAL DATE):DATE,X+,
FUNCTION,"SOP_P_DEMO.RLS.""EMPLOYEE_PII_MP_UDF(P_VAL VARCHAR):VARCHAR(16777216)""",_AC_R_SOP_P_DEMO_RLS,SOP_P_DEMO,RLS,EMPLOYEE_PII_MP_UDF(P_VAL VARCHAR):VARCHAR(16777216),,X
FUNCTION,"SOP_P_DEMO.RLS.""EMPLOYEE_PII_MP_UDF(P_VAL VARCHAR):VARCHAR(16777216)""",SOP_P_RLS_ADMIN,SOP_P_DEMO,RLS,EMPLOYEE_PII_MP_UDF(P_VAL VARCHAR):VARCHAR(16777216),X+,
FUNCTION,"SOP_P_DEMO.RLS.""USER_GRANTED_ROLE_UDF(P_ROLE_NM VARCHAR):BOOLEAN""",_AC_R_SOP_P_DEMO_RLS,SOP_P_DEMO,RLS,USER_GRANTED_ROLE_UDF(P_ROLE_NM VARCHAR):BOOLEAN,,X
FUNCTION,"SOP_P_DEMO.RLS.""USER_GRANTED_ROLE_UDF(P_ROLE_NM VARCHAR):BOOLEAN""",SOP_P_RLS_ADMIN,SOP_P_DEMO,RLS,USER_GRANTED_ROLE_UDF(P_ROLE_NM VARCHAR):BOOLEAN,X+,
