ObjectType,ObjectName,GrantedTo,DBName,SchemaName,EntityName,OWNERSHIP,USAGE,MONITOR
DATABASE,DOP_P_DEMO,_AC_R_DOP_P_DEMO_MONITOR,,,DOP_P_DEMO,,X,X
DATABASE,DOP_P_DEMO,DOP_P_ALERTING_ADMIN,,,DOP_P_DEMO,,X,
DATABASE,DOP_P_DEMO,DOP_P_CLOUDWATCH_ADMIN,,,DOP_P_DEMO,,X,
DATABASE,DOP_P_DEMO,SECURITYADMIN,,,DOP_P_DEMO,,X,
DATABASE,DOP_P_DEMO,SYSADMIN,,,DOP_P_DEMO,X+,,
DATABASE,DSC_P_DEMO,_AC_R_DSC_P_DEMO_SENTIMENT,,,DSC_P_DEMO,,X,X
DATABASE,DSC_P_DEMO,_AC_R_DSC_P_DEMO_TWITTER,,,DSC_P_DEMO,,X,X
DATABASE,DSC_P_DEMO,SECURITYADMIN,,,DSC_P_DEMO,,X,
DATABASE,DSC_P_DEMO,SYSADMIN,,,DSC_P_DEMO,X+,,
DATABASE,ENG_P_DEMO,_AC_R_ENG_P_DEMO_DATAGEN,,,ENG_P_DEMO,,X,X
DATABASE,ENG_P_DEMO,_AC_R_ENG_P_DEMO_XML_TO_JSON,,,ENG_P_DEMO,,X,X
DATABASE,ENG_P_DEMO,SECURITYADMIN,,,ENG_P_DEMO,,X,
DATABASE,ENG_P_DEMO,SYSADMIN,,,ENG_P_DEMO,X+,,
DATABASE,SNOWFLAKE_SAMPLE_DATA,ACCOUNTADMIN,,,SNOWFLAKE_SAMPLE_DATA,X+,,
DATABASE,SNOWFLAKE_SAMPLE_DATA,PUBLIC,,,SNOWFLAKE_SAMPLE_DATA,,X,
DATABASE,SOP_P_DEMO,_AC_R_SOP_P_DEMO_DDM,,,SOP_P_DEMO,,X,X
DATABASE,SOP_P_DEMO,_AC_R_SOP_P_DEMO_RBAC_GEN,,,SOP_P_DEMO,,X,X
DATABASE,SOP_P_DEMO,_AC_R_SOP_P_DEMO_RLS,,,SOP_P_DEMO,,X,X
DATABASE,SOP_P_DEMO,SECURITYADMIN,,,SOP_P_DEMO,,X,
DATABASE,SOP_P_DEMO,SYSADMIN,,,SOP_P_DEMO,X+,,
