ObjectType,ObjectName,GrantedTo,DBName,SchemaName,EntityName,APPLY MASKING POLICY,CREATE ACCOUNT,CREATE CREDENTIAL,CREATE DATA EXCHANGE LISTING,CREATE DATABASE,CREATE INTEGRATION,CREATE ROLE,CREATE SHARE,CREATE USER,CREATE WAREHOUSE,EXECUTE MANAGED TASK,EXECUTE TASK,IMPORT SHARE,MANAGE GRANTS,MONITOR EXECUTION,MONITOR SECURITY,MONITOR USAGE,OVERRIDE SHARE RESTRICTIONS
ACCOUNT,SKE,_AC_X_TASK_ADMIN,,,SKE,,,,,,,,,,,,X,,,,,,
ACCOUNT,SKE,ACCOUNTADMIN,,,SKE,X+,X+,X+,X+,,X+,,X+,,,X+,X+,X+,,X+,X+,X+,X+
ACCOUNT,SKE,DOP_P_CLOUDWATCH_ADMIN,,,SKE,,,,,,,,,,,,X,,,,,,
ACCOUNT,SKE,OKTA_PROVISIONER,,,SKE,,,,,,,X,,X,,,,,,,,,
ACCOUNT,SKE,SECURITYADMIN,,,SKE,,,,,,,,,,,,,,X+,,,,
ACCOUNT,SKE,SYSADMIN,,,SKE,,,,,X+,,X,,,X+,,,,,,,,
ACCOUNT,SKE,USERADMIN,,,SKE,,,,,,,X+,,X+,,,,,,,,,
