ObjectType,ObjectName,GrantedTo,DBName,SchemaName,EntityName,OWNERSHIP,USAGE,MODIFY,MONITOR,OPERATE
WAREHOUSE,SKE_P_ADHOC_BIG,_AC_O_SKE_P_ADHOC_BIG,,,SKE_P_ADHOC_BIG,,,X,,X
WAREHOUSE,SKE_P_ADHOC_BIG,_AC_U_SKE_P_ADHOC_BIG,,,SKE_P_ADHOC_BIG,,X,,X,
WAREHOUSE,SKE_P_ADHOC_BIG,SYSADMIN,,,SKE_P_ADHOC_BIG,X+,,,,
WAREHOUSE,SKE_P_ADHOC_TINY,_AC_O_SKE_P_ADHOC_TINY,,,SKE_P_ADHOC_TINY,,,X,,X
WAREHOUSE,SKE_P_ADHOC_TINY,_AC_U_SKE_P_ADHOC_TINY,,,SKE_P_ADHOC_TINY,,X,,X,
WAREHOUSE,SKE_P_ADHOC_TINY,SYSADMIN,,,SKE_P_ADHOC_TINY,X+,,,,
