Privilege,ObjectType,ObjectName,GrantedTo,DBName,SchemaName,EntityName,GrantedBy,WithGrantOption,CreatedOn,CreatedOnUTC
CREATE EXTERNAL TABLE,SCHEMA,DOP_P_DEMO.ALERTING,_AC_C_DOP_P_DEMO_ALERTING,DOP_P_DEMO,ALERTING,ALERTING,SYSADMIN,False,2021-02-27T04:04:20.4600000-08:00,2021-02-27T12:04:20.4600000Z
CREATE FILE FORMAT,SCHEMA,DOP_P_DEMO.ALERTING,_AC_C_DOP_P_DEMO_ALERTING,DOP_P_DEMO,ALERTING,ALERTING,SYSADMIN,False,2021-02-27T04:04:20.4600000-08:00,2021-02-27T12:04:20.4600000Z
CREATE FUNCTION,SCHEMA,DOP_P_DEMO.ALERTING,_AC_C_DOP_P_DEMO_ALERTING,DOP_P_DEMO,ALERTING,ALERTING,SYSADMIN,False,2021-02-27T04:04:20.4600000-08:00,2021-02-27T12:04:20.4600000Z
CREATE MASKING POLICY,SCHEMA,DOP_P_DEMO.ALERTING,_AC_C_DOP_P_DEMO_ALERTING,DOP_P_DEMO,ALERTING,ALERTING,SYSADMIN,False,2021-02-27T04:04:21.4610000-08:00,2021-02-27T12:04:21.4610000Z
CREATE MATERIALIZED VIEW,SCHEMA,DOP_P_DEMO.ALERTING,_AC_C_DOP_P_DEMO_ALERTING,DOP_P_DEMO,ALERTING,ALERTING,SYSADMIN,False,2021-02-27T04:04:21.4610000-08:00,2021-02-27T12:04:21.4610000Z
CREATE PIPE,SCHEMA,DOP_P_DEMO.ALERTING,_AC_C_DOP_P_DEMO_ALERTING,DOP_P_DEMO,ALERTING,ALERTING,SYSADMIN,False,2021-02-27T04:04:21.4610000-08:00,2021-02-27T12:04:21.4610000Z
CREATE PROCEDURE,SCHEMA,DOP_P_DEMO.ALERTING,_AC_C_DOP_P_DEMO_ALERTING,DOP_P_DEMO,ALERTING,ALERTING,SYSADMIN,False,2021-02-27T04:04:21.4610000-08:00,2021-02-27T12:04:21.4610000Z
CREATE SEQUENCE,SCHEMA,DOP_P_DEMO.ALERTING,_AC_C_DOP_P_DEMO_ALERTING,DOP_P_DEMO,ALERTING,ALERTING,SYSADMIN,False,2021-02-27T04:04:21.4610000-08:00,2021-02-27T12:04:21.4610000Z
CREATE STAGE,SCHEMA,DOP_P_DEMO.ALERTING,_AC_C_DOP_P_DEMO_ALERTING,DOP_P_DEMO,ALERTING,ALERTING,SYSADMIN,False,2021-02-27T04:04:22.4620000-08:00,2021-02-27T12:04:22.4620000Z
CREATE STREAM,SCHEMA,DOP_P_DEMO.ALERTING,_AC_C_DOP_P_DEMO_ALERTING,DOP_P_DEMO,ALERTING,ALERTING,SYSADMIN,False,2021-02-27T04:04:22.4620000-08:00,2021-02-27T12:04:22.4620000Z
CREATE TABLE,SCHEMA,DOP_P_DEMO.ALERTING,_AC_C_DOP_P_DEMO_ALERTING,DOP_P_DEMO,ALERTING,ALERTING,SYSADMIN,False,2021-02-27T04:04:22.4620000-08:00,2021-02-27T12:04:22.4620000Z
CREATE TASK,SCHEMA,DOP_P_DEMO.ALERTING,_AC_C_DOP_P_DEMO_ALERTING,DOP_P_DEMO,ALERTING,ALERTING,SYSADMIN,False,2021-02-27T04:04:22.4620000-08:00,2021-02-27T12:04:22.4620000Z
CREATE VIEW,SCHEMA,DOP_P_DEMO.ALERTING,_AC_C_DOP_P_DEMO_ALERTING,DOP_P_DEMO,ALERTING,ALERTING,SYSADMIN,False,2021-02-27T04:04:22.4620000-08:00,2021-02-27T12:04:22.4620000Z
MONITOR,SCHEMA,DOP_P_DEMO.ALERTING,_AC_R_DOP_P_DEMO_ALERTING,DOP_P_DEMO,ALERTING,ALERTING,SYSADMIN,False,2021-02-27T04:04:24.4640000-08:00,2021-02-27T12:04:24.4640000Z
USAGE,SCHEMA,DOP_P_DEMO.ALERTING,_AC_R_DOP_P_DEMO_ALERTING,DOP_P_DEMO,ALERTING,ALERTING,SYSADMIN,False,2021-02-27T04:04:24.4640000-08:00,2021-02-27T12:04:24.4640000Z
USAGE,SCHEMA,DOP_P_DEMO.ALERTING,DOP_P_ALERTING_ADMIN,DOP_P_DEMO,ALERTING,ALERTING,SYSADMIN,False,2021-03-03T16:53:25.2050000-08:00,2021-03-04T00:53:25.2050000Z
OWNERSHIP,SCHEMA,DOP_P_DEMO.ALERTING,SYSADMIN,DOP_P_DEMO,ALERTING,ALERTING,SYSADMIN,True,2021-02-23T15:42:02.7220000-08:00,2021-02-23T23:42:02.7220000Z
CREATE FUNCTION,SCHEMA,DOP_P_DEMO.MONITOR,_AC_C_DOP_P_DEMO_MONITOR,DOP_P_DEMO,MONITOR,MONITOR,DOP_P_MONITOR_ADMIN,False,2021-02-25T05:30:03.8030000-08:00,2021-02-25T13:30:03.8030000Z
CREATE MASKING POLICY,SCHEMA,DOP_P_DEMO.MONITOR,_AC_C_DOP_P_DEMO_MONITOR,DOP_P_DEMO,MONITOR,MONITOR,DOP_P_MONITOR_ADMIN,False,2021-02-25T05:30:04.8040000-08:00,2021-02-25T13:30:04.8040000Z
CREATE MATERIALIZED VIEW,SCHEMA,DOP_P_DEMO.MONITOR,_AC_C_DOP_P_DEMO_MONITOR,DOP_P_DEMO,MONITOR,MONITOR,DOP_P_MONITOR_ADMIN,False,2021-02-25T05:30:04.8040000-08:00,2021-02-25T13:30:04.8040000Z
CREATE PROCEDURE,SCHEMA,DOP_P_DEMO.MONITOR,_AC_C_DOP_P_DEMO_MONITOR,DOP_P_DEMO,MONITOR,MONITOR,DOP_P_MONITOR_ADMIN,False,2021-02-25T05:30:04.8040000-08:00,2021-02-25T13:30:04.8040000Z
CREATE SEQUENCE,SCHEMA,DOP_P_DEMO.MONITOR,_AC_C_DOP_P_DEMO_MONITOR,DOP_P_DEMO,MONITOR,MONITOR,DOP_P_MONITOR_ADMIN,False,2021-02-25T05:30:04.8040000-08:00,2021-02-25T13:30:04.8040000Z
CREATE STREAM,SCHEMA,DOP_P_DEMO.MONITOR,_AC_C_DOP_P_DEMO_MONITOR,DOP_P_DEMO,MONITOR,MONITOR,DOP_P_MONITOR_ADMIN,False,2021-02-25T05:30:04.8040000-08:00,2021-02-25T13:30:04.8040000Z
CREATE TABLE,SCHEMA,DOP_P_DEMO.MONITOR,_AC_C_DOP_P_DEMO_MONITOR,DOP_P_DEMO,MONITOR,MONITOR,DOP_P_MONITOR_ADMIN,False,2021-02-25T05:30:05.8050000-08:00,2021-02-25T13:30:05.8050000Z
CREATE TASK,SCHEMA,DOP_P_DEMO.MONITOR,_AC_C_DOP_P_DEMO_MONITOR,DOP_P_DEMO,MONITOR,MONITOR,DOP_P_MONITOR_ADMIN,False,2021-02-25T05:30:05.8050000-08:00,2021-02-25T13:30:05.8050000Z
CREATE VIEW,SCHEMA,DOP_P_DEMO.MONITOR,_AC_C_DOP_P_DEMO_MONITOR,DOP_P_DEMO,MONITOR,MONITOR,DOP_P_MONITOR_ADMIN,False,2021-02-25T05:30:05.8050000-08:00,2021-02-25T13:30:05.8050000Z
MONITOR,SCHEMA,DOP_P_DEMO.MONITOR,_AC_R_DOP_P_DEMO_MONITOR,DOP_P_DEMO,MONITOR,MONITOR,DOP_P_MONITOR_ADMIN,False,2021-02-25T05:30:06.8060000-08:00,2021-02-25T13:30:06.8060000Z
USAGE,SCHEMA,DOP_P_DEMO.MONITOR,_AC_R_DOP_P_DEMO_MONITOR,DOP_P_DEMO,MONITOR,MONITOR,DOP_P_MONITOR_ADMIN,False,2021-02-25T05:30:06.8060000-08:00,2021-02-25T13:30:06.8060000Z
OWNERSHIP,SCHEMA,DOP_P_DEMO.MONITOR,DOP_P_MONITOR_ADMIN,DOP_P_DEMO,MONITOR,MONITOR,DOP_P_MONITOR_ADMIN,True,2021-02-25T05:05:32.3320000-08:00,2021-02-25T13:05:32.3320000Z
CREATE FUNCTION,SCHEMA,DSC_P_DEMO.SENTIMENT,_AC_C_DSC_P_DEMO_SENTIMENT,DSC_P_DEMO,SENTIMENT,SENTIMENT,SYSADMIN,False,2021-02-27T03:46:29.3890000-08:00,2021-02-27T11:46:29.3890000Z
CREATE MASKING POLICY,SCHEMA,DSC_P_DEMO.SENTIMENT,_AC_C_DSC_P_DEMO_SENTIMENT,DSC_P_DEMO,SENTIMENT,SENTIMENT,SYSADMIN,False,2021-02-27T03:46:29.3890000-08:00,2021-02-27T11:46:29.3890000Z
CREATE TABLE,SCHEMA,DSC_P_DEMO.SENTIMENT,_AC_C_DSC_P_DEMO_SENTIMENT,DSC_P_DEMO,SENTIMENT,SENTIMENT,SYSADMIN,False,2021-02-27T03:46:29.3890000-08:00,2021-02-27T11:46:29.3890000Z
CREATE VIEW,SCHEMA,DSC_P_DEMO.SENTIMENT,_AC_C_DSC_P_DEMO_SENTIMENT,DSC_P_DEMO,SENTIMENT,SENTIMENT,SYSADMIN,False,2021-02-27T03:46:29.3890000-08:00,2021-02-27T11:46:29.3890000Z
MONITOR,SCHEMA,DSC_P_DEMO.SENTIMENT,_AC_R_DSC_P_DEMO_SENTIMENT,DSC_P_DEMO,SENTIMENT,SENTIMENT,SYSADMIN,False,2021-02-27T03:46:31.3910000-08:00,2021-02-27T11:46:31.3910000Z
USAGE,SCHEMA,DSC_P_DEMO.SENTIMENT,_AC_R_DSC_P_DEMO_SENTIMENT,DSC_P_DEMO,SENTIMENT,SENTIMENT,SYSADMIN,False,2021-02-27T03:46:31.3910000-08:00,2021-02-27T11:46:31.3910000Z
OWNERSHIP,SCHEMA,DSC_P_DEMO.SENTIMENT,SYSADMIN,DSC_P_DEMO,SENTIMENT,SENTIMENT,SYSADMIN,True,2021-02-23T15:44:41.8810000-08:00,2021-02-23T23:44:41.8810000Z
CREATE FUNCTION,SCHEMA,DSC_P_DEMO.TWITTER,_AC_C_DSC_P_DEMO_TWITTER,DSC_P_DEMO,TWITTER,TWITTER,SYSADMIN,False,2021-02-27T03:46:29.3890000-08:00,2021-02-27T11:46:29.3890000Z
CREATE MASKING POLICY,SCHEMA,DSC_P_DEMO.TWITTER,_AC_C_DSC_P_DEMO_TWITTER,DSC_P_DEMO,TWITTER,TWITTER,SYSADMIN,False,2021-02-27T03:46:30.3900000-08:00,2021-02-27T11:46:30.3900000Z
CREATE TABLE,SCHEMA,DSC_P_DEMO.TWITTER,_AC_C_DSC_P_DEMO_TWITTER,DSC_P_DEMO,TWITTER,TWITTER,SYSADMIN,False,2021-02-27T03:46:30.3900000-08:00,2021-02-27T11:46:30.3900000Z
CREATE VIEW,SCHEMA,DSC_P_DEMO.TWITTER,_AC_C_DSC_P_DEMO_TWITTER,DSC_P_DEMO,TWITTER,TWITTER,SYSADMIN,False,2021-02-27T03:46:30.3900000-08:00,2021-02-27T11:46:30.3900000Z
MONITOR,SCHEMA,DSC_P_DEMO.TWITTER,_AC_R_DSC_P_DEMO_TWITTER,DSC_P_DEMO,TWITTER,TWITTER,SYSADMIN,False,2021-02-27T03:46:32.3920000-08:00,2021-02-27T11:46:32.3920000Z
USAGE,SCHEMA,DSC_P_DEMO.TWITTER,_AC_R_DSC_P_DEMO_TWITTER,DSC_P_DEMO,TWITTER,TWITTER,SYSADMIN,False,2021-02-27T03:46:32.3920000-08:00,2021-02-27T11:46:32.3920000Z
OWNERSHIP,SCHEMA,DSC_P_DEMO.TWITTER,SYSADMIN,DSC_P_DEMO,TWITTER,TWITTER,SYSADMIN,True,2021-02-23T15:45:48.9480000-08:00,2021-02-23T23:45:48.9480000Z
CREATE FUNCTION,SCHEMA,ENG_P_DEMO.DATAGEN,_AC_C_ENG_P_DEMO_DATAGEN,ENG_P_DEMO,DATAGEN,DATAGEN,SYSADMIN,False,2021-02-27T03:45:35.3350000-08:00,2021-02-27T11:45:35.3350000Z
CREATE MASKING POLICY,SCHEMA,ENG_P_DEMO.DATAGEN,_AC_C_ENG_P_DEMO_DATAGEN,ENG_P_DEMO,DATAGEN,DATAGEN,SYSADMIN,False,2021-02-27T03:45:35.3350000-08:00,2021-02-27T11:45:35.3350000Z
CREATE TABLE,SCHEMA,ENG_P_DEMO.DATAGEN,_AC_C_ENG_P_DEMO_DATAGEN,ENG_P_DEMO,DATAGEN,DATAGEN,SYSADMIN,False,2021-02-27T03:45:35.3350000-08:00,2021-02-27T11:45:35.3350000Z
CREATE VIEW,SCHEMA,ENG_P_DEMO.DATAGEN,_AC_C_ENG_P_DEMO_DATAGEN,ENG_P_DEMO,DATAGEN,DATAGEN,SYSADMIN,False,2021-02-27T03:45:35.3350000-08:00,2021-02-27T11:45:35.3350000Z
MONITOR,SCHEMA,ENG_P_DEMO.DATAGEN,_AC_R_ENG_P_DEMO_DATAGEN,ENG_P_DEMO,DATAGEN,DATAGEN,SYSADMIN,False,2021-02-27T03:45:37.3370000-08:00,2021-02-27T11:45:37.3370000Z
USAGE,SCHEMA,ENG_P_DEMO.DATAGEN,_AC_R_ENG_P_DEMO_DATAGEN,ENG_P_DEMO,DATAGEN,DATAGEN,SYSADMIN,False,2021-02-27T03:45:37.3370000-08:00,2021-02-27T11:45:37.3370000Z
OWNERSHIP,SCHEMA,ENG_P_DEMO.DATAGEN,SYSADMIN,ENG_P_DEMO,DATAGEN,DATAGEN,SYSADMIN,True,2021-02-23T15:44:40.8800000-08:00,2021-02-23T23:44:40.8800000Z
CREATE FUNCTION,SCHEMA,ENG_P_DEMO.XML_TO_JSON,_AC_C_ENG_P_DEMO_XML_TO_JSON,ENG_P_DEMO,XML_TO_JSON,XML_TO_JSON,SYSADMIN,False,2021-02-27T03:45:35.3350000-08:00,2021-02-27T11:45:35.3350000Z
CREATE MASKING POLICY,SCHEMA,ENG_P_DEMO.XML_TO_JSON,_AC_C_ENG_P_DEMO_XML_TO_JSON,ENG_P_DEMO,XML_TO_JSON,XML_TO_JSON,SYSADMIN,False,2021-02-27T03:45:35.3350000-08:00,2021-02-27T11:45:35.3350000Z
CREATE TABLE,SCHEMA,ENG_P_DEMO.XML_TO_JSON,_AC_C_ENG_P_DEMO_XML_TO_JSON,ENG_P_DEMO,XML_TO_JSON,XML_TO_JSON,SYSADMIN,False,2021-02-27T03:45:36.3360000-08:00,2021-02-27T11:45:36.3360000Z
CREATE VIEW,SCHEMA,ENG_P_DEMO.XML_TO_JSON,_AC_C_ENG_P_DEMO_XML_TO_JSON,ENG_P_DEMO,XML_TO_JSON,XML_TO_JSON,SYSADMIN,False,2021-02-27T03:45:36.3360000-08:00,2021-02-27T11:45:36.3360000Z
MONITOR,SCHEMA,ENG_P_DEMO.XML_TO_JSON,_AC_R_ENG_P_DEMO_XML_TO_JSON,ENG_P_DEMO,XML_TO_JSON,XML_TO_JSON,SYSADMIN,False,2021-02-27T03:45:38.3380000-08:00,2021-02-27T11:45:38.3380000Z
USAGE,SCHEMA,ENG_P_DEMO.XML_TO_JSON,_AC_R_ENG_P_DEMO_XML_TO_JSON,ENG_P_DEMO,XML_TO_JSON,XML_TO_JSON,SYSADMIN,False,2021-02-27T03:45:38.3380000-08:00,2021-02-27T11:45:38.3380000Z
OWNERSHIP,SCHEMA,ENG_P_DEMO.XML_TO_JSON,SYSADMIN,ENG_P_DEMO,XML_TO_JSON,XML_TO_JSON,SYSADMIN,True,2021-02-23T15:59:48.7880000-08:00,2021-02-23T23:59:48.7880000Z
USAGE,SCHEMA,SNOWFLAKE_SAMPLE_DATA.TPCDS_SF100TCL,ACCOUNTADMIN,SNOWFLAKE_SAMPLE_DATA,TPCDS_SF100TCL,TPCDS_SF100TCL,ACCOUNTADMIN,False,2020-10-19T12:12:48.7680000-07:00,2020-10-19T19:12:48.7680000Z
USAGE,SCHEMA,SNOWFLAKE_SAMPLE_DATA.TPCDS_SF100TCL,PUBLIC,SNOWFLAKE_SAMPLE_DATA,TPCDS_SF100TCL,TPCDS_SF100TCL,ACCOUNTADMIN,False,2020-10-19T12:12:48.7680000-07:00,2020-10-19T19:12:48.7680000Z
USAGE,SCHEMA,SNOWFLAKE_SAMPLE_DATA.TPCDS_SF10TCL,ACCOUNTADMIN,SNOWFLAKE_SAMPLE_DATA,TPCDS_SF10TCL,TPCDS_SF10TCL,ACCOUNTADMIN,False,2020-10-19T12:12:48.7680000-07:00,2020-10-19T19:12:48.7680000Z
USAGE,SCHEMA,SNOWFLAKE_SAMPLE_DATA.TPCDS_SF10TCL,PUBLIC,SNOWFLAKE_SAMPLE_DATA,TPCDS_SF10TCL,TPCDS_SF10TCL,ACCOUNTADMIN,False,2020-10-19T12:12:48.7680000-07:00,2020-10-19T19:12:48.7680000Z
USAGE,SCHEMA,SNOWFLAKE_SAMPLE_DATA.TPCH_SF001,ACCOUNTADMIN,SNOWFLAKE_SAMPLE_DATA,TPCH_SF001,TPCH_SF001,ACCOUNTADMIN,False,2020-10-19T12:12:48.7680000-07:00,2020-10-19T19:12:48.7680000Z
USAGE,SCHEMA,SNOWFLAKE_SAMPLE_DATA.TPCH_SF001,PUBLIC,SNOWFLAKE_SAMPLE_DATA,TPCH_SF001,TPCH_SF001,ACCOUNTADMIN,False,2020-10-19T12:12:48.7680000-07:00,2020-10-19T19:12:48.7680000Z
USAGE,SCHEMA,SNOWFLAKE_SAMPLE_DATA.TPCH_SF1,ACCOUNTADMIN,SNOWFLAKE_SAMPLE_DATA,TPCH_SF1,TPCH_SF1,ACCOUNTADMIN,False,2020-10-19T12:12:48.7680000-07:00,2020-10-19T19:12:48.7680000Z
USAGE,SCHEMA,SNOWFLAKE_SAMPLE_DATA.TPCH_SF1,PUBLIC,SNOWFLAKE_SAMPLE_DATA,TPCH_SF1,TPCH_SF1,ACCOUNTADMIN,False,2020-10-19T12:12:48.7680000-07:00,2020-10-19T19:12:48.7680000Z
USAGE,SCHEMA,SNOWFLAKE_SAMPLE_DATA.TPCH_SF10,ACCOUNTADMIN,SNOWFLAKE_SAMPLE_DATA,TPCH_SF10,TPCH_SF10,ACCOUNTADMIN,False,2020-10-19T12:12:48.7680000-07:00,2020-10-19T19:12:48.7680000Z
USAGE,SCHEMA,SNOWFLAKE_SAMPLE_DATA.TPCH_SF10,PUBLIC,SNOWFLAKE_SAMPLE_DATA,TPCH_SF10,TPCH_SF10,ACCOUNTADMIN,False,2020-10-19T12:12:48.7680000-07:00,2020-10-19T19:12:48.7680000Z
USAGE,SCHEMA,SNOWFLAKE_SAMPLE_DATA.TPCH_SF100,ACCOUNTADMIN,SNOWFLAKE_SAMPLE_DATA,TPCH_SF100,TPCH_SF100,ACCOUNTADMIN,False,2020-10-19T12:12:48.7680000-07:00,2020-10-19T19:12:48.7680000Z
USAGE,SCHEMA,SNOWFLAKE_SAMPLE_DATA.TPCH_SF100,PUBLIC,SNOWFLAKE_SAMPLE_DATA,TPCH_SF100,TPCH_SF100,ACCOUNTADMIN,False,2020-10-19T12:12:48.7680000-07:00,2020-10-19T19:12:48.7680000Z
USAGE,SCHEMA,SNOWFLAKE_SAMPLE_DATA.TPCH_SF1000,ACCOUNTADMIN,SNOWFLAKE_SAMPLE_DATA,TPCH_SF1000,TPCH_SF1000,ACCOUNTADMIN,False,2020-10-19T12:12:48.7680000-07:00,2020-10-19T19:12:48.7680000Z
USAGE,SCHEMA,SNOWFLAKE_SAMPLE_DATA.TPCH_SF1000,PUBLIC,SNOWFLAKE_SAMPLE_DATA,TPCH_SF1000,TPCH_SF1000,ACCOUNTADMIN,False,2020-10-19T12:12:48.7680000-07:00,2020-10-19T19:12:48.7680000Z
USAGE,SCHEMA,SNOWFLAKE_SAMPLE_DATA.TPCH_SF10000,ACCOUNTADMIN,SNOWFLAKE_SAMPLE_DATA,TPCH_SF10000,TPCH_SF10000,ACCOUNTADMIN,False,2020-10-19T12:12:48.7680000-07:00,2020-10-19T19:12:48.7680000Z
USAGE,SCHEMA,SNOWFLAKE_SAMPLE_DATA.TPCH_SF10000,PUBLIC,SNOWFLAKE_SAMPLE_DATA,TPCH_SF10000,TPCH_SF10000,ACCOUNTADMIN,False,2020-10-19T12:12:48.7680000-07:00,2020-10-19T19:12:48.7680000Z
CREATE FUNCTION,SCHEMA,SOP_P_DEMO.RBAC_GEN,_AC_C_SOP_P_DEMO_RBAC_GEN,SOP_P_DEMO,RBAC_GEN,RBAC_GEN,SYSADMIN,False,2021-02-26T12:30:10.4100000-08:00,2021-02-26T20:30:10.4100000Z
CREATE MASKING POLICY,SCHEMA,SOP_P_DEMO.RBAC_GEN,_AC_C_SOP_P_DEMO_RBAC_GEN,SOP_P_DEMO,RBAC_GEN,RBAC_GEN,SYSADMIN,False,2021-02-26T12:30:11.4110000-08:00,2021-02-26T20:30:11.4110000Z
CREATE MATERIALIZED VIEW,SCHEMA,SOP_P_DEMO.RBAC_GEN,_AC_C_SOP_P_DEMO_RBAC_GEN,SOP_P_DEMO,RBAC_GEN,RBAC_GEN,SYSADMIN,False,2021-02-26T12:30:11.4110000-08:00,2021-02-26T20:30:11.4110000Z
CREATE PROCEDURE,SCHEMA,SOP_P_DEMO.RBAC_GEN,_AC_C_SOP_P_DEMO_RBAC_GEN,SOP_P_DEMO,RBAC_GEN,RBAC_GEN,SYSADMIN,False,2021-02-26T12:30:11.4110000-08:00,2021-02-26T20:30:11.4110000Z
CREATE SEQUENCE,SCHEMA,SOP_P_DEMO.RBAC_GEN,_AC_C_SOP_P_DEMO_RBAC_GEN,SOP_P_DEMO,RBAC_GEN,RBAC_GEN,SYSADMIN,False,2021-02-26T12:30:11.4110000-08:00,2021-02-26T20:30:11.4110000Z
CREATE STREAM,SCHEMA,SOP_P_DEMO.RBAC_GEN,_AC_C_SOP_P_DEMO_RBAC_GEN,SOP_P_DEMO,RBAC_GEN,RBAC_GEN,SYSADMIN,False,2021-02-26T12:30:11.4110000-08:00,2021-02-26T20:30:11.4110000Z
CREATE TABLE,SCHEMA,SOP_P_DEMO.RBAC_GEN,_AC_C_SOP_P_DEMO_RBAC_GEN,SOP_P_DEMO,RBAC_GEN,RBAC_GEN,SYSADMIN,False,2021-02-26T12:30:12.4120000-08:00,2021-02-26T20:30:12.4120000Z
CREATE TASK,SCHEMA,SOP_P_DEMO.RBAC_GEN,_AC_C_SOP_P_DEMO_RBAC_GEN,SOP_P_DEMO,RBAC_GEN,RBAC_GEN,SYSADMIN,False,2021-02-26T12:30:12.4120000-08:00,2021-02-26T20:30:12.4120000Z
CREATE VIEW,SCHEMA,SOP_P_DEMO.RBAC_GEN,_AC_C_SOP_P_DEMO_RBAC_GEN,SOP_P_DEMO,RBAC_GEN,RBAC_GEN,SYSADMIN,False,2021-02-26T12:30:12.4120000-08:00,2021-02-26T20:30:12.4120000Z
MONITOR,SCHEMA,SOP_P_DEMO.RBAC_GEN,_AC_R_SOP_P_DEMO_RBAC_GEN,SOP_P_DEMO,RBAC_GEN,RBAC_GEN,SYSADMIN,False,2021-02-26T12:30:18.4180000-08:00,2021-02-26T20:30:18.4180000Z
USAGE,SCHEMA,SOP_P_DEMO.RBAC_GEN,_AC_R_SOP_P_DEMO_RBAC_GEN,SOP_P_DEMO,RBAC_GEN,RBAC_GEN,SYSADMIN,False,2021-02-26T12:30:18.4180000-08:00,2021-02-26T20:30:18.4180000Z
OWNERSHIP,SCHEMA,SOP_P_DEMO.RBAC_GEN,SYSADMIN,SOP_P_DEMO,RBAC_GEN,RBAC_GEN,SYSADMIN,True,2021-02-22T03:32:36.5560000-08:00,2021-02-22T11:32:36.5560000Z
CREATE FUNCTION,SCHEMA,SOP_P_DEMO.RLS,_AC_C_SOP_P_DEMO_RLS,SOP_P_DEMO,RLS,RLS,SYSADMIN,False,2021-02-27T13:48:42.5220000-08:00,2021-02-27T21:48:42.5220000Z
CREATE MASKING POLICY,SCHEMA,SOP_P_DEMO.RLS,_AC_C_SOP_P_DEMO_RLS,SOP_P_DEMO,RLS,RLS,SYSADMIN,False,2021-02-27T13:48:42.5220000-08:00,2021-02-27T21:48:42.5220000Z
CREATE TABLE,SCHEMA,SOP_P_DEMO.RLS,_AC_C_SOP_P_DEMO_RLS,SOP_P_DEMO,RLS,RLS,SYSADMIN,False,2021-02-27T13:48:42.5220000-08:00,2021-02-27T21:48:42.5220000Z
CREATE VIEW,SCHEMA,SOP_P_DEMO.RLS,_AC_C_SOP_P_DEMO_RLS,SOP_P_DEMO,RLS,RLS,SYSADMIN,False,2021-02-27T13:48:43.5230000-08:00,2021-02-27T21:48:43.5230000Z
MONITOR,SCHEMA,SOP_P_DEMO.RLS,_AC_R_SOP_P_DEMO_RLS,SOP_P_DEMO,RLS,RLS,SYSADMIN,False,2021-02-27T13:48:44.5240000-08:00,2021-02-27T21:48:44.5240000Z
USAGE,SCHEMA,SOP_P_DEMO.RLS,_AC_R_SOP_P_DEMO_RLS,SOP_P_DEMO,RLS,RLS,SYSADMIN,False,2021-02-27T13:48:44.5240000-08:00,2021-02-27T21:48:44.5240000Z
OWNERSHIP,SCHEMA,SOP_P_DEMO.RLS,SYSADMIN,SOP_P_DEMO,RLS,RLS,SYSADMIN,True,2021-02-27T13:45:58.3580000-08:00,2021-02-27T21:45:58.3580000Z
