Privilege,ObjectType,ObjectName,GrantedTo,DBName,SchemaName,EntityName,GrantedBy,WithGrantOption,CreatedOn,CreatedOnUTC
MONITOR,DATABASE,DOP_P_DEMO,_AC_R_DOP_P_DEMO_MONITOR,,,DOP_P_DEMO,SYSADMIN,False,2021-02-25T08:04:50.0900000-08:00,2021-02-25T16:04:50.0900000Z
USAGE,DATABASE,DOP_P_DEMO,_AC_R_DOP_P_DEMO_MONITOR,,,DOP_P_DEMO,SYSADMIN,False,2021-02-25T08:04:50.0900000-08:00,2021-02-25T16:04:50.0900000Z
USAGE,DATABASE,DOP_P_DEMO,DOP_P_ALERTING_ADMIN,,,DOP_P_DEMO,SYSADMIN,False,2021-03-03T16:53:11.1910000-08:00,2021-03-04T00:53:11.1910000Z
USAGE,DATABASE,DOP_P_DEMO,DOP_P_CLOUDWATCH_ADMIN,,,DOP_P_DEMO,SYSADMIN,False,2021-03-02T08:12:14.5340000-08:00,2021-03-02T16:12:14.5340000Z
USAGE,DATABASE,DOP_P_DEMO,SECURITYADMIN,,,DOP_P_DEMO,SYSADMIN,False,2021-02-23T15:34:42.2820000-08:00,2021-02-23T23:34:42.2820000Z
OWNERSHIP,DATABASE,DOP_P_DEMO,SYSADMIN,,,DOP_P_DEMO,SYSADMIN,True,2021-02-23T15:34:42.2820000-08:00,2021-02-23T23:34:42.2820000Z
MONITOR,DATABASE,DSC_P_DEMO,_AC_R_DSC_P_DEMO_SENTIMENT,,,DSC_P_DEMO,SYSADMIN,False,2021-02-27T03:46:31.3910000-08:00,2021-02-27T11:46:31.3910000Z
USAGE,DATABASE,DSC_P_DEMO,_AC_R_DSC_P_DEMO_SENTIMENT,,,DSC_P_DEMO,SYSADMIN,False,2021-02-27T03:46:31.3910000-08:00,2021-02-27T11:46:31.3910000Z
MONITOR,DATABASE,DSC_P_DEMO,_AC_R_DSC_P_DEMO_TWITTER,,,DSC_P_DEMO,SYSADMIN,False,2021-02-27T03:46:32.3920000-08:00,2021-02-27T11:46:32.3920000Z
USAGE,DATABASE,DSC_P_DEMO,_AC_R_DSC_P_DEMO_TWITTER,,,DSC_P_DEMO,SYSADMIN,False,2021-02-27T03:46:32.3920000-08:00,2021-02-27T11:46:32.3920000Z
USAGE,DATABASE,DSC_P_DEMO,SECURITYADMIN,,,DSC_P_DEMO,SYSADMIN,False,2021-02-23T15:37:52.4720000-08:00,2021-02-23T23:37:52.4720000Z
OWNERSHIP,DATABASE,DSC_P_DEMO,SYSADMIN,,,DSC_P_DEMO,SYSADMIN,True,2021-02-23T15:37:51.4710000-08:00,2021-02-23T23:37:51.4710000Z
MONITOR,DATABASE,ENG_P_DEMO,_AC_R_ENG_P_DEMO_DATAGEN,,,ENG_P_DEMO,SYSADMIN,False,2021-02-27T03:45:37.3370000-08:00,2021-02-27T11:45:37.3370000Z
USAGE,DATABASE,ENG_P_DEMO,_AC_R_ENG_P_DEMO_DATAGEN,,,ENG_P_DEMO,SYSADMIN,False,2021-02-27T03:45:37.3370000-08:00,2021-02-27T11:45:37.3370000Z
MONITOR,DATABASE,ENG_P_DEMO,_AC_R_ENG_P_DEMO_XML_TO_JSON,,,ENG_P_DEMO,SYSADMIN,False,2021-02-27T03:45:38.3380000-08:00,2021-02-27T11:45:38.3380000Z
USAGE,DATABASE,ENG_P_DEMO,_AC_R_ENG_P_DEMO_XML_TO_JSON,,,ENG_P_DEMO,SYSADMIN,False,2021-02-27T03:45:38.3380000-08:00,2021-02-27T11:45:38.3380000Z
USAGE,DATABASE,ENG_P_DEMO,SECURITYADMIN,,,ENG_P_DEMO,SYSADMIN,False,2021-02-23T15:59:14.7540000-08:00,2021-02-23T23:59:14.7540000Z
OWNERSHIP,DATABASE,ENG_P_DEMO,SYSADMIN,,,ENG_P_DEMO,SYSADMIN,True,2021-02-23T15:59:12.7520000-08:00,2021-02-23T23:59:12.7520000Z
OWNERSHIP,DATABASE,SNOWFLAKE_SAMPLE_DATA,ACCOUNTADMIN,,,SNOWFLAKE_SAMPLE_DATA,ACCOUNTADMIN,True,2020-10-19T12:12:48.7680000-07:00,2020-10-19T19:12:48.7680000Z
USAGE,DATABASE,SNOWFLAKE_SAMPLE_DATA,PUBLIC,,,SNOWFLAKE_SAMPLE_DATA,ACCOUNTADMIN,False,2020-10-19T12:12:48.7680000-07:00,2020-10-19T19:12:48.7680000Z
MONITOR,DATABASE,SOP_P_DEMO,_AC_R_SOP_P_DEMO_DDM,,,SOP_P_DEMO,SYSADMIN,False,2021-02-26T12:30:14.4140000-08:00,2021-02-26T20:30:14.4140000Z
USAGE,DATABASE,SOP_P_DEMO,_AC_R_SOP_P_DEMO_DDM,,,SOP_P_DEMO,SYSADMIN,False,2021-02-26T12:30:14.4140000-08:00,2021-02-26T20:30:14.4140000Z
MONITOR,DATABASE,SOP_P_DEMO,_AC_R_SOP_P_DEMO_RBAC_GEN,,,SOP_P_DEMO,SYSADMIN,False,2021-02-26T12:30:17.4170000-08:00,2021-02-26T20:30:17.4170000Z
USAGE,DATABASE,SOP_P_DEMO,_AC_R_SOP_P_DEMO_RBAC_GEN,,,SOP_P_DEMO,SYSADMIN,False,2021-02-26T12:30:17.4170000-08:00,2021-02-26T20:30:17.4170000Z
MONITOR,DATABASE,SOP_P_DEMO,_AC_R_SOP_P_DEMO_RLS,,,SOP_P_DEMO,SYSADMIN,False,2021-02-26T12:30:19.4190000-08:00,2021-02-26T20:30:19.4190000Z
USAGE,DATABASE,SOP_P_DEMO,_AC_R_SOP_P_DEMO_RLS,,,SOP_P_DEMO,SYSADMIN,False,2021-02-26T12:30:19.4190000-08:00,2021-02-26T20:30:19.4190000Z
USAGE,DATABASE,SOP_P_DEMO,SECURITYADMIN,,,SOP_P_DEMO,SYSADMIN,False,2021-02-20T05:37:12.2320000-08:00,2021-02-20T13:37:12.2320000Z
OWNERSHIP,DATABASE,SOP_P_DEMO,SYSADMIN,,,SOP_P_DEMO,SYSADMIN,True,2021-02-20T05:37:08.2280000-08:00,2021-02-20T13:37:08.2280000Z
