Privilege,ObjectType,ObjectName,GrantedTo,DBName,SchemaName,EntityName,GrantedBy,WithGrantOption,CreatedOn,CreatedOnUTC
OWNERSHIP,INTEGRATION,INT_SKE_ALERT_API,ACCOUNTADMIN,,,INT_SKE_ALERT_API,ACCOUNTADMIN,True,2021-01-25T17:31:03.6630000-08:00,2021-01-26T01:31:03.6630000Z
USAGE,INTEGRATION,INT_SKE_ALERT_API,DOP_P_ALERTING_ADMIN,,,INT_SKE_ALERT_API,ACCOUNTADMIN,False,2021-03-03T16:52:27.1470000-08:00,2021-03-04T00:52:27.1470000Z
OWNERSHIP,INTEGRATION,INT_SKE_CLOUDWATCH_API,ACCOUNTADMIN,,,INT_SKE_CLOUDWATCH_API,ACCOUNTADMIN,True,2021-02-02T06:12:03.1230000-08:00,2021-02-02T14:12:03.1230000Z
OWNERSHIP,INTEGRATION,INT_SKE_FLAKER_API,ACCOUNTADMIN,,,INT_SKE_FLAKER_API,ACCOUNTADMIN,True,2021-01-26T13:27:02.4220000-08:00,2021-01-26T21:27:02.4220000Z
OWNERSHIP,INTEGRATION,INT_SKE_PII_DETECT_API,ACCOUNTADMIN,,,INT_SKE_PII_DETECT_API,ACCOUNTADMIN,True,2021-01-26T19:10:19.0190000-08:00,2021-01-27T03:10:19.0190000Z
OWNERSHIP,INTEGRATION,INT_SKE_SENTIMENT_API,ACCOUNTADMIN,,,INT_SKE_SENTIMENT_API,ACCOUNTADMIN,True,2021-01-26T14:24:34.8740000-08:00,2021-01-26T22:24:34.8740000Z
OWNERSHIP,INTEGRATION,INT_SKE_TWITTER_API,ACCOUNTADMIN,,,INT_SKE_TWITTER_API,ACCOUNTADMIN,True,2021-01-27T08:48:28.1080000-08:00,2021-01-27T16:48:28.1080000Z
OWNERSHIP,INTEGRATION,INT_SKE_XMLTOJSON_API,ACCOUNTADMIN,,,INT_SKE_XMLTOJSON_API,ACCOUNTADMIN,True,2021-02-15T12:27:21.8410000-08:00,2021-02-15T20:27:21.8410000Z
OWNERSHIP,INTEGRATION,OKTA_PROVISIONING,ACCOUNTADMIN,,,OKTA_PROVISIONING,ACCOUNTADMIN,True,2021-02-26T11:07:43.4630000-08:00,2021-02-26T19:07:43.4630000Z
OWNERSHIP,INTEGRATION,SNOWBIZ_OKTA,ACCOUNTADMIN,,,SNOWBIZ_OKTA,ACCOUNTADMIN,True,2021-02-26T11:06:45.4050000-08:00,2021-02-26T19:06:45.4050000Z
