ObjectType,ObjectName,GrantedTo,DBName,SchemaName,EntityName,OWNERSHIP,USAGE
INTEGRATION,INT_SKE_ALERT_API,ACCOUNTADMIN,,,INT_SKE_ALERT_API,X+,
INTEGRATION,INT_SKE_ALERT_API,DOP_P_ALERTING_ADMIN,,,INT_SKE_ALERT_API,,X
INTEGRATION,INT_SKE_CLOUDWATCH_API,ACCOUNTADMIN,,,INT_SKE_CLOUDWATCH_API,X+,
INTEGRATION,INT_SKE_FLAKER_API,ACCOUNTADMIN,,,INT_SKE_FLAKER_API,X+,
INTEGRATION,INT_SKE_PII_DETECT_API,ACCOUNTADMIN,,,INT_SKE_PII_DETECT_API,X+,
INTEGRATION,INT_SKE_SENTIMENT_API,ACCOUNTADMIN,,,INT_SKE_SENTIMENT_API,X+,
INTEGRATION,INT_SKE_TWITTER_API,ACCOUNTADMIN,,,INT_SKE_TWITTER_API,X+,
INTEGRATION,INT_SKE_XMLTOJSON_API,ACCOUNTADMIN,,,INT_SKE_XMLTOJSON_API,X+,
INTEGRATION,OKTA_PROVISIONING,ACCOUNTADMIN,,,OKTA_PROVISIONING,X+,
INTEGRATION,SNOWBIZ_OKTA,ACCOUNTADMIN,,,SNOWBIZ_OKTA,X+,
