ObjectType,ObjectName,GrantedTo,DBName,SchemaName,EntityName,OWNERSHIP,USAGE
ROLE,_AC_C_COM_P_UTIL,SECURITYADMIN,,,_AC_C_COM_P_UTIL,X+,
ROLE,_AC_C_COM_P_UTIL,SKE_P_UTIL_ADMIN,,,_AC_C_COM_P_UTIL,,X
ROLE,_AC_C_COM_P_UTIL,SYSADMIN,,,_AC_C_COM_P_UTIL,,X
ROLE,_AC_C_COM_P_UTIL_DB_SCH_BR,SECURITYADMIN,,,_AC_C_COM_P_UTIL_DB_SCH_BR,X+,
ROLE,_AC_C_COM_P_UTIL_DB_SCH_BR,SYSADMIN,,,_AC_C_COM_P_UTIL_DB_SCH_BR,,X
ROLE,_AC_C_DOP_P_DEMO_ALERTING,DOP_P_ALERTING_ADMIN,,,_AC_C_DOP_P_DEMO_ALERTING,,X
ROLE,_AC_C_DOP_P_DEMO_ALERTING,SECURITYADMIN,,,_AC_C_DOP_P_DEMO_ALERTING,X+,
ROLE,_AC_C_DOP_P_DEMO_ALERTING,SYSADMIN,,,_AC_C_DOP_P_DEMO_ALERTING,,X
ROLE,_AC_C_DOP_P_DEMO_CLOUDWATCH,DOP_P_CLOUDWATCH_ADMIN,,,_AC_C_DOP_P_DEMO_CLOUDWATCH,,X
ROLE,_AC_C_DOP_P_DEMO_CLOUDWATCH,SECURITYADMIN,,,_AC_C_DOP_P_DEMO_CLOUDWATCH,X+,
ROLE,_AC_C_DOP_P_DEMO_CLOUDWATCH,SYSADMIN,,,_AC_C_DOP_P_DEMO_CLOUDWATCH,,X
ROLE,_AC_C_DOP_P_DEMO_MONITOR,DOP_P_MONITOR_ADMIN,,,_AC_C_DOP_P_DEMO_MONITOR,,X
ROLE,_AC_C_DOP_P_DEMO_MONITOR,SECURITYADMIN,,,_AC_C_DOP_P_DEMO_MONITOR,X+,
ROLE,_AC_C_DOP_P_DEMO_MONITOR,SYSADMIN,,,_AC_C_DOP_P_DEMO_MONITOR,,X
ROLE,_AC_C_DSC_P_DEMO_SENTIMENT,DSC_P_SENTIMENT_ADMIN,,,_AC_C_DSC_P_DEMO_SENTIMENT,,X
ROLE,_AC_C_DSC_P_DEMO_SENTIMENT,SECURITYADMIN,,,_AC_C_DSC_P_DEMO_SENTIMENT,X+,
ROLE,_AC_C_DSC_P_DEMO_SENTIMENT,SYSADMIN,,,_AC_C_DSC_P_DEMO_SENTIMENT,,X
ROLE,_AC_C_DSC_P_DEMO_TWITTER,DSC_P_TWITTER_ADMIN,,,_AC_C_DSC_P_DEMO_TWITTER,,X
ROLE,_AC_C_DSC_P_DEMO_TWITTER,SECURITYADMIN,,,_AC_C_DSC_P_DEMO_TWITTER,X+,
ROLE,_AC_C_DSC_P_DEMO_TWITTER,SYSADMIN,,,_AC_C_DSC_P_DEMO_TWITTER,,X
ROLE,_AC_C_ENG_P_DEMO_DATAGEN,ENG_P_DATAGEN_ADMIN,,,_AC_C_ENG_P_DEMO_DATAGEN,,X
ROLE,_AC_C_ENG_P_DEMO_DATAGEN,SECURITYADMIN,,,_AC_C_ENG_P_DEMO_DATAGEN,X+,
ROLE,_AC_C_ENG_P_DEMO_DATAGEN,SYSADMIN,,,_AC_C_ENG_P_DEMO_DATAGEN,,X
ROLE,_AC_C_ENG_P_DEMO_XML_TO_JSON,ENG_P_XML_TO_JSON_ADMIN,,,_AC_C_ENG_P_DEMO_XML_TO_JSON,,X
ROLE,_AC_C_ENG_P_DEMO_XML_TO_JSON,SECURITYADMIN,,,_AC_C_ENG_P_DEMO_XML_TO_JSON,X+,
ROLE,_AC_C_ENG_P_DEMO_XML_TO_JSON,SYSADMIN,,,_AC_C_ENG_P_DEMO_XML_TO_JSON,,X
ROLE,_AC_C_SKE_P_WRK,PST_WORKSPACE,,,_AC_C_SKE_P_WRK,,X
ROLE,_AC_C_SKE_P_WRK,SECURITYADMIN,,,_AC_C_SKE_P_WRK,X+,
ROLE,_AC_C_SKE_P_WRK,SYSADMIN,,,_AC_C_SKE_P_WRK,,X
ROLE,_AC_C_SOP_P_DEMO_DDM,SECURITYADMIN,,,_AC_C_SOP_P_DEMO_DDM,X+,
ROLE,_AC_C_SOP_P_DEMO_DDM,SOP_P_DDM_ADMIN,,,_AC_C_SOP_P_DEMO_DDM,,X
ROLE,_AC_C_SOP_P_DEMO_DDM,SYSADMIN,,,_AC_C_SOP_P_DEMO_DDM,,X
ROLE,_AC_C_SOP_P_DEMO_RBAC_GEN,SECURITYADMIN,,,_AC_C_SOP_P_DEMO_RBAC_GEN,X+,
ROLE,_AC_C_SOP_P_DEMO_RBAC_GEN,SYSADMIN,,,_AC_C_SOP_P_DEMO_RBAC_GEN,,X
ROLE,_AC_C_SOP_P_DEMO_RLS,SECURITYADMIN,,,_AC_C_SOP_P_DEMO_RLS,X+,
ROLE,_AC_C_SOP_P_DEMO_RLS,SOP_P_RLS_ADMIN,,,_AC_C_SOP_P_DEMO_RLS,,X
ROLE,_AC_C_SOP_P_DEMO_RLS,SYSADMIN,,,_AC_C_SOP_P_DEMO_RLS,,X
ROLE,_AC_C_SOP_P_MSTR_DDM,SECURITYADMIN,,,_AC_C_SOP_P_MSTR_DDM,X+,
ROLE,_AC_C_SOP_P_MSTR_DDM,SYSADMIN,,,_AC_C_SOP_P_MSTR_DDM,,X
ROLE,_AC_O_SKE_P_ADHOC_BIG,SECURITYADMIN,,,_AC_O_SKE_P_ADHOC_BIG,X+,
ROLE,_AC_O_SKE_P_ADHOC_BIG,SYSADMIN,,,_AC_O_SKE_P_ADHOC_BIG,,X
ROLE,_AC_O_SKE_P_ADHOC_TINY,SECURITYADMIN,,,_AC_O_SKE_P_ADHOC_TINY,X+,
ROLE,_AC_O_SKE_P_ADHOC_TINY,SYSADMIN,,,_AC_O_SKE_P_ADHOC_TINY,,X
ROLE,_AC_O_SKE_P_ELT,DOP_P_ALERTING_ADMIN,,,_AC_O_SKE_P_ELT,,X
ROLE,_AC_O_SKE_P_ELT,DOP_P_CLOUDWATCH_ADMIN,,,_AC_O_SKE_P_ELT,,X
ROLE,_AC_O_SKE_P_ELT,DOP_P_MONITOR_ADMIN,,,_AC_O_SKE_P_ELT,,X
ROLE,_AC_O_SKE_P_ELT,DSC_P_SENTIMENT_ADMIN,,,_AC_O_SKE_P_ELT,,X
ROLE,_AC_O_SKE_P_ELT,DSC_P_TWITTER_ADMIN,,,_AC_O_SKE_P_ELT,,X
ROLE,_AC_O_SKE_P_ELT,ENG_P_DATAGEN_ADMIN,,,_AC_O_SKE_P_ELT,,X
ROLE,_AC_O_SKE_P_ELT,ENG_P_XML_TO_JSON_ADMIN,,,_AC_O_SKE_P_ELT,,X
ROLE,_AC_O_SKE_P_ELT,SECURITYADMIN,,,_AC_O_SKE_P_ELT,X+,
ROLE,_AC_O_SKE_P_ELT,SOP_P_DDM_ADMIN,,,_AC_O_SKE_P_ELT,,X
ROLE,_AC_O_SKE_P_ELT,SOP_P_RBAC_GEN_ADMIN,,,_AC_O_SKE_P_ELT,,X
ROLE,_AC_O_SKE_P_ELT,SOP_P_RLS_ADMIN,,,_AC_O_SKE_P_ELT,,X
ROLE,_AC_O_SKE_P_ELT,SYSADMIN,,,_AC_O_SKE_P_ELT,,X
ROLE,_AC_R_COM_P_UTIL,_AC_W_COM_P_UTIL,,,_AC_R_COM_P_UTIL,,X
ROLE,_AC_R_COM_P_UTIL,SECURITYADMIN,,,_AC_R_COM_P_UTIL,X+,
ROLE,_AC_R_COM_P_UTIL_DB_SCH_BR,_AC_W_COM_P_UTIL_DB_SCH_BR,,,_AC_R_COM_P_UTIL_DB_SCH_BR,,X
ROLE,_AC_R_COM_P_UTIL_DB_SCH_BR,SECURITYADMIN,,,_AC_R_COM_P_UTIL_DB_SCH_BR,X+,
ROLE,_AC_R_DOP_P_DEMO_ALERTING,_AC_W_DOP_P_DEMO_ALERTING,,,_AC_R_DOP_P_DEMO_ALERTING,,X
ROLE,_AC_R_DOP_P_DEMO_ALERTING,DOP_P_MONITOR_ADMIN,,,_AC_R_DOP_P_DEMO_ALERTING,,X
ROLE,_AC_R_DOP_P_DEMO_ALERTING,SECURITYADMIN,,,_AC_R_DOP_P_DEMO_ALERTING,X+,
ROLE,_AC_R_DOP_P_DEMO_ALERTING,SKE_P_DEMO,,,_AC_R_DOP_P_DEMO_ALERTING,,X
ROLE,_AC_R_DOP_P_DEMO_CLOUDWATCH,_AC_W_DOP_P_DEMO_CLOUDWATCH,,,_AC_R_DOP_P_DEMO_CLOUDWATCH,,X
ROLE,_AC_R_DOP_P_DEMO_CLOUDWATCH,SECURITYADMIN,,,_AC_R_DOP_P_DEMO_CLOUDWATCH,X+,
ROLE,_AC_R_DOP_P_DEMO_CLOUDWATCH,SKE_P_DEMO,,,_AC_R_DOP_P_DEMO_CLOUDWATCH,,X
ROLE,_AC_R_DOP_P_DEMO_MONITOR,_AC_W_DOP_P_DEMO_MONITOR,,,_AC_R_DOP_P_DEMO_MONITOR,,X
ROLE,_AC_R_DOP_P_DEMO_MONITOR,SECURITYADMIN,,,_AC_R_DOP_P_DEMO_MONITOR,X+,
ROLE,_AC_R_DOP_P_DEMO_MONITOR,SKE_P_DEMO,,,_AC_R_DOP_P_DEMO_MONITOR,,X
ROLE,_AC_R_DSC_P_DEMO_SENTIMENT,_AC_W_DSC_P_DEMO_SENTIMENT,,,_AC_R_DSC_P_DEMO_SENTIMENT,,X
ROLE,_AC_R_DSC_P_DEMO_SENTIMENT,SECURITYADMIN,,,_AC_R_DSC_P_DEMO_SENTIMENT,X+,
ROLE,_AC_R_DSC_P_DEMO_SENTIMENT,SKE_P_DEMO,,,_AC_R_DSC_P_DEMO_SENTIMENT,,X
ROLE,_AC_R_DSC_P_DEMO_TWITTER,_AC_W_DSC_P_DEMO_TWITTER,,,_AC_R_DSC_P_DEMO_TWITTER,,X
ROLE,_AC_R_DSC_P_DEMO_TWITTER,SECURITYADMIN,,,_AC_R_DSC_P_DEMO_TWITTER,X+,
ROLE,_AC_R_DSC_P_DEMO_TWITTER,SKE_P_DEMO,,,_AC_R_DSC_P_DEMO_TWITTER,,X
ROLE,_AC_R_ENG_P_DEMO_DATAGEN,_AC_W_ENG_P_DEMO_DATAGEN,,,_AC_R_ENG_P_DEMO_DATAGEN,,X
ROLE,_AC_R_ENG_P_DEMO_DATAGEN,SECURITYADMIN,,,_AC_R_ENG_P_DEMO_DATAGEN,X+,
ROLE,_AC_R_ENG_P_DEMO_DATAGEN,SKE_P_DEMO,,,_AC_R_ENG_P_DEMO_DATAGEN,,X
ROLE,_AC_R_ENG_P_DEMO_DATAGEN,SOP_P_RLS_ADMIN,,,_AC_R_ENG_P_DEMO_DATAGEN,,X
ROLE,_AC_R_ENG_P_DEMO_XML_TO_JSON,_AC_W_ENG_P_DEMO_XML_TO_JSON,,,_AC_R_ENG_P_DEMO_XML_TO_JSON,,X
ROLE,_AC_R_ENG_P_DEMO_XML_TO_JSON,SECURITYADMIN,,,_AC_R_ENG_P_DEMO_XML_TO_JSON,X+,
ROLE,_AC_R_ENG_P_DEMO_XML_TO_JSON,SKE_P_DEMO,,,_AC_R_ENG_P_DEMO_XML_TO_JSON,,X
ROLE,_AC_R_SKE_P_WRK,_AC_W_SKE_P_WRK,,,_AC_R_SKE_P_WRK,,X
ROLE,_AC_R_SKE_P_WRK,SECURITYADMIN,,,_AC_R_SKE_P_WRK,X+,
ROLE,_AC_R_SOP_P_DEMO_DDM,_AC_W_SOP_P_DEMO_DDM,,,_AC_R_SOP_P_DEMO_DDM,,X
ROLE,_AC_R_SOP_P_DEMO_DDM,SECURITYADMIN,,,_AC_R_SOP_P_DEMO_DDM,X+,
ROLE,_AC_R_SOP_P_DEMO_RBAC_GEN,_AC_W_SOP_P_DEMO_RBAC_GEN,,,_AC_R_SOP_P_DEMO_RBAC_GEN,,X
ROLE,_AC_R_SOP_P_DEMO_RBAC_GEN,SECURITYADMIN,,,_AC_R_SOP_P_DEMO_RBAC_GEN,X+,
ROLE,_AC_R_SOP_P_DEMO_RBAC_GEN,SKE_P_DEMO,,,_AC_R_SOP_P_DEMO_RBAC_GEN,,X
ROLE,_AC_R_SOP_P_DEMO_RLS,_AC_W_SOP_P_DEMO_RLS,,,_AC_R_SOP_P_DEMO_RLS,,X
ROLE,_AC_R_SOP_P_DEMO_RLS,SECURITYADMIN,,,_AC_R_SOP_P_DEMO_RLS,X+,
ROLE,_AC_R_SOP_P_DEMO_RLS,SKE_P_DEMO,,,_AC_R_SOP_P_DEMO_RLS,,X
ROLE,_AC_R_SOP_P_MSTR_DDM,_AC_W_SOP_P_MSTR_DDM,,,_AC_R_SOP_P_MSTR_DDM,,X
ROLE,_AC_R_SOP_P_MSTR_DDM,SECURITYADMIN,,,_AC_R_SOP_P_MSTR_DDM,X+,
ROLE,_AC_U_SKE_P_ADHOC_BIG,_AC_O_SKE_P_ADHOC_BIG,,,_AC_U_SKE_P_ADHOC_BIG,,X
ROLE,_AC_U_SKE_P_ADHOC_BIG,SECURITYADMIN,,,_AC_U_SKE_P_ADHOC_BIG,X+,
ROLE,_AC_U_SKE_P_ADHOC_BIG,SKE_P_DEMO,,,_AC_U_SKE_P_ADHOC_BIG,,X
ROLE,_AC_U_SKE_P_ADHOC_TINY,_AC_O_SKE_P_ADHOC_TINY,,,_AC_U_SKE_P_ADHOC_TINY,,X
ROLE,_AC_U_SKE_P_ADHOC_TINY,SECURITYADMIN,,,_AC_U_SKE_P_ADHOC_TINY,X+,
ROLE,_AC_U_SKE_P_ADHOC_TINY,SKE_P_DEMO,,,_AC_U_SKE_P_ADHOC_TINY,,X
ROLE,_AC_U_SKE_P_ELT,_AC_O_SKE_P_ELT,,,_AC_U_SKE_P_ELT,,X
ROLE,_AC_U_SKE_P_ELT,SECURITYADMIN,,,_AC_U_SKE_P_ELT,X+,
ROLE,_AC_W_COM_P_UTIL,_AC_C_COM_P_UTIL,,,_AC_W_COM_P_UTIL,,X
ROLE,_AC_W_COM_P_UTIL,SECURITYADMIN,,,_AC_W_COM_P_UTIL,X+,
ROLE,_AC_W_COM_P_UTIL_DB_SCH_BR,_AC_C_COM_P_UTIL_DB_SCH_BR,,,_AC_W_COM_P_UTIL_DB_SCH_BR,,X
ROLE,_AC_W_COM_P_UTIL_DB_SCH_BR,SECURITYADMIN,,,_AC_W_COM_P_UTIL_DB_SCH_BR,X+,
ROLE,_AC_W_DOP_P_DEMO_ALERTING,_AC_C_DOP_P_DEMO_ALERTING,,,_AC_W_DOP_P_DEMO_ALERTING,,X
ROLE,_AC_W_DOP_P_DEMO_ALERTING,SECURITYADMIN,,,_AC_W_DOP_P_DEMO_ALERTING,X+,
ROLE,_AC_W_DOP_P_DEMO_CLOUDWATCH,_AC_C_DOP_P_DEMO_CLOUDWATCH,,,_AC_W_DOP_P_DEMO_CLOUDWATCH,,X
ROLE,_AC_W_DOP_P_DEMO_CLOUDWATCH,SECURITYADMIN,,,_AC_W_DOP_P_DEMO_CLOUDWATCH,X+,
ROLE,_AC_W_DOP_P_DEMO_MONITOR,_AC_C_DOP_P_DEMO_MONITOR,,,_AC_W_DOP_P_DEMO_MONITOR,,X
ROLE,_AC_W_DOP_P_DEMO_MONITOR,SECURITYADMIN,,,_AC_W_DOP_P_DEMO_MONITOR,X+,
ROLE,_AC_W_DSC_P_DEMO_SENTIMENT,_AC_C_DSC_P_DEMO_SENTIMENT,,,_AC_W_DSC_P_DEMO_SENTIMENT,,X
ROLE,_AC_W_DSC_P_DEMO_SENTIMENT,SECURITYADMIN,,,_AC_W_DSC_P_DEMO_SENTIMENT,X+,
ROLE,_AC_W_DSC_P_DEMO_TWITTER,_AC_C_DSC_P_DEMO_TWITTER,,,_AC_W_DSC_P_DEMO_TWITTER,,X
ROLE,_AC_W_DSC_P_DEMO_TWITTER,SECURITYADMIN,,,_AC_W_DSC_P_DEMO_TWITTER,X+,
ROLE,_AC_W_ENG_P_DEMO_DATAGEN,_AC_C_ENG_P_DEMO_DATAGEN,,,_AC_W_ENG_P_DEMO_DATAGEN,,X
ROLE,_AC_W_ENG_P_DEMO_DATAGEN,SECURITYADMIN,,,_AC_W_ENG_P_DEMO_DATAGEN,X+,
ROLE,_AC_W_ENG_P_DEMO_XML_TO_JSON,_AC_C_ENG_P_DEMO_XML_TO_JSON,,,_AC_W_ENG_P_DEMO_XML_TO_JSON,,X
ROLE,_AC_W_ENG_P_DEMO_XML_TO_JSON,SECURITYADMIN,,,_AC_W_ENG_P_DEMO_XML_TO_JSON,X+,
ROLE,_AC_W_SKE_P_WRK,_AC_C_SKE_P_WRK,,,_AC_W_SKE_P_WRK,,X
ROLE,_AC_W_SKE_P_WRK,SECURITYADMIN,,,_AC_W_SKE_P_WRK,X+,
ROLE,_AC_W_SOP_P_DEMO_DDM,_AC_C_SOP_P_DEMO_DDM,,,_AC_W_SOP_P_DEMO_DDM,,X
ROLE,_AC_W_SOP_P_DEMO_DDM,SECURITYADMIN,,,_AC_W_SOP_P_DEMO_DDM,X+,
ROLE,_AC_W_SOP_P_DEMO_RBAC_GEN,_AC_C_SOP_P_DEMO_RBAC_GEN,,,_AC_W_SOP_P_DEMO_RBAC_GEN,,X
ROLE,_AC_W_SOP_P_DEMO_RBAC_GEN,SECURITYADMIN,,,_AC_W_SOP_P_DEMO_RBAC_GEN,X+,
ROLE,_AC_W_SOP_P_DEMO_RLS,_AC_C_SOP_P_DEMO_RLS,,,_AC_W_SOP_P_DEMO_RLS,,X
ROLE,_AC_W_SOP_P_DEMO_RLS,SECURITYADMIN,,,_AC_W_SOP_P_DEMO_RLS,X+,
ROLE,_AC_W_SOP_P_MSTR_DDM,_AC_C_SOP_P_MSTR_DDM,,,_AC_W_SOP_P_MSTR_DDM,,X
ROLE,_AC_W_SOP_P_MSTR_DDM,SECURITYADMIN,,,_AC_W_SOP_P_MSTR_DDM,X+,
ROLE,_AC_X_TASK_ADMIN,DOP_P_MONITOR_ADMIN,,,_AC_X_TASK_ADMIN,,X
ROLE,_AC_X_TASK_ADMIN,SECURITYADMIN,,,_AC_X_TASK_ADMIN,X+,
ROLE,_AC_X_TASK_ADMIN,SKE_P_UTIL_ADMIN,,,_AC_X_TASK_ADMIN,,X
ROLE,_AC_X_TASK_ADMIN,SYSADMIN,,,_AC_X_TASK_ADMIN,,X
ROLE,_CS_SOP_RLS_DDM_EMPLOYEE_PII,SECURITYADMIN,,,_CS_SOP_RLS_DDM_EMPLOYEE_PII,X+,
ROLE,_RS_SOP_RLS_MKTSEGMENT_AUTOMOBILE,SECURITYADMIN,,,_RS_SOP_RLS_MKTSEGMENT_AUTOMOBILE,X+,
ROLE,_RS_SOP_RLS_MKTSEGMENT_BUILDING,SECURITYADMIN,,,_RS_SOP_RLS_MKTSEGMENT_BUILDING,X+,
ROLE,_RS_SOP_RLS_MKTSEGMENT_FURNITURE,SECURITYADMIN,,,_RS_SOP_RLS_MKTSEGMENT_FURNITURE,X+,
ROLE,_RS_SOP_RLS_MKTSEGMENT_HOUSEHOLD,SECURITYADMIN,,,_RS_SOP_RLS_MKTSEGMENT_HOUSEHOLD,X+,
ROLE,_RS_SOP_RLS_MKTSEGMENT_MACHINERY,SECURITYADMIN,,,_RS_SOP_RLS_MKTSEGMENT_MACHINERY,X+,
ROLE,_RS_SOP_RLS_REGION_EAST,_RS_SOP_RLS_REGION_USA,,,_RS_SOP_RLS_REGION_EAST,,X
ROLE,_RS_SOP_RLS_REGION_EAST,SECURITYADMIN,,,_RS_SOP_RLS_REGION_EAST,X+,
ROLE,_RS_SOP_RLS_REGION_MIDWEST,_RS_SOP_RLS_REGION_WEST,,,_RS_SOP_RLS_REGION_MIDWEST,,X
ROLE,_RS_SOP_RLS_REGION_MIDWEST,SECURITYADMIN,,,_RS_SOP_RLS_REGION_MIDWEST,X+,
ROLE,_RS_SOP_RLS_REGION_NORTHEAST,_RS_SOP_RLS_REGION_EAST,,,_RS_SOP_RLS_REGION_NORTHEAST,,X
ROLE,_RS_SOP_RLS_REGION_NORTHEAST,SECURITYADMIN,,,_RS_SOP_RLS_REGION_NORTHEAST,X+,
ROLE,_RS_SOP_RLS_REGION_SOUTH,_RS_SOP_RLS_REGION_EAST,,,_RS_SOP_RLS_REGION_SOUTH,,X
ROLE,_RS_SOP_RLS_REGION_SOUTH,SECURITYADMIN,,,_RS_SOP_RLS_REGION_SOUTH,X+,
ROLE,_RS_SOP_RLS_REGION_SOUTHWEST,_RS_SOP_RLS_REGION_WEST,,,_RS_SOP_RLS_REGION_SOUTHWEST,,X
ROLE,_RS_SOP_RLS_REGION_SOUTHWEST,SECURITYADMIN,,,_RS_SOP_RLS_REGION_SOUTHWEST,X+,
ROLE,_RS_SOP_RLS_REGION_USA,SECURITYADMIN,,,_RS_SOP_RLS_REGION_USA,X+,
ROLE,_RS_SOP_RLS_REGION_WEST,_RS_SOP_RLS_REGION_USA,,,_RS_SOP_RLS_REGION_WEST,,X
ROLE,_RS_SOP_RLS_REGION_WEST,SECURITYADMIN,,,_RS_SOP_RLS_REGION_WEST,X+,
ROLE,"""SKE.DDM_DEMO""",ACCOUNTADMIN,,,SKE.DDM_DEMO,X+,
ROLE,DOP_P_ALERTING_ADMIN,SECURITYADMIN,,,DOP_P_ALERTING_ADMIN,X+,
ROLE,DOP_P_ALERTING_ADMIN,SYSADMIN,,,DOP_P_ALERTING_ADMIN,,X
ROLE,DOP_P_CLOUDWATCH_ADMIN,SECURITYADMIN,,,DOP_P_CLOUDWATCH_ADMIN,X+,
ROLE,DOP_P_CLOUDWATCH_ADMIN,SYSADMIN,,,DOP_P_CLOUDWATCH_ADMIN,,X
ROLE,DOP_P_MONITOR_ADMIN,SECURITYADMIN,,,DOP_P_MONITOR_ADMIN,X+,
ROLE,DOP_P_MONITOR_ADMIN,SYSADMIN,,,DOP_P_MONITOR_ADMIN,,X
ROLE,DSC_P_SENTIMENT_ADMIN,SECURITYADMIN,,,DSC_P_SENTIMENT_ADMIN,X+,
ROLE,DSC_P_SENTIMENT_ADMIN,SYSADMIN,,,DSC_P_SENTIMENT_ADMIN,,X
ROLE,DSC_P_TWITTER_ADMIN,SECURITYADMIN,,,DSC_P_TWITTER_ADMIN,X+,
ROLE,DSC_P_TWITTER_ADMIN,SYSADMIN,,,DSC_P_TWITTER_ADMIN,,X
ROLE,ENG_P_DATAGEN_ADMIN,SECURITYADMIN,,,ENG_P_DATAGEN_ADMIN,X+,
ROLE,ENG_P_DATAGEN_ADMIN,SYSADMIN,,,ENG_P_DATAGEN_ADMIN,,X
ROLE,ENG_P_XML_TO_JSON_ADMIN,SECURITYADMIN,,,ENG_P_XML_TO_JSON_ADMIN,X+,
ROLE,ENG_P_XML_TO_JSON_ADMIN,SYSADMIN,,,ENG_P_XML_TO_JSON_ADMIN,,X
ROLE,OKTA_PROVISIONER,ACCOUNTADMIN,,,OKTA_PROVISIONER,X+,X
ROLE,PST_WORKSPACE,SECURITYADMIN,,,PST_WORKSPACE,X+,
ROLE,SECURITYADMIN,ACCOUNTADMIN,,,SECURITYADMIN,,X+
ROLE,SKE_P_DDM_HR_CLERK,SECURITYADMIN,,,SKE_P_DDM_HR_CLERK,X+,
ROLE,SKE_P_DDM_HR_CLERK,SKE_P_DDM_HR_MGR,,,SKE_P_DDM_HR_CLERK,,X
ROLE,SKE_P_DDM_HR_MGR,SECURITYADMIN,,,SKE_P_DDM_HR_MGR,X+,
ROLE,SKE_P_DEMO,OKTA_PROVISIONER,,,SKE_P_DEMO,X+,
ROLE,SKE_P_DEMO,PST_WORKSPACE,,,SKE_P_DEMO,,X
ROLE,SKE_P_DEMO,SKE_P_DDM_HR_CLERK,,,SKE_P_DEMO,,X
ROLE,SKE_P_UTIL_ADMIN,SECURITYADMIN,,,SKE_P_UTIL_ADMIN,X+,
ROLE,SOP_P_DDM_ADMIN,SECURITYADMIN,,,SOP_P_DDM_ADMIN,X+,
ROLE,SOP_P_DDM_ADMIN,SYSADMIN,,,SOP_P_DDM_ADMIN,,X
ROLE,SOP_P_RBAC_GEN_ADMIN,SECURITYADMIN,,,SOP_P_RBAC_GEN_ADMIN,X+,
ROLE,SOP_P_RBAC_GEN_ADMIN,SYSADMIN,,,SOP_P_RBAC_GEN_ADMIN,,X
ROLE,SOP_P_RLS_ADMIN,SECURITYADMIN,,,SOP_P_RLS_ADMIN,X+,
ROLE,SOP_P_RLS_ADMIN,SYSADMIN,,,SOP_P_RLS_ADMIN,,X
ROLE,SYSADMIN,ACCOUNTADMIN,,,SYSADMIN,,X+
ROLE,USERADMIN,SECURITYADMIN,,,USERADMIN,,X+
