Privilege,ObjectType,ObjectName,GrantedTo,DBName,SchemaName,EntityName,GrantedBy,WithGrantOption,CreatedOn,CreatedOnUTC
SELECT,TABLE,DOP_P_DEMO.MONITOR.ALRT_CHANNEL_D,_AC_R_DOP_P_DEMO_MONITOR,DOP_P_DEMO,MONITOR,ALRT_CHANNEL_D,DOP_P_MONITOR_ADMIN,False,2021-03-02T12:26:06.7660000-08:00,2021-03-02T20:26:06.7660000Z
DELETE,TABLE,DOP_P_DEMO.MONITOR.ALRT_CHANNEL_D,_AC_W_DOP_P_DEMO_MONITOR,DOP_P_DEMO,MONITOR,ALRT_CHANNEL_D,DOP_P_MONITOR_ADMIN,False,2021-03-02T12:26:06.7660000-08:00,2021-03-02T20:26:06.7660000Z
INSERT,TABLE,DOP_P_DEMO.MONITOR.ALRT_CHANNEL_D,_AC_W_DOP_P_DEMO_MONITOR,DOP_P_DEMO,MONITOR,ALRT_CHANNEL_D,DOP_P_MONITOR_ADMIN,False,2021-03-02T12:26:06.7660000-08:00,2021-03-02T20:26:06.7660000Z
TRUNCATE,TABLE,DOP_P_DEMO.MONITOR.ALRT_CHANNEL_D,_AC_W_DOP_P_DEMO_MONITOR,DOP_P_DEMO,MONITOR,ALRT_CHANNEL_D,DOP_P_MONITOR_ADMIN,False,2021-03-02T12:26:06.7660000-08:00,2021-03-02T20:26:06.7660000Z
UPDATE,TABLE,DOP_P_DEMO.MONITOR.ALRT_CHANNEL_D,_AC_W_DOP_P_DEMO_MONITOR,DOP_P_DEMO,MONITOR,ALRT_CHANNEL_D,DOP_P_MONITOR_ADMIN,False,2021-03-02T12:26:06.7660000-08:00,2021-03-02T20:26:06.7660000Z
OWNERSHIP,TABLE,DOP_P_DEMO.MONITOR.ALRT_CHANNEL_D,DOP_P_MONITOR_ADMIN,DOP_P_DEMO,MONITOR,ALRT_CHANNEL_D,DOP_P_MONITOR_ADMIN,True,2021-03-02T12:26:06.7660000-08:00,2021-03-02T20:26:06.7660000Z
SELECT,TABLE,DOP_P_DEMO.MONITOR.ALRT_CHANNEL_PARAM_D,_AC_R_DOP_P_DEMO_MONITOR,DOP_P_DEMO,MONITOR,ALRT_CHANNEL_PARAM_D,DOP_P_MONITOR_ADMIN,False,2021-03-02T17:24:43.6830000-08:00,2021-03-03T01:24:43.6830000Z
DELETE,TABLE,DOP_P_DEMO.MONITOR.ALRT_CHANNEL_PARAM_D,_AC_W_DOP_P_DEMO_MONITOR,DOP_P_DEMO,MONITOR,ALRT_CHANNEL_PARAM_D,DOP_P_MONITOR_ADMIN,False,2021-03-02T17:24:43.6830000-08:00,2021-03-03T01:24:43.6830000Z
INSERT,TABLE,DOP_P_DEMO.MONITOR.ALRT_CHANNEL_PARAM_D,_AC_W_DOP_P_DEMO_MONITOR,DOP_P_DEMO,MONITOR,ALRT_CHANNEL_PARAM_D,DOP_P_MONITOR_ADMIN,False,2021-03-02T17:24:43.6830000-08:00,2021-03-03T01:24:43.6830000Z
TRUNCATE,TABLE,DOP_P_DEMO.MONITOR.ALRT_CHANNEL_PARAM_D,_AC_W_DOP_P_DEMO_MONITOR,DOP_P_DEMO,MONITOR,ALRT_CHANNEL_PARAM_D,DOP_P_MONITOR_ADMIN,False,2021-03-02T17:24:43.6830000-08:00,2021-03-03T01:24:43.6830000Z
UPDATE,TABLE,DOP_P_DEMO.MONITOR.ALRT_CHANNEL_PARAM_D,_AC_W_DOP_P_DEMO_MONITOR,DOP_P_DEMO,MONITOR,ALRT_CHANNEL_PARAM_D,DOP_P_MONITOR_ADMIN,False,2021-03-02T17:24:43.6830000-08:00,2021-03-03T01:24:43.6830000Z
OWNERSHIP,TABLE,DOP_P_DEMO.MONITOR.ALRT_CHANNEL_PARAM_D,DOP_P_MONITOR_ADMIN,DOP_P_DEMO,MONITOR,ALRT_CHANNEL_PARAM_D,DOP_P_MONITOR_ADMIN,True,2021-03-02T17:24:43.6830000-08:00,2021-03-03T01:24:43.6830000Z
SELECT,TABLE,DOP_P_DEMO.MONITOR.ALRT_STEP_CHANNEL_D,_AC_R_DOP_P_DEMO_MONITOR,DOP_P_DEMO,MONITOR,ALRT_STEP_CHANNEL_D,DOP_P_MONITOR_ADMIN,False,2021-03-02T17:29:29.9690000-08:00,2021-03-03T01:29:29.9690000Z
DELETE,TABLE,DOP_P_DEMO.MONITOR.ALRT_STEP_CHANNEL_D,_AC_W_DOP_P_DEMO_MONITOR,DOP_P_DEMO,MONITOR,ALRT_STEP_CHANNEL_D,DOP_P_MONITOR_ADMIN,False,2021-03-02T17:29:29.9690000-08:00,2021-03-03T01:29:29.9690000Z
INSERT,TABLE,DOP_P_DEMO.MONITOR.ALRT_STEP_CHANNEL_D,_AC_W_DOP_P_DEMO_MONITOR,DOP_P_DEMO,MONITOR,ALRT_STEP_CHANNEL_D,DOP_P_MONITOR_ADMIN,False,2021-03-02T17:29:29.9690000-08:00,2021-03-03T01:29:29.9690000Z
TRUNCATE,TABLE,DOP_P_DEMO.MONITOR.ALRT_STEP_CHANNEL_D,_AC_W_DOP_P_DEMO_MONITOR,DOP_P_DEMO,MONITOR,ALRT_STEP_CHANNEL_D,DOP_P_MONITOR_ADMIN,False,2021-03-02T17:29:29.9690000-08:00,2021-03-03T01:29:29.9690000Z
UPDATE,TABLE,DOP_P_DEMO.MONITOR.ALRT_STEP_CHANNEL_D,_AC_W_DOP_P_DEMO_MONITOR,DOP_P_DEMO,MONITOR,ALRT_STEP_CHANNEL_D,DOP_P_MONITOR_ADMIN,False,2021-03-02T17:29:29.9690000-08:00,2021-03-03T01:29:29.9690000Z
OWNERSHIP,TABLE,DOP_P_DEMO.MONITOR.ALRT_STEP_CHANNEL_D,DOP_P_MONITOR_ADMIN,DOP_P_DEMO,MONITOR,ALRT_STEP_CHANNEL_D,DOP_P_MONITOR_ADMIN,True,2021-03-02T17:29:29.9690000-08:00,2021-03-03T01:29:29.9690000Z
SELECT,TABLE,DOP_P_DEMO.MONITOR.MNTR_PACK_D,_AC_R_DOP_P_DEMO_MONITOR,DOP_P_DEMO,MONITOR,MNTR_PACK_D,DOP_P_MONITOR_ADMIN,False,2021-02-25T08:17:13.8330000-08:00,2021-02-25T16:17:13.8330000Z
DELETE,TABLE,DOP_P_DEMO.MONITOR.MNTR_PACK_D,_AC_W_DOP_P_DEMO_MONITOR,DOP_P_DEMO,MONITOR,MNTR_PACK_D,DOP_P_MONITOR_ADMIN,False,2021-02-25T08:17:13.8330000-08:00,2021-02-25T16:17:13.8330000Z
INSERT,TABLE,DOP_P_DEMO.MONITOR.MNTR_PACK_D,_AC_W_DOP_P_DEMO_MONITOR,DOP_P_DEMO,MONITOR,MNTR_PACK_D,DOP_P_MONITOR_ADMIN,False,2021-02-25T08:17:13.8330000-08:00,2021-02-25T16:17:13.8330000Z
TRUNCATE,TABLE,DOP_P_DEMO.MONITOR.MNTR_PACK_D,_AC_W_DOP_P_DEMO_MONITOR,DOP_P_DEMO,MONITOR,MNTR_PACK_D,DOP_P_MONITOR_ADMIN,False,2021-02-25T08:17:13.8330000-08:00,2021-02-25T16:17:13.8330000Z
UPDATE,TABLE,DOP_P_DEMO.MONITOR.MNTR_PACK_D,_AC_W_DOP_P_DEMO_MONITOR,DOP_P_DEMO,MONITOR,MNTR_PACK_D,DOP_P_MONITOR_ADMIN,False,2021-02-25T08:17:13.8330000-08:00,2021-02-25T16:17:13.8330000Z
OWNERSHIP,TABLE,DOP_P_DEMO.MONITOR.MNTR_PACK_D,DOP_P_MONITOR_ADMIN,DOP_P_DEMO,MONITOR,MNTR_PACK_D,DOP_P_MONITOR_ADMIN,True,2021-02-25T08:17:13.8330000-08:00,2021-02-25T16:17:13.8330000Z
SELECT,TABLE,DOP_P_DEMO.MONITOR.MNTR_PACK_RUN_F,_AC_R_DOP_P_DEMO_MONITOR,DOP_P_DEMO,MONITOR,MNTR_PACK_RUN_F,DOP_P_MONITOR_ADMIN,False,2021-02-25T08:17:03.8230000-08:00,2021-02-25T16:17:03.8230000Z
DELETE,TABLE,DOP_P_DEMO.MONITOR.MNTR_PACK_RUN_F,_AC_W_DOP_P_DEMO_MONITOR,DOP_P_DEMO,MONITOR,MNTR_PACK_RUN_F,DOP_P_MONITOR_ADMIN,False,2021-02-25T08:17:03.8230000-08:00,2021-02-25T16:17:03.8230000Z
INSERT,TABLE,DOP_P_DEMO.MONITOR.MNTR_PACK_RUN_F,_AC_W_DOP_P_DEMO_MONITOR,DOP_P_DEMO,MONITOR,MNTR_PACK_RUN_F,DOP_P_MONITOR_ADMIN,False,2021-02-25T08:17:03.8230000-08:00,2021-02-25T16:17:03.8230000Z
TRUNCATE,TABLE,DOP_P_DEMO.MONITOR.MNTR_PACK_RUN_F,_AC_W_DOP_P_DEMO_MONITOR,DOP_P_DEMO,MONITOR,MNTR_PACK_RUN_F,DOP_P_MONITOR_ADMIN,False,2021-02-25T08:17:03.8230000-08:00,2021-02-25T16:17:03.8230000Z
UPDATE,TABLE,DOP_P_DEMO.MONITOR.MNTR_PACK_RUN_F,_AC_W_DOP_P_DEMO_MONITOR,DOP_P_DEMO,MONITOR,MNTR_PACK_RUN_F,DOP_P_MONITOR_ADMIN,False,2021-02-25T08:17:03.8230000-08:00,2021-02-25T16:17:03.8230000Z
OWNERSHIP,TABLE,DOP_P_DEMO.MONITOR.MNTR_PACK_RUN_F,DOP_P_MONITOR_ADMIN,DOP_P_DEMO,MONITOR,MNTR_PACK_RUN_F,DOP_P_MONITOR_ADMIN,True,2021-02-25T08:17:03.8230000-08:00,2021-02-25T16:17:03.8230000Z
SELECT,TABLE,DOP_P_DEMO.MONITOR.MNTR_PACK_STEP_LOG_H,_AC_R_DOP_P_DEMO_MONITOR,DOP_P_DEMO,MONITOR,MNTR_PACK_STEP_LOG_H,DOP_P_MONITOR_ADMIN,False,2021-02-25T08:16:46.8060000-08:00,2021-02-25T16:16:46.8060000Z
DELETE,TABLE,DOP_P_DEMO.MONITOR.MNTR_PACK_STEP_LOG_H,_AC_W_DOP_P_DEMO_MONITOR,DOP_P_DEMO,MONITOR,MNTR_PACK_STEP_LOG_H,DOP_P_MONITOR_ADMIN,False,2021-02-25T08:16:46.8060000-08:00,2021-02-25T16:16:46.8060000Z
INSERT,TABLE,DOP_P_DEMO.MONITOR.MNTR_PACK_STEP_LOG_H,_AC_W_DOP_P_DEMO_MONITOR,DOP_P_DEMO,MONITOR,MNTR_PACK_STEP_LOG_H,DOP_P_MONITOR_ADMIN,False,2021-02-25T08:16:46.8060000-08:00,2021-02-25T16:16:46.8060000Z
TRUNCATE,TABLE,DOP_P_DEMO.MONITOR.MNTR_PACK_STEP_LOG_H,_AC_W_DOP_P_DEMO_MONITOR,DOP_P_DEMO,MONITOR,MNTR_PACK_STEP_LOG_H,DOP_P_MONITOR_ADMIN,False,2021-02-25T08:16:46.8060000-08:00,2021-02-25T16:16:46.8060000Z
UPDATE,TABLE,DOP_P_DEMO.MONITOR.MNTR_PACK_STEP_LOG_H,_AC_W_DOP_P_DEMO_MONITOR,DOP_P_DEMO,MONITOR,MNTR_PACK_STEP_LOG_H,DOP_P_MONITOR_ADMIN,False,2021-02-25T08:16:46.8060000-08:00,2021-02-25T16:16:46.8060000Z
OWNERSHIP,TABLE,DOP_P_DEMO.MONITOR.MNTR_PACK_STEP_LOG_H,DOP_P_MONITOR_ADMIN,DOP_P_DEMO,MONITOR,MNTR_PACK_STEP_LOG_H,DOP_P_MONITOR_ADMIN,True,2021-02-25T08:16:46.8060000-08:00,2021-02-25T16:16:46.8060000Z
SELECT,TABLE,DOP_P_DEMO.MONITOR.MNTR_STEP_D,_AC_R_DOP_P_DEMO_MONITOR,DOP_P_DEMO,MONITOR,MNTR_STEP_D,DOP_P_MONITOR_ADMIN,False,2021-02-25T08:16:33.7930000-08:00,2021-02-25T16:16:33.7930000Z
DELETE,TABLE,DOP_P_DEMO.MONITOR.MNTR_STEP_D,_AC_W_DOP_P_DEMO_MONITOR,DOP_P_DEMO,MONITOR,MNTR_STEP_D,DOP_P_MONITOR_ADMIN,False,2021-02-25T08:16:33.7930000-08:00,2021-02-25T16:16:33.7930000Z
INSERT,TABLE,DOP_P_DEMO.MONITOR.MNTR_STEP_D,_AC_W_DOP_P_DEMO_MONITOR,DOP_P_DEMO,MONITOR,MNTR_STEP_D,DOP_P_MONITOR_ADMIN,False,2021-02-25T08:16:33.7930000-08:00,2021-02-25T16:16:33.7930000Z
TRUNCATE,TABLE,DOP_P_DEMO.MONITOR.MNTR_STEP_D,_AC_W_DOP_P_DEMO_MONITOR,DOP_P_DEMO,MONITOR,MNTR_STEP_D,DOP_P_MONITOR_ADMIN,False,2021-02-25T08:16:33.7930000-08:00,2021-02-25T16:16:33.7930000Z
UPDATE,TABLE,DOP_P_DEMO.MONITOR.MNTR_STEP_D,_AC_W_DOP_P_DEMO_MONITOR,DOP_P_DEMO,MONITOR,MNTR_STEP_D,DOP_P_MONITOR_ADMIN,False,2021-02-25T08:16:33.7930000-08:00,2021-02-25T16:16:33.7930000Z
OWNERSHIP,TABLE,DOP_P_DEMO.MONITOR.MNTR_STEP_D,DOP_P_MONITOR_ADMIN,DOP_P_DEMO,MONITOR,MNTR_STEP_D,DOP_P_MONITOR_ADMIN,True,2021-02-25T08:16:33.7930000-08:00,2021-02-25T16:16:33.7930000Z
SELECT,TABLE,DOP_P_DEMO.MONITOR.MNTR_STEP_PARAM_D,_AC_R_DOP_P_DEMO_MONITOR,DOP_P_DEMO,MONITOR,MNTR_STEP_PARAM_D,DOP_P_MONITOR_ADMIN,False,2021-02-25T08:16:22.7820000-08:00,2021-02-25T16:16:22.7820000Z
DELETE,TABLE,DOP_P_DEMO.MONITOR.MNTR_STEP_PARAM_D,_AC_W_DOP_P_DEMO_MONITOR,DOP_P_DEMO,MONITOR,MNTR_STEP_PARAM_D,DOP_P_MONITOR_ADMIN,False,2021-02-25T08:16:22.7820000-08:00,2021-02-25T16:16:22.7820000Z
INSERT,TABLE,DOP_P_DEMO.MONITOR.MNTR_STEP_PARAM_D,_AC_W_DOP_P_DEMO_MONITOR,DOP_P_DEMO,MONITOR,MNTR_STEP_PARAM_D,DOP_P_MONITOR_ADMIN,False,2021-02-25T08:16:22.7820000-08:00,2021-02-25T16:16:22.7820000Z
TRUNCATE,TABLE,DOP_P_DEMO.MONITOR.MNTR_STEP_PARAM_D,_AC_W_DOP_P_DEMO_MONITOR,DOP_P_DEMO,MONITOR,MNTR_STEP_PARAM_D,DOP_P_MONITOR_ADMIN,False,2021-02-25T08:16:22.7820000-08:00,2021-02-25T16:16:22.7820000Z
UPDATE,TABLE,DOP_P_DEMO.MONITOR.MNTR_STEP_PARAM_D,_AC_W_DOP_P_DEMO_MONITOR,DOP_P_DEMO,MONITOR,MNTR_STEP_PARAM_D,DOP_P_MONITOR_ADMIN,False,2021-02-25T08:16:22.7820000-08:00,2021-02-25T16:16:22.7820000Z
OWNERSHIP,TABLE,DOP_P_DEMO.MONITOR.MNTR_STEP_PARAM_D,DOP_P_MONITOR_ADMIN,DOP_P_DEMO,MONITOR,MNTR_STEP_PARAM_D,DOP_P_MONITOR_ADMIN,True,2021-02-25T08:16:22.7820000-08:00,2021-02-25T16:16:22.7820000Z
SELECT,TABLE,DOP_P_DEMO.MONITOR.MNTR_STEP_PARAM_H,_AC_R_DOP_P_DEMO_MONITOR,DOP_P_DEMO,MONITOR,MNTR_STEP_PARAM_H,DOP_P_MONITOR_ADMIN,False,2021-02-25T08:15:52.7520000-08:00,2021-02-25T16:15:52.7520000Z
DELETE,TABLE,DOP_P_DEMO.MONITOR.MNTR_STEP_PARAM_H,_AC_W_DOP_P_DEMO_MONITOR,DOP_P_DEMO,MONITOR,MNTR_STEP_PARAM_H,DOP_P_MONITOR_ADMIN,False,2021-02-25T08:15:52.7520000-08:00,2021-02-25T16:15:52.7520000Z
INSERT,TABLE,DOP_P_DEMO.MONITOR.MNTR_STEP_PARAM_H,_AC_W_DOP_P_DEMO_MONITOR,DOP_P_DEMO,MONITOR,MNTR_STEP_PARAM_H,DOP_P_MONITOR_ADMIN,False,2021-02-25T08:15:52.7520000-08:00,2021-02-25T16:15:52.7520000Z
TRUNCATE,TABLE,DOP_P_DEMO.MONITOR.MNTR_STEP_PARAM_H,_AC_W_DOP_P_DEMO_MONITOR,DOP_P_DEMO,MONITOR,MNTR_STEP_PARAM_H,DOP_P_MONITOR_ADMIN,False,2021-02-25T08:15:52.7520000-08:00,2021-02-25T16:15:52.7520000Z
UPDATE,TABLE,DOP_P_DEMO.MONITOR.MNTR_STEP_PARAM_H,_AC_W_DOP_P_DEMO_MONITOR,DOP_P_DEMO,MONITOR,MNTR_STEP_PARAM_H,DOP_P_MONITOR_ADMIN,False,2021-02-25T08:15:52.7520000-08:00,2021-02-25T16:15:52.7520000Z
OWNERSHIP,TABLE,DOP_P_DEMO.MONITOR.MNTR_STEP_PARAM_H,DOP_P_MONITOR_ADMIN,DOP_P_DEMO,MONITOR,MNTR_STEP_PARAM_H,DOP_P_MONITOR_ADMIN,True,2021-02-25T08:15:52.7520000-08:00,2021-02-25T16:15:52.7520000Z
SELECT,TABLE,SNOWFLAKE_SAMPLE_DATA.TPCDS_SF100TCL.CALL_CENTER,ACCOUNTADMIN,SNOWFLAKE_SAMPLE_DATA,TPCDS_SF100TCL,CALL_CENTER,ACCOUNTADMIN,False,2020-10-19T12:12:48.7680000-07:00,2020-10-19T19:12:48.7680000Z
SELECT,TABLE,SNOWFLAKE_SAMPLE_DATA.TPCDS_SF100TCL.CALL_CENTER,PUBLIC,SNOWFLAKE_SAMPLE_DATA,TPCDS_SF100TCL,CALL_CENTER,ACCOUNTADMIN,False,2020-10-19T12:12:48.7680000-07:00,2020-10-19T19:12:48.7680000Z
SELECT,TABLE,SNOWFLAKE_SAMPLE_DATA.TPCDS_SF100TCL.CATALOG_PAGE,ACCOUNTADMIN,SNOWFLAKE_SAMPLE_DATA,TPCDS_SF100TCL,CATALOG_PAGE,ACCOUNTADMIN,False,2020-10-19T12:12:48.7680000-07:00,2020-10-19T19:12:48.7680000Z
SELECT,TABLE,SNOWFLAKE_SAMPLE_DATA.TPCDS_SF100TCL.CATALOG_PAGE,PUBLIC,SNOWFLAKE_SAMPLE_DATA,TPCDS_SF100TCL,CATALOG_PAGE,ACCOUNTADMIN,False,2020-10-19T12:12:48.7680000-07:00,2020-10-19T19:12:48.7680000Z
SELECT,TABLE,SNOWFLAKE_SAMPLE_DATA.TPCDS_SF100TCL.CATALOG_RETURNS,ACCOUNTADMIN,SNOWFLAKE_SAMPLE_DATA,TPCDS_SF100TCL,CATALOG_RETURNS,ACCOUNTADMIN,False,2020-10-19T12:12:48.7680000-07:00,2020-10-19T19:12:48.7680000Z
SELECT,TABLE,SNOWFLAKE_SAMPLE_DATA.TPCDS_SF100TCL.CATALOG_RETURNS,PUBLIC,SNOWFLAKE_SAMPLE_DATA,TPCDS_SF100TCL,CATALOG_RETURNS,ACCOUNTADMIN,False,2020-10-19T12:12:48.7680000-07:00,2020-10-19T19:12:48.7680000Z
SELECT,TABLE,SNOWFLAKE_SAMPLE_DATA.TPCDS_SF100TCL.CATALOG_SALES,ACCOUNTADMIN,SNOWFLAKE_SAMPLE_DATA,TPCDS_SF100TCL,CATALOG_SALES,ACCOUNTADMIN,False,2020-10-19T12:12:48.7680000-07:00,2020-10-19T19:12:48.7680000Z
SELECT,TABLE,SNOWFLAKE_SAMPLE_DATA.TPCDS_SF100TCL.CATALOG_SALES,PUBLIC,SNOWFLAKE_SAMPLE_DATA,TPCDS_SF100TCL,CATALOG_SALES,ACCOUNTADMIN,False,2020-10-19T12:12:48.7680000-07:00,2020-10-19T19:12:48.7680000Z
SELECT,TABLE,SNOWFLAKE_SAMPLE_DATA.TPCDS_SF100TCL.CUSTOMER,ACCOUNTADMIN,SNOWFLAKE_SAMPLE_DATA,TPCDS_SF100TCL,CUSTOMER,ACCOUNTADMIN,False,2020-10-19T12:12:48.7680000-07:00,2020-10-19T19:12:48.7680000Z
SELECT,TABLE,SNOWFLAKE_SAMPLE_DATA.TPCDS_SF100TCL.CUSTOMER,PUBLIC,SNOWFLAKE_SAMPLE_DATA,TPCDS_SF100TCL,CUSTOMER,ACCOUNTADMIN,False,2020-10-19T12:12:48.7680000-07:00,2020-10-19T19:12:48.7680000Z
SELECT,TABLE,SNOWFLAKE_SAMPLE_DATA.TPCDS_SF100TCL.CUSTOMER_ADDRESS,ACCOUNTADMIN,SNOWFLAKE_SAMPLE_DATA,TPCDS_SF100TCL,CUSTOMER_ADDRESS,ACCOUNTADMIN,False,2020-10-19T12:12:48.7680000-07:00,2020-10-19T19:12:48.7680000Z
SELECT,TABLE,SNOWFLAKE_SAMPLE_DATA.TPCDS_SF100TCL.CUSTOMER_ADDRESS,PUBLIC,SNOWFLAKE_SAMPLE_DATA,TPCDS_SF100TCL,CUSTOMER_ADDRESS,ACCOUNTADMIN,False,2020-10-19T12:12:48.7680000-07:00,2020-10-19T19:12:48.7680000Z
SELECT,TABLE,SNOWFLAKE_SAMPLE_DATA.TPCDS_SF100TCL.CUSTOMER_DEMOGRAPHICS,ACCOUNTADMIN,SNOWFLAKE_SAMPLE_DATA,TPCDS_SF100TCL,CUSTOMER_DEMOGRAPHICS,ACCOUNTADMIN,False,2020-10-19T12:12:48.7680000-07:00,2020-10-19T19:12:48.7680000Z
SELECT,TABLE,SNOWFLAKE_SAMPLE_DATA.TPCDS_SF100TCL.CUSTOMER_DEMOGRAPHICS,PUBLIC,SNOWFLAKE_SAMPLE_DATA,TPCDS_SF100TCL,CUSTOMER_DEMOGRAPHICS,ACCOUNTADMIN,False,2020-10-19T12:12:48.7680000-07:00,2020-10-19T19:12:48.7680000Z
SELECT,TABLE,SNOWFLAKE_SAMPLE_DATA.TPCDS_SF100TCL.DATE_DIM,ACCOUNTADMIN,SNOWFLAKE_SAMPLE_DATA,TPCDS_SF100TCL,DATE_DIM,ACCOUNTADMIN,False,2020-10-19T12:12:48.7680000-07:00,2020-10-19T19:12:48.7680000Z
SELECT,TABLE,SNOWFLAKE_SAMPLE_DATA.TPCDS_SF100TCL.DATE_DIM,PUBLIC,SNOWFLAKE_SAMPLE_DATA,TPCDS_SF100TCL,DATE_DIM,ACCOUNTADMIN,False,2020-10-19T12:12:48.7680000-07:00,2020-10-19T19:12:48.7680000Z
SELECT,TABLE,SNOWFLAKE_SAMPLE_DATA.TPCDS_SF100TCL.DBGEN_VERSION,ACCOUNTADMIN,SNOWFLAKE_SAMPLE_DATA,TPCDS_SF100TCL,DBGEN_VERSION,ACCOUNTADMIN,False,2020-10-19T12:12:48.7680000-07:00,2020-10-19T19:12:48.7680000Z
SELECT,TABLE,SNOWFLAKE_SAMPLE_DATA.TPCDS_SF100TCL.DBGEN_VERSION,PUBLIC,SNOWFLAKE_SAMPLE_DATA,TPCDS_SF100TCL,DBGEN_VERSION,ACCOUNTADMIN,False,2020-10-19T12:12:48.7680000-07:00,2020-10-19T19:12:48.7680000Z
SELECT,TABLE,SNOWFLAKE_SAMPLE_DATA.TPCDS_SF100TCL.HOUSEHOLD_DEMOGRAPHICS,ACCOUNTADMIN,SNOWFLAKE_SAMPLE_DATA,TPCDS_SF100TCL,HOUSEHOLD_DEMOGRAPHICS,ACCOUNTADMIN,False,2020-10-19T12:12:48.7680000-07:00,2020-10-19T19:12:48.7680000Z
SELECT,TABLE,SNOWFLAKE_SAMPLE_DATA.TPCDS_SF100TCL.HOUSEHOLD_DEMOGRAPHICS,PUBLIC,SNOWFLAKE_SAMPLE_DATA,TPCDS_SF100TCL,HOUSEHOLD_DEMOGRAPHICS,ACCOUNTADMIN,False,2020-10-19T12:12:48.7680000-07:00,2020-10-19T19:12:48.7680000Z
SELECT,TABLE,SNOWFLAKE_SAMPLE_DATA.TPCDS_SF100TCL.INCOME_BAND,ACCOUNTADMIN,SNOWFLAKE_SAMPLE_DATA,TPCDS_SF100TCL,INCOME_BAND,ACCOUNTADMIN,False,2020-10-19T12:12:48.7680000-07:00,2020-10-19T19:12:48.7680000Z
SELECT,TABLE,SNOWFLAKE_SAMPLE_DATA.TPCDS_SF100TCL.INCOME_BAND,PUBLIC,SNOWFLAKE_SAMPLE_DATA,TPCDS_SF100TCL,INCOME_BAND,ACCOUNTADMIN,False,2020-10-19T12:12:48.7680000-07:00,2020-10-19T19:12:48.7680000Z
SELECT,TABLE,SNOWFLAKE_SAMPLE_DATA.TPCDS_SF100TCL.INVENTORY,ACCOUNTADMIN,SNOWFLAKE_SAMPLE_DATA,TPCDS_SF100TCL,INVENTORY,ACCOUNTADMIN,False,2020-10-19T12:12:48.7680000-07:00,2020-10-19T19:12:48.7680000Z
SELECT,TABLE,SNOWFLAKE_SAMPLE_DATA.TPCDS_SF100TCL.INVENTORY,PUBLIC,SNOWFLAKE_SAMPLE_DATA,TPCDS_SF100TCL,INVENTORY,ACCOUNTADMIN,False,2020-10-19T12:12:48.7680000-07:00,2020-10-19T19:12:48.7680000Z
SELECT,TABLE,SNOWFLAKE_SAMPLE_DATA.TPCDS_SF100TCL.ITEM,ACCOUNTADMIN,SNOWFLAKE_SAMPLE_DATA,TPCDS_SF100TCL,ITEM,ACCOUNTADMIN,False,2020-10-19T12:12:48.7680000-07:00,2020-10-19T19:12:48.7680000Z
SELECT,TABLE,SNOWFLAKE_SAMPLE_DATA.TPCDS_SF100TCL.ITEM,PUBLIC,SNOWFLAKE_SAMPLE_DATA,TPCDS_SF100TCL,ITEM,ACCOUNTADMIN,False,2020-10-19T12:12:48.7680000-07:00,2020-10-19T19:12:48.7680000Z
SELECT,TABLE,SNOWFLAKE_SAMPLE_DATA.TPCDS_SF100TCL.PROMOTION,ACCOUNTADMIN,SNOWFLAKE_SAMPLE_DATA,TPCDS_SF100TCL,PROMOTION,ACCOUNTADMIN,False,2020-10-19T12:12:48.7680000-07:00,2020-10-19T19:12:48.7680000Z
SELECT,TABLE,SNOWFLAKE_SAMPLE_DATA.TPCDS_SF100TCL.PROMOTION,PUBLIC,SNOWFLAKE_SAMPLE_DATA,TPCDS_SF100TCL,PROMOTION,ACCOUNTADMIN,False,2020-10-19T12:12:48.7680000-07:00,2020-10-19T19:12:48.7680000Z
SELECT,TABLE,SNOWFLAKE_SAMPLE_DATA.TPCDS_SF100TCL.REASON,ACCOUNTADMIN,SNOWFLAKE_SAMPLE_DATA,TPCDS_SF100TCL,REASON,ACCOUNTADMIN,False,2020-10-19T12:12:48.7680000-07:00,2020-10-19T19:12:48.7680000Z
SELECT,TABLE,SNOWFLAKE_SAMPLE_DATA.TPCDS_SF100TCL.REASON,PUBLIC,SNOWFLAKE_SAMPLE_DATA,TPCDS_SF100TCL,REASON,ACCOUNTADMIN,False,2020-10-19T12:12:48.7680000-07:00,2020-10-19T19:12:48.7680000Z
SELECT,TABLE,SNOWFLAKE_SAMPLE_DATA.TPCDS_SF100TCL.SHIP_MODE,ACCOUNTADMIN,SNOWFLAKE_SAMPLE_DATA,TPCDS_SF100TCL,SHIP_MODE,ACCOUNTADMIN,False,2020-10-19T12:12:48.7680000-07:00,2020-10-19T19:12:48.7680000Z
SELECT,TABLE,SNOWFLAKE_SAMPLE_DATA.TPCDS_SF100TCL.SHIP_MODE,PUBLIC,SNOWFLAKE_SAMPLE_DATA,TPCDS_SF100TCL,SHIP_MODE,ACCOUNTADMIN,False,2020-10-19T12:12:48.7680000-07:00,2020-10-19T19:12:48.7680000Z
SELECT,TABLE,SNOWFLAKE_SAMPLE_DATA.TPCDS_SF100TCL.STORE,ACCOUNTADMIN,SNOWFLAKE_SAMPLE_DATA,TPCDS_SF100TCL,STORE,ACCOUNTADMIN,False,2020-10-19T12:12:48.7680000-07:00,2020-10-19T19:12:48.7680000Z
SELECT,TABLE,SNOWFLAKE_SAMPLE_DATA.TPCDS_SF100TCL.STORE,PUBLIC,SNOWFLAKE_SAMPLE_DATA,TPCDS_SF100TCL,STORE,ACCOUNTADMIN,False,2020-10-19T12:12:48.7680000-07:00,2020-10-19T19:12:48.7680000Z
SELECT,TABLE,SNOWFLAKE_SAMPLE_DATA.TPCDS_SF100TCL.STORE_RETURNS,ACCOUNTADMIN,SNOWFLAKE_SAMPLE_DATA,TPCDS_SF100TCL,STORE_RETURNS,ACCOUNTADMIN,False,2020-10-19T12:12:48.7680000-07:00,2020-10-19T19:12:48.7680000Z
SELECT,TABLE,SNOWFLAKE_SAMPLE_DATA.TPCDS_SF100TCL.STORE_RETURNS,PUBLIC,SNOWFLAKE_SAMPLE_DATA,TPCDS_SF100TCL,STORE_RETURNS,ACCOUNTADMIN,False,2020-10-19T12:12:48.7680000-07:00,2020-10-19T19:12:48.7680000Z
SELECT,TABLE,SNOWFLAKE_SAMPLE_DATA.TPCDS_SF100TCL.STORE_SALES,ACCOUNTADMIN,SNOWFLAKE_SAMPLE_DATA,TPCDS_SF100TCL,STORE_SALES,ACCOUNTADMIN,False,2020-10-19T12:12:48.7680000-07:00,2020-10-19T19:12:48.7680000Z
SELECT,TABLE,SNOWFLAKE_SAMPLE_DATA.TPCDS_SF100TCL.STORE_SALES,PUBLIC,SNOWFLAKE_SAMPLE_DATA,TPCDS_SF100TCL,STORE_SALES,ACCOUNTADMIN,False,2020-10-19T12:12:48.7680000-07:00,2020-10-19T19:12:48.7680000Z
SELECT,TABLE,SNOWFLAKE_SAMPLE_DATA.TPCDS_SF100TCL.TIME_DIM,ACCOUNTADMIN,SNOWFLAKE_SAMPLE_DATA,TPCDS_SF100TCL,TIME_DIM,ACCOUNTADMIN,False,2020-10-19T12:12:48.7680000-07:00,2020-10-19T19:12:48.7680000Z
SELECT,TABLE,SNOWFLAKE_SAMPLE_DATA.TPCDS_SF100TCL.TIME_DIM,PUBLIC,SNOWFLAKE_SAMPLE_DATA,TPCDS_SF100TCL,TIME_DIM,ACCOUNTADMIN,False,2020-10-19T12:12:48.7680000-07:00,2020-10-19T19:12:48.7680000Z
SELECT,TABLE,SNOWFLAKE_SAMPLE_DATA.TPCDS_SF100TCL.WAREHOUSE,ACCOUNTADMIN,SNOWFLAKE_SAMPLE_DATA,TPCDS_SF100TCL,WAREHOUSE,ACCOUNTADMIN,False,2020-10-19T12:12:48.7680000-07:00,2020-10-19T19:12:48.7680000Z
SELECT,TABLE,SNOWFLAKE_SAMPLE_DATA.TPCDS_SF100TCL.WAREHOUSE,PUBLIC,SNOWFLAKE_SAMPLE_DATA,TPCDS_SF100TCL,WAREHOUSE,ACCOUNTADMIN,False,2020-10-19T12:12:48.7680000-07:00,2020-10-19T19:12:48.7680000Z
SELECT,TABLE,SNOWFLAKE_SAMPLE_DATA.TPCDS_SF100TCL.WEB_PAGE,ACCOUNTADMIN,SNOWFLAKE_SAMPLE_DATA,TPCDS_SF100TCL,WEB_PAGE,ACCOUNTADMIN,False,2020-10-19T12:12:48.7680000-07:00,2020-10-19T19:12:48.7680000Z
SELECT,TABLE,SNOWFLAKE_SAMPLE_DATA.TPCDS_SF100TCL.WEB_PAGE,PUBLIC,SNOWFLAKE_SAMPLE_DATA,TPCDS_SF100TCL,WEB_PAGE,ACCOUNTADMIN,False,2020-10-19T12:12:48.7680000-07:00,2020-10-19T19:12:48.7680000Z
SELECT,TABLE,SNOWFLAKE_SAMPLE_DATA.TPCDS_SF100TCL.WEB_RETURNS,ACCOUNTADMIN,SNOWFLAKE_SAMPLE_DATA,TPCDS_SF100TCL,WEB_RETURNS,ACCOUNTADMIN,False,2020-10-19T12:12:48.7680000-07:00,2020-10-19T19:12:48.7680000Z
SELECT,TABLE,SNOWFLAKE_SAMPLE_DATA.TPCDS_SF100TCL.WEB_RETURNS,PUBLIC,SNOWFLAKE_SAMPLE_DATA,TPCDS_SF100TCL,WEB_RETURNS,ACCOUNTADMIN,False,2020-10-19T12:12:48.7680000-07:00,2020-10-19T19:12:48.7680000Z
SELECT,TABLE,SNOWFLAKE_SAMPLE_DATA.TPCDS_SF100TCL.WEB_SALES,ACCOUNTADMIN,SNOWFLAKE_SAMPLE_DATA,TPCDS_SF100TCL,WEB_SALES,ACCOUNTADMIN,False,2020-10-19T12:12:48.7680000-07:00,2020-10-19T19:12:48.7680000Z
SELECT,TABLE,SNOWFLAKE_SAMPLE_DATA.TPCDS_SF100TCL.WEB_SALES,PUBLIC,SNOWFLAKE_SAMPLE_DATA,TPCDS_SF100TCL,WEB_SALES,ACCOUNTADMIN,False,2020-10-19T12:12:48.7680000-07:00,2020-10-19T19:12:48.7680000Z
SELECT,TABLE,SNOWFLAKE_SAMPLE_DATA.TPCDS_SF100TCL.WEB_SITE,ACCOUNTADMIN,SNOWFLAKE_SAMPLE_DATA,TPCDS_SF100TCL,WEB_SITE,ACCOUNTADMIN,False,2020-10-19T12:12:48.7680000-07:00,2020-10-19T19:12:48.7680000Z
SELECT,TABLE,SNOWFLAKE_SAMPLE_DATA.TPCDS_SF100TCL.WEB_SITE,PUBLIC,SNOWFLAKE_SAMPLE_DATA,TPCDS_SF100TCL,WEB_SITE,ACCOUNTADMIN,False,2020-10-19T12:12:48.7680000-07:00,2020-10-19T19:12:48.7680000Z
SELECT,TABLE,SNOWFLAKE_SAMPLE_DATA.TPCDS_SF10TCL.CALL_CENTER,ACCOUNTADMIN,SNOWFLAKE_SAMPLE_DATA,TPCDS_SF10TCL,CALL_CENTER,ACCOUNTADMIN,False,2020-10-19T12:12:48.7680000-07:00,2020-10-19T19:12:48.7680000Z
SELECT,TABLE,SNOWFLAKE_SAMPLE_DATA.TPCDS_SF10TCL.CALL_CENTER,PUBLIC,SNOWFLAKE_SAMPLE_DATA,TPCDS_SF10TCL,CALL_CENTER,ACCOUNTADMIN,False,2020-10-19T12:12:48.7680000-07:00,2020-10-19T19:12:48.7680000Z
SELECT,TABLE,SNOWFLAKE_SAMPLE_DATA.TPCDS_SF10TCL.CATALOG_PAGE,ACCOUNTADMIN,SNOWFLAKE_SAMPLE_DATA,TPCDS_SF10TCL,CATALOG_PAGE,ACCOUNTADMIN,False,2020-10-19T12:12:48.7680000-07:00,2020-10-19T19:12:48.7680000Z
SELECT,TABLE,SNOWFLAKE_SAMPLE_DATA.TPCDS_SF10TCL.CATALOG_PAGE,PUBLIC,SNOWFLAKE_SAMPLE_DATA,TPCDS_SF10TCL,CATALOG_PAGE,ACCOUNTADMIN,False,2020-10-19T12:12:48.7680000-07:00,2020-10-19T19:12:48.7680000Z
SELECT,TABLE,SNOWFLAKE_SAMPLE_DATA.TPCDS_SF10TCL.CATALOG_RETURNS,ACCOUNTADMIN,SNOWFLAKE_SAMPLE_DATA,TPCDS_SF10TCL,CATALOG_RETURNS,ACCOUNTADMIN,False,2020-10-19T12:12:48.7680000-07:00,2020-10-19T19:12:48.7680000Z
SELECT,TABLE,SNOWFLAKE_SAMPLE_DATA.TPCDS_SF10TCL.CATALOG_RETURNS,PUBLIC,SNOWFLAKE_SAMPLE_DATA,TPCDS_SF10TCL,CATALOG_RETURNS,ACCOUNTADMIN,False,2020-10-19T12:12:48.7680000-07:00,2020-10-19T19:12:48.7680000Z
SELECT,TABLE,SNOWFLAKE_SAMPLE_DATA.TPCDS_SF10TCL.CATALOG_SALES,ACCOUNTADMIN,SNOWFLAKE_SAMPLE_DATA,TPCDS_SF10TCL,CATALOG_SALES,ACCOUNTADMIN,False,2020-10-19T12:12:48.7680000-07:00,2020-10-19T19:12:48.7680000Z
SELECT,TABLE,SNOWFLAKE_SAMPLE_DATA.TPCDS_SF10TCL.CATALOG_SALES,PUBLIC,SNOWFLAKE_SAMPLE_DATA,TPCDS_SF10TCL,CATALOG_SALES,ACCOUNTADMIN,False,2020-10-19T12:12:48.7680000-07:00,2020-10-19T19:12:48.7680000Z
SELECT,TABLE,SNOWFLAKE_SAMPLE_DATA.TPCDS_SF10TCL.CUSTOMER,ACCOUNTADMIN,SNOWFLAKE_SAMPLE_DATA,TPCDS_SF10TCL,CUSTOMER,ACCOUNTADMIN,False,2020-10-19T12:12:48.7680000-07:00,2020-10-19T19:12:48.7680000Z
SELECT,TABLE,SNOWFLAKE_SAMPLE_DATA.TPCDS_SF10TCL.CUSTOMER,PUBLIC,SNOWFLAKE_SAMPLE_DATA,TPCDS_SF10TCL,CUSTOMER,ACCOUNTADMIN,False,2020-10-19T12:12:48.7680000-07:00,2020-10-19T19:12:48.7680000Z
SELECT,TABLE,SNOWFLAKE_SAMPLE_DATA.TPCDS_SF10TCL.CUSTOMER_ADDRESS,ACCOUNTADMIN,SNOWFLAKE_SAMPLE_DATA,TPCDS_SF10TCL,CUSTOMER_ADDRESS,ACCOUNTADMIN,False,2020-10-19T12:12:48.7680000-07:00,2020-10-19T19:12:48.7680000Z
SELECT,TABLE,SNOWFLAKE_SAMPLE_DATA.TPCDS_SF10TCL.CUSTOMER_ADDRESS,PUBLIC,SNOWFLAKE_SAMPLE_DATA,TPCDS_SF10TCL,CUSTOMER_ADDRESS,ACCOUNTADMIN,False,2020-10-19T12:12:48.7680000-07:00,2020-10-19T19:12:48.7680000Z
SELECT,TABLE,SNOWFLAKE_SAMPLE_DATA.TPCDS_SF10TCL.CUSTOMER_DEMOGRAPHICS,ACCOUNTADMIN,SNOWFLAKE_SAMPLE_DATA,TPCDS_SF10TCL,CUSTOMER_DEMOGRAPHICS,ACCOUNTADMIN,False,2020-10-19T12:12:48.7680000-07:00,2020-10-19T19:12:48.7680000Z
SELECT,TABLE,SNOWFLAKE_SAMPLE_DATA.TPCDS_SF10TCL.CUSTOMER_DEMOGRAPHICS,PUBLIC,SNOWFLAKE_SAMPLE_DATA,TPCDS_SF10TCL,CUSTOMER_DEMOGRAPHICS,ACCOUNTADMIN,False,2020-10-19T12:12:48.7680000-07:00,2020-10-19T19:12:48.7680000Z
SELECT,TABLE,SNOWFLAKE_SAMPLE_DATA.TPCDS_SF10TCL.DATE_DIM,ACCOUNTADMIN,SNOWFLAKE_SAMPLE_DATA,TPCDS_SF10TCL,DATE_DIM,ACCOUNTADMIN,False,2020-10-19T12:12:48.7680000-07:00,2020-10-19T19:12:48.7680000Z
SELECT,TABLE,SNOWFLAKE_SAMPLE_DATA.TPCDS_SF10TCL.DATE_DIM,PUBLIC,SNOWFLAKE_SAMPLE_DATA,TPCDS_SF10TCL,DATE_DIM,ACCOUNTADMIN,False,2020-10-19T12:12:48.7680000-07:00,2020-10-19T19:12:48.7680000Z
SELECT,TABLE,SNOWFLAKE_SAMPLE_DATA.TPCDS_SF10TCL.DBGEN_VERSION,ACCOUNTADMIN,SNOWFLAKE_SAMPLE_DATA,TPCDS_SF10TCL,DBGEN_VERSION,ACCOUNTADMIN,False,2020-10-19T12:12:48.7680000-07:00,2020-10-19T19:12:48.7680000Z
SELECT,TABLE,SNOWFLAKE_SAMPLE_DATA.TPCDS_SF10TCL.DBGEN_VERSION,PUBLIC,SNOWFLAKE_SAMPLE_DATA,TPCDS_SF10TCL,DBGEN_VERSION,ACCOUNTADMIN,False,2020-10-19T12:12:48.7680000-07:00,2020-10-19T19:12:48.7680000Z
SELECT,TABLE,SNOWFLAKE_SAMPLE_DATA.TPCDS_SF10TCL.HOUSEHOLD_DEMOGRAPHICS,ACCOUNTADMIN,SNOWFLAKE_SAMPLE_DATA,TPCDS_SF10TCL,HOUSEHOLD_DEMOGRAPHICS,ACCOUNTADMIN,False,2020-10-19T12:12:48.7680000-07:00,2020-10-19T19:12:48.7680000Z
SELECT,TABLE,SNOWFLAKE_SAMPLE_DATA.TPCDS_SF10TCL.HOUSEHOLD_DEMOGRAPHICS,PUBLIC,SNOWFLAKE_SAMPLE_DATA,TPCDS_SF10TCL,HOUSEHOLD_DEMOGRAPHICS,ACCOUNTADMIN,False,2020-10-19T12:12:48.7680000-07:00,2020-10-19T19:12:48.7680000Z
SELECT,TABLE,SNOWFLAKE_SAMPLE_DATA.TPCDS_SF10TCL.INCOME_BAND,ACCOUNTADMIN,SNOWFLAKE_SAMPLE_DATA,TPCDS_SF10TCL,INCOME_BAND,ACCOUNTADMIN,False,2020-10-19T12:12:48.7680000-07:00,2020-10-19T19:12:48.7680000Z
SELECT,TABLE,SNOWFLAKE_SAMPLE_DATA.TPCDS_SF10TCL.INCOME_BAND,PUBLIC,SNOWFLAKE_SAMPLE_DATA,TPCDS_SF10TCL,INCOME_BAND,ACCOUNTADMIN,False,2020-10-19T12:12:48.7680000-07:00,2020-10-19T19:12:48.7680000Z
SELECT,TABLE,SNOWFLAKE_SAMPLE_DATA.TPCDS_SF10TCL.INVENTORY,ACCOUNTADMIN,SNOWFLAKE_SAMPLE_DATA,TPCDS_SF10TCL,INVENTORY,ACCOUNTADMIN,False,2020-10-19T12:12:48.7680000-07:00,2020-10-19T19:12:48.7680000Z
SELECT,TABLE,SNOWFLAKE_SAMPLE_DATA.TPCDS_SF10TCL.INVENTORY,PUBLIC,SNOWFLAKE_SAMPLE_DATA,TPCDS_SF10TCL,INVENTORY,ACCOUNTADMIN,False,2020-10-19T12:12:48.7680000-07:00,2020-10-19T19:12:48.7680000Z
SELECT,TABLE,SNOWFLAKE_SAMPLE_DATA.TPCDS_SF10TCL.ITEM,ACCOUNTADMIN,SNOWFLAKE_SAMPLE_DATA,TPCDS_SF10TCL,ITEM,ACCOUNTADMIN,False,2020-10-19T12:12:48.7680000-07:00,2020-10-19T19:12:48.7680000Z
SELECT,TABLE,SNOWFLAKE_SAMPLE_DATA.TPCDS_SF10TCL.ITEM,PUBLIC,SNOWFLAKE_SAMPLE_DATA,TPCDS_SF10TCL,ITEM,ACCOUNTADMIN,False,2020-10-19T12:12:48.7680000-07:00,2020-10-19T19:12:48.7680000Z
SELECT,TABLE,SNOWFLAKE_SAMPLE_DATA.TPCDS_SF10TCL.PROMOTION,ACCOUNTADMIN,SNOWFLAKE_SAMPLE_DATA,TPCDS_SF10TCL,PROMOTION,ACCOUNTADMIN,False,2020-10-19T12:12:48.7680000-07:00,2020-10-19T19:12:48.7680000Z
SELECT,TABLE,SNOWFLAKE_SAMPLE_DATA.TPCDS_SF10TCL.PROMOTION,PUBLIC,SNOWFLAKE_SAMPLE_DATA,TPCDS_SF10TCL,PROMOTION,ACCOUNTADMIN,False,2020-10-19T12:12:48.7680000-07:00,2020-10-19T19:12:48.7680000Z
SELECT,TABLE,SNOWFLAKE_SAMPLE_DATA.TPCDS_SF10TCL.REASON,ACCOUNTADMIN,SNOWFLAKE_SAMPLE_DATA,TPCDS_SF10TCL,REASON,ACCOUNTADMIN,False,2020-10-19T12:12:48.7680000-07:00,2020-10-19T19:12:48.7680000Z
SELECT,TABLE,SNOWFLAKE_SAMPLE_DATA.TPCDS_SF10TCL.REASON,PUBLIC,SNOWFLAKE_SAMPLE_DATA,TPCDS_SF10TCL,REASON,ACCOUNTADMIN,False,2020-10-19T12:12:48.7680000-07:00,2020-10-19T19:12:48.7680000Z
SELECT,TABLE,SNOWFLAKE_SAMPLE_DATA.TPCDS_SF10TCL.SHIP_MODE,ACCOUNTADMIN,SNOWFLAKE_SAMPLE_DATA,TPCDS_SF10TCL,SHIP_MODE,ACCOUNTADMIN,False,2020-10-19T12:12:48.7680000-07:00,2020-10-19T19:12:48.7680000Z
SELECT,TABLE,SNOWFLAKE_SAMPLE_DATA.TPCDS_SF10TCL.SHIP_MODE,PUBLIC,SNOWFLAKE_SAMPLE_DATA,TPCDS_SF10TCL,SHIP_MODE,ACCOUNTADMIN,False,2020-10-19T12:12:48.7680000-07:00,2020-10-19T19:12:48.7680000Z
SELECT,TABLE,SNOWFLAKE_SAMPLE_DATA.TPCDS_SF10TCL.STORE,ACCOUNTADMIN,SNOWFLAKE_SAMPLE_DATA,TPCDS_SF10TCL,STORE,ACCOUNTADMIN,False,2020-10-19T12:12:48.7680000-07:00,2020-10-19T19:12:48.7680000Z
SELECT,TABLE,SNOWFLAKE_SAMPLE_DATA.TPCDS_SF10TCL.STORE,PUBLIC,SNOWFLAKE_SAMPLE_DATA,TPCDS_SF10TCL,STORE,ACCOUNTADMIN,False,2020-10-19T12:12:48.7680000-07:00,2020-10-19T19:12:48.7680000Z
SELECT,TABLE,SNOWFLAKE_SAMPLE_DATA.TPCDS_SF10TCL.STORE_RETURNS,ACCOUNTADMIN,SNOWFLAKE_SAMPLE_DATA,TPCDS_SF10TCL,STORE_RETURNS,ACCOUNTADMIN,False,2020-10-19T12:12:48.7680000-07:00,2020-10-19T19:12:48.7680000Z
SELECT,TABLE,SNOWFLAKE_SAMPLE_DATA.TPCDS_SF10TCL.STORE_RETURNS,PUBLIC,SNOWFLAKE_SAMPLE_DATA,TPCDS_SF10TCL,STORE_RETURNS,ACCOUNTADMIN,False,2020-10-19T12:12:48.7680000-07:00,2020-10-19T19:12:48.7680000Z
SELECT,TABLE,SNOWFLAKE_SAMPLE_DATA.TPCDS_SF10TCL.STORE_SALES,ACCOUNTADMIN,SNOWFLAKE_SAMPLE_DATA,TPCDS_SF10TCL,STORE_SALES,ACCOUNTADMIN,False,2020-10-19T12:12:48.7680000-07:00,2020-10-19T19:12:48.7680000Z
SELECT,TABLE,SNOWFLAKE_SAMPLE_DATA.TPCDS_SF10TCL.STORE_SALES,PUBLIC,SNOWFLAKE_SAMPLE_DATA,TPCDS_SF10TCL,STORE_SALES,ACCOUNTADMIN,False,2020-10-19T12:12:48.7680000-07:00,2020-10-19T19:12:48.7680000Z
SELECT,TABLE,SNOWFLAKE_SAMPLE_DATA.TPCDS_SF10TCL.TIME_DIM,ACCOUNTADMIN,SNOWFLAKE_SAMPLE_DATA,TPCDS_SF10TCL,TIME_DIM,ACCOUNTADMIN,False,2020-10-19T12:12:48.7680000-07:00,2020-10-19T19:12:48.7680000Z
SELECT,TABLE,SNOWFLAKE_SAMPLE_DATA.TPCDS_SF10TCL.TIME_DIM,PUBLIC,SNOWFLAKE_SAMPLE_DATA,TPCDS_SF10TCL,TIME_DIM,ACCOUNTADMIN,False,2020-10-19T12:12:48.7680000-07:00,2020-10-19T19:12:48.7680000Z
SELECT,TABLE,SNOWFLAKE_SAMPLE_DATA.TPCDS_SF10TCL.WAREHOUSE,ACCOUNTADMIN,SNOWFLAKE_SAMPLE_DATA,TPCDS_SF10TCL,WAREHOUSE,ACCOUNTADMIN,False,2020-10-19T12:12:48.7680000-07:00,2020-10-19T19:12:48.7680000Z
SELECT,TABLE,SNOWFLAKE_SAMPLE_DATA.TPCDS_SF10TCL.WAREHOUSE,PUBLIC,SNOWFLAKE_SAMPLE_DATA,TPCDS_SF10TCL,WAREHOUSE,ACCOUNTADMIN,False,2020-10-19T12:12:48.7680000-07:00,2020-10-19T19:12:48.7680000Z
SELECT,TABLE,SNOWFLAKE_SAMPLE_DATA.TPCDS_SF10TCL.WEB_PAGE,ACCOUNTADMIN,SNOWFLAKE_SAMPLE_DATA,TPCDS_SF10TCL,WEB_PAGE,ACCOUNTADMIN,False,2020-10-19T12:12:48.7680000-07:00,2020-10-19T19:12:48.7680000Z
SELECT,TABLE,SNOWFLAKE_SAMPLE_DATA.TPCDS_SF10TCL.WEB_PAGE,PUBLIC,SNOWFLAKE_SAMPLE_DATA,TPCDS_SF10TCL,WEB_PAGE,ACCOUNTADMIN,False,2020-10-19T12:12:48.7680000-07:00,2020-10-19T19:12:48.7680000Z
SELECT,TABLE,SNOWFLAKE_SAMPLE_DATA.TPCDS_SF10TCL.WEB_RETURNS,ACCOUNTADMIN,SNOWFLAKE_SAMPLE_DATA,TPCDS_SF10TCL,WEB_RETURNS,ACCOUNTADMIN,False,2020-10-19T12:12:48.7680000-07:00,2020-10-19T19:12:48.7680000Z
SELECT,TABLE,SNOWFLAKE_SAMPLE_DATA.TPCDS_SF10TCL.WEB_RETURNS,PUBLIC,SNOWFLAKE_SAMPLE_DATA,TPCDS_SF10TCL,WEB_RETURNS,ACCOUNTADMIN,False,2020-10-19T12:12:48.7680000-07:00,2020-10-19T19:12:48.7680000Z
SELECT,TABLE,SNOWFLAKE_SAMPLE_DATA.TPCDS_SF10TCL.WEB_SALES,ACCOUNTADMIN,SNOWFLAKE_SAMPLE_DATA,TPCDS_SF10TCL,WEB_SALES,ACCOUNTADMIN,False,2020-10-19T12:12:48.7680000-07:00,2020-10-19T19:12:48.7680000Z
SELECT,TABLE,SNOWFLAKE_SAMPLE_DATA.TPCDS_SF10TCL.WEB_SALES,PUBLIC,SNOWFLAKE_SAMPLE_DATA,TPCDS_SF10TCL,WEB_SALES,ACCOUNTADMIN,False,2020-10-19T12:12:48.7680000-07:00,2020-10-19T19:12:48.7680000Z
SELECT,TABLE,SNOWFLAKE_SAMPLE_DATA.TPCDS_SF10TCL.WEB_SITE,ACCOUNTADMIN,SNOWFLAKE_SAMPLE_DATA,TPCDS_SF10TCL,WEB_SITE,ACCOUNTADMIN,False,2020-10-19T12:12:48.7680000-07:00,2020-10-19T19:12:48.7680000Z
SELECT,TABLE,SNOWFLAKE_SAMPLE_DATA.TPCDS_SF10TCL.WEB_SITE,PUBLIC,SNOWFLAKE_SAMPLE_DATA,TPCDS_SF10TCL,WEB_SITE,ACCOUNTADMIN,False,2020-10-19T12:12:48.7680000-07:00,2020-10-19T19:12:48.7680000Z
SELECT,TABLE,SNOWFLAKE_SAMPLE_DATA.TPCH_SF001.CUSTOMER,ACCOUNTADMIN,SNOWFLAKE_SAMPLE_DATA,TPCH_SF001,CUSTOMER,ACCOUNTADMIN,False,2020-10-19T12:12:48.7680000-07:00,2020-10-19T19:12:48.7680000Z
SELECT,TABLE,SNOWFLAKE_SAMPLE_DATA.TPCH_SF001.CUSTOMER,PUBLIC,SNOWFLAKE_SAMPLE_DATA,TPCH_SF001,CUSTOMER,ACCOUNTADMIN,False,2020-10-19T12:12:48.7680000-07:00,2020-10-19T19:12:48.7680000Z
SELECT,TABLE,SNOWFLAKE_SAMPLE_DATA.TPCH_SF001.JCUSTOMER,ACCOUNTADMIN,SNOWFLAKE_SAMPLE_DATA,TPCH_SF001,JCUSTOMER,ACCOUNTADMIN,False,2020-10-19T12:12:48.7680000-07:00,2020-10-19T19:12:48.7680000Z
SELECT,TABLE,SNOWFLAKE_SAMPLE_DATA.TPCH_SF001.JCUSTOMER,PUBLIC,SNOWFLAKE_SAMPLE_DATA,TPCH_SF001,JCUSTOMER,ACCOUNTADMIN,False,2020-10-19T12:12:48.7680000-07:00,2020-10-19T19:12:48.7680000Z
SELECT,TABLE,SNOWFLAKE_SAMPLE_DATA.TPCH_SF001.JLINEITEM,ACCOUNTADMIN,SNOWFLAKE_SAMPLE_DATA,TPCH_SF001,JLINEITEM,ACCOUNTADMIN,False,2020-10-19T12:12:48.7680000-07:00,2020-10-19T19:12:48.7680000Z
SELECT,TABLE,SNOWFLAKE_SAMPLE_DATA.TPCH_SF001.JLINEITEM,PUBLIC,SNOWFLAKE_SAMPLE_DATA,TPCH_SF001,JLINEITEM,ACCOUNTADMIN,False,2020-10-19T12:12:48.7680000-07:00,2020-10-19T19:12:48.7680000Z
SELECT,TABLE,SNOWFLAKE_SAMPLE_DATA.TPCH_SF001.JNATION,ACCOUNTADMIN,SNOWFLAKE_SAMPLE_DATA,TPCH_SF001,JNATION,ACCOUNTADMIN,False,2020-10-19T12:12:48.7680000-07:00,2020-10-19T19:12:48.7680000Z
SELECT,TABLE,SNOWFLAKE_SAMPLE_DATA.TPCH_SF001.JNATION,PUBLIC,SNOWFLAKE_SAMPLE_DATA,TPCH_SF001,JNATION,ACCOUNTADMIN,False,2020-10-19T12:12:48.7680000-07:00,2020-10-19T19:12:48.7680000Z
SELECT,TABLE,SNOWFLAKE_SAMPLE_DATA.TPCH_SF001.JORDERS,ACCOUNTADMIN,SNOWFLAKE_SAMPLE_DATA,TPCH_SF001,JORDERS,ACCOUNTADMIN,False,2020-10-19T12:12:48.7680000-07:00,2020-10-19T19:12:48.7680000Z
SELECT,TABLE,SNOWFLAKE_SAMPLE_DATA.TPCH_SF001.JORDERS,PUBLIC,SNOWFLAKE_SAMPLE_DATA,TPCH_SF001,JORDERS,ACCOUNTADMIN,False,2020-10-19T12:12:48.7680000-07:00,2020-10-19T19:12:48.7680000Z
SELECT,TABLE,SNOWFLAKE_SAMPLE_DATA.TPCH_SF001.JPART,ACCOUNTADMIN,SNOWFLAKE_SAMPLE_DATA,TPCH_SF001,JPART,ACCOUNTADMIN,False,2020-10-19T12:12:48.7680000-07:00,2020-10-19T19:12:48.7680000Z
SELECT,TABLE,SNOWFLAKE_SAMPLE_DATA.TPCH_SF001.JPART,PUBLIC,SNOWFLAKE_SAMPLE_DATA,TPCH_SF001,JPART,ACCOUNTADMIN,False,2020-10-19T12:12:48.7680000-07:00,2020-10-19T19:12:48.7680000Z
SELECT,TABLE,SNOWFLAKE_SAMPLE_DATA.TPCH_SF001.JPARTSUPP,ACCOUNTADMIN,SNOWFLAKE_SAMPLE_DATA,TPCH_SF001,JPARTSUPP,ACCOUNTADMIN,False,2020-10-19T12:12:48.7680000-07:00,2020-10-19T19:12:48.7680000Z
SELECT,TABLE,SNOWFLAKE_SAMPLE_DATA.TPCH_SF001.JPARTSUPP,PUBLIC,SNOWFLAKE_SAMPLE_DATA,TPCH_SF001,JPARTSUPP,ACCOUNTADMIN,False,2020-10-19T12:12:48.7680000-07:00,2020-10-19T19:12:48.7680000Z
SELECT,TABLE,SNOWFLAKE_SAMPLE_DATA.TPCH_SF001.JREGION,ACCOUNTADMIN,SNOWFLAKE_SAMPLE_DATA,TPCH_SF001,JREGION,ACCOUNTADMIN,False,2020-10-19T12:12:48.7680000-07:00,2020-10-19T19:12:48.7680000Z
SELECT,TABLE,SNOWFLAKE_SAMPLE_DATA.TPCH_SF001.JREGION,PUBLIC,SNOWFLAKE_SAMPLE_DATA,TPCH_SF001,JREGION,ACCOUNTADMIN,False,2020-10-19T12:12:48.7680000-07:00,2020-10-19T19:12:48.7680000Z
SELECT,TABLE,SNOWFLAKE_SAMPLE_DATA.TPCH_SF001.JSUPPLIER,ACCOUNTADMIN,SNOWFLAKE_SAMPLE_DATA,TPCH_SF001,JSUPPLIER,ACCOUNTADMIN,False,2020-10-19T12:12:48.7680000-07:00,2020-10-19T19:12:48.7680000Z
SELECT,TABLE,SNOWFLAKE_SAMPLE_DATA.TPCH_SF001.JSUPPLIER,PUBLIC,SNOWFLAKE_SAMPLE_DATA,TPCH_SF001,JSUPPLIER,ACCOUNTADMIN,False,2020-10-19T12:12:48.7680000-07:00,2020-10-19T19:12:48.7680000Z
SELECT,TABLE,SNOWFLAKE_SAMPLE_DATA.TPCH_SF001.LINEITEM,ACCOUNTADMIN,SNOWFLAKE_SAMPLE_DATA,TPCH_SF001,LINEITEM,ACCOUNTADMIN,False,2020-10-19T12:12:48.7680000-07:00,2020-10-19T19:12:48.7680000Z
SELECT,TABLE,SNOWFLAKE_SAMPLE_DATA.TPCH_SF001.LINEITEM,PUBLIC,SNOWFLAKE_SAMPLE_DATA,TPCH_SF001,LINEITEM,ACCOUNTADMIN,False,2020-10-19T12:12:48.7680000-07:00,2020-10-19T19:12:48.7680000Z
SELECT,TABLE,SNOWFLAKE_SAMPLE_DATA.TPCH_SF001.NATION,ACCOUNTADMIN,SNOWFLAKE_SAMPLE_DATA,TPCH_SF001,NATION,ACCOUNTADMIN,False,2020-10-19T12:12:48.7680000-07:00,2020-10-19T19:12:48.7680000Z
SELECT,TABLE,SNOWFLAKE_SAMPLE_DATA.TPCH_SF001.NATION,PUBLIC,SNOWFLAKE_SAMPLE_DATA,TPCH_SF001,NATION,ACCOUNTADMIN,False,2020-10-19T12:12:48.7680000-07:00,2020-10-19T19:12:48.7680000Z
SELECT,TABLE,SNOWFLAKE_SAMPLE_DATA.TPCH_SF001.ORDERS,ACCOUNTADMIN,SNOWFLAKE_SAMPLE_DATA,TPCH_SF001,ORDERS,ACCOUNTADMIN,False,2020-10-19T12:12:48.7680000-07:00,2020-10-19T19:12:48.7680000Z
SELECT,TABLE,SNOWFLAKE_SAMPLE_DATA.TPCH_SF001.ORDERS,PUBLIC,SNOWFLAKE_SAMPLE_DATA,TPCH_SF001,ORDERS,ACCOUNTADMIN,False,2020-10-19T12:12:48.7680000-07:00,2020-10-19T19:12:48.7680000Z
SELECT,TABLE,SNOWFLAKE_SAMPLE_DATA.TPCH_SF001.PART,ACCOUNTADMIN,SNOWFLAKE_SAMPLE_DATA,TPCH_SF001,PART,ACCOUNTADMIN,False,2020-10-19T12:12:48.7680000-07:00,2020-10-19T19:12:48.7680000Z
SELECT,TABLE,SNOWFLAKE_SAMPLE_DATA.TPCH_SF001.PART,PUBLIC,SNOWFLAKE_SAMPLE_DATA,TPCH_SF001,PART,ACCOUNTADMIN,False,2020-10-19T12:12:48.7680000-07:00,2020-10-19T19:12:48.7680000Z
SELECT,TABLE,SNOWFLAKE_SAMPLE_DATA.TPCH_SF001.PARTSUPP,ACCOUNTADMIN,SNOWFLAKE_SAMPLE_DATA,TPCH_SF001,PARTSUPP,ACCOUNTADMIN,False,2020-10-19T12:12:48.7680000-07:00,2020-10-19T19:12:48.7680000Z
SELECT,TABLE,SNOWFLAKE_SAMPLE_DATA.TPCH_SF001.PARTSUPP,PUBLIC,SNOWFLAKE_SAMPLE_DATA,TPCH_SF001,PARTSUPP,ACCOUNTADMIN,False,2020-10-19T12:12:48.7680000-07:00,2020-10-19T19:12:48.7680000Z
SELECT,TABLE,SNOWFLAKE_SAMPLE_DATA.TPCH_SF001.REGION,ACCOUNTADMIN,SNOWFLAKE_SAMPLE_DATA,TPCH_SF001,REGION,ACCOUNTADMIN,False,2020-10-19T12:12:48.7680000-07:00,2020-10-19T19:12:48.7680000Z
SELECT,TABLE,SNOWFLAKE_SAMPLE_DATA.TPCH_SF001.REGION,PUBLIC,SNOWFLAKE_SAMPLE_DATA,TPCH_SF001,REGION,ACCOUNTADMIN,False,2020-10-19T12:12:48.7680000-07:00,2020-10-19T19:12:48.7680000Z
SELECT,TABLE,SNOWFLAKE_SAMPLE_DATA.TPCH_SF001.SUPPLIER,ACCOUNTADMIN,SNOWFLAKE_SAMPLE_DATA,TPCH_SF001,SUPPLIER,ACCOUNTADMIN,False,2020-10-19T12:12:48.7680000-07:00,2020-10-19T19:12:48.7680000Z
SELECT,TABLE,SNOWFLAKE_SAMPLE_DATA.TPCH_SF001.SUPPLIER,PUBLIC,SNOWFLAKE_SAMPLE_DATA,TPCH_SF001,SUPPLIER,ACCOUNTADMIN,False,2020-10-19T12:12:48.7680000-07:00,2020-10-19T19:12:48.7680000Z
SELECT,TABLE,SNOWFLAKE_SAMPLE_DATA.TPCH_SF1.CUSTOMER,ACCOUNTADMIN,SNOWFLAKE_SAMPLE_DATA,TPCH_SF1,CUSTOMER,ACCOUNTADMIN,False,2020-10-19T12:12:48.7680000-07:00,2020-10-19T19:12:48.7680000Z
SELECT,TABLE,SNOWFLAKE_SAMPLE_DATA.TPCH_SF1.CUSTOMER,PUBLIC,SNOWFLAKE_SAMPLE_DATA,TPCH_SF1,CUSTOMER,ACCOUNTADMIN,False,2020-10-19T12:12:48.7680000-07:00,2020-10-19T19:12:48.7680000Z
SELECT,TABLE,SNOWFLAKE_SAMPLE_DATA.TPCH_SF1.JCUSTOMER,ACCOUNTADMIN,SNOWFLAKE_SAMPLE_DATA,TPCH_SF1,JCUSTOMER,ACCOUNTADMIN,False,2020-10-19T12:12:48.7680000-07:00,2020-10-19T19:12:48.7680000Z
SELECT,TABLE,SNOWFLAKE_SAMPLE_DATA.TPCH_SF1.JCUSTOMER,PUBLIC,SNOWFLAKE_SAMPLE_DATA,TPCH_SF1,JCUSTOMER,ACCOUNTADMIN,False,2020-10-19T12:12:48.7680000-07:00,2020-10-19T19:12:48.7680000Z
SELECT,TABLE,SNOWFLAKE_SAMPLE_DATA.TPCH_SF1.JLINEITEM,ACCOUNTADMIN,SNOWFLAKE_SAMPLE_DATA,TPCH_SF1,JLINEITEM,ACCOUNTADMIN,False,2020-10-19T12:12:48.7680000-07:00,2020-10-19T19:12:48.7680000Z
SELECT,TABLE,SNOWFLAKE_SAMPLE_DATA.TPCH_SF1.JLINEITEM,PUBLIC,SNOWFLAKE_SAMPLE_DATA,TPCH_SF1,JLINEITEM,ACCOUNTADMIN,False,2020-10-19T12:12:48.7680000-07:00,2020-10-19T19:12:48.7680000Z
SELECT,TABLE,SNOWFLAKE_SAMPLE_DATA.TPCH_SF1.JNATION,ACCOUNTADMIN,SNOWFLAKE_SAMPLE_DATA,TPCH_SF1,JNATION,ACCOUNTADMIN,False,2020-10-19T12:12:48.7680000-07:00,2020-10-19T19:12:48.7680000Z
SELECT,TABLE,SNOWFLAKE_SAMPLE_DATA.TPCH_SF1.JNATION,PUBLIC,SNOWFLAKE_SAMPLE_DATA,TPCH_SF1,JNATION,ACCOUNTADMIN,False,2020-10-19T12:12:48.7680000-07:00,2020-10-19T19:12:48.7680000Z
SELECT,TABLE,SNOWFLAKE_SAMPLE_DATA.TPCH_SF1.JORDERS,ACCOUNTADMIN,SNOWFLAKE_SAMPLE_DATA,TPCH_SF1,JORDERS,ACCOUNTADMIN,False,2020-10-19T12:12:48.7680000-07:00,2020-10-19T19:12:48.7680000Z
SELECT,TABLE,SNOWFLAKE_SAMPLE_DATA.TPCH_SF1.JORDERS,PUBLIC,SNOWFLAKE_SAMPLE_DATA,TPCH_SF1,JORDERS,ACCOUNTADMIN,False,2020-10-19T12:12:48.7680000-07:00,2020-10-19T19:12:48.7680000Z
SELECT,TABLE,SNOWFLAKE_SAMPLE_DATA.TPCH_SF1.JPART,ACCOUNTADMIN,SNOWFLAKE_SAMPLE_DATA,TPCH_SF1,JPART,ACCOUNTADMIN,False,2020-10-19T12:12:48.7680000-07:00,2020-10-19T19:12:48.7680000Z
SELECT,TABLE,SNOWFLAKE_SAMPLE_DATA.TPCH_SF1.JPART,PUBLIC,SNOWFLAKE_SAMPLE_DATA,TPCH_SF1,JPART,ACCOUNTADMIN,False,2020-10-19T12:12:48.7680000-07:00,2020-10-19T19:12:48.7680000Z
SELECT,TABLE,SNOWFLAKE_SAMPLE_DATA.TPCH_SF1.JPARTSUPP,ACCOUNTADMIN,SNOWFLAKE_SAMPLE_DATA,TPCH_SF1,JPARTSUPP,ACCOUNTADMIN,False,2020-10-19T12:12:48.7680000-07:00,2020-10-19T19:12:48.7680000Z
SELECT,TABLE,SNOWFLAKE_SAMPLE_DATA.TPCH_SF1.JPARTSUPP,PUBLIC,SNOWFLAKE_SAMPLE_DATA,TPCH_SF1,JPARTSUPP,ACCOUNTADMIN,False,2020-10-19T12:12:48.7680000-07:00,2020-10-19T19:12:48.7680000Z
SELECT,TABLE,SNOWFLAKE_SAMPLE_DATA.TPCH_SF1.JREGION,ACCOUNTADMIN,SNOWFLAKE_SAMPLE_DATA,TPCH_SF1,JREGION,ACCOUNTADMIN,False,2020-10-19T12:12:48.7680000-07:00,2020-10-19T19:12:48.7680000Z
SELECT,TABLE,SNOWFLAKE_SAMPLE_DATA.TPCH_SF1.JREGION,PUBLIC,SNOWFLAKE_SAMPLE_DATA,TPCH_SF1,JREGION,ACCOUNTADMIN,False,2020-10-19T12:12:48.7680000-07:00,2020-10-19T19:12:48.7680000Z
SELECT,TABLE,SNOWFLAKE_SAMPLE_DATA.TPCH_SF1.JSUPPLIER,ACCOUNTADMIN,SNOWFLAKE_SAMPLE_DATA,TPCH_SF1,JSUPPLIER,ACCOUNTADMIN,False,2020-10-19T12:12:48.7680000-07:00,2020-10-19T19:12:48.7680000Z
SELECT,TABLE,SNOWFLAKE_SAMPLE_DATA.TPCH_SF1.JSUPPLIER,PUBLIC,SNOWFLAKE_SAMPLE_DATA,TPCH_SF1,JSUPPLIER,ACCOUNTADMIN,False,2020-10-19T12:12:48.7680000-07:00,2020-10-19T19:12:48.7680000Z
SELECT,TABLE,SNOWFLAKE_SAMPLE_DATA.TPCH_SF1.LINEITEM,ACCOUNTADMIN,SNOWFLAKE_SAMPLE_DATA,TPCH_SF1,LINEITEM,ACCOUNTADMIN,False,2020-10-19T12:12:48.7680000-07:00,2020-10-19T19:12:48.7680000Z
SELECT,TABLE,SNOWFLAKE_SAMPLE_DATA.TPCH_SF1.LINEITEM,PUBLIC,SNOWFLAKE_SAMPLE_DATA,TPCH_SF1,LINEITEM,ACCOUNTADMIN,False,2020-10-19T12:12:48.7680000-07:00,2020-10-19T19:12:48.7680000Z
SELECT,TABLE,SNOWFLAKE_SAMPLE_DATA.TPCH_SF1.NATION,ACCOUNTADMIN,SNOWFLAKE_SAMPLE_DATA,TPCH_SF1,NATION,ACCOUNTADMIN,False,2020-10-19T12:12:48.7680000-07:00,2020-10-19T19:12:48.7680000Z
SELECT,TABLE,SNOWFLAKE_SAMPLE_DATA.TPCH_SF1.NATION,PUBLIC,SNOWFLAKE_SAMPLE_DATA,TPCH_SF1,NATION,ACCOUNTADMIN,False,2020-10-19T12:12:48.7680000-07:00,2020-10-19T19:12:48.7680000Z
SELECT,TABLE,SNOWFLAKE_SAMPLE_DATA.TPCH_SF1.ORDERS,ACCOUNTADMIN,SNOWFLAKE_SAMPLE_DATA,TPCH_SF1,ORDERS,ACCOUNTADMIN,False,2020-10-19T12:12:48.7680000-07:00,2020-10-19T19:12:48.7680000Z
SELECT,TABLE,SNOWFLAKE_SAMPLE_DATA.TPCH_SF1.ORDERS,PUBLIC,SNOWFLAKE_SAMPLE_DATA,TPCH_SF1,ORDERS,ACCOUNTADMIN,False,2020-10-19T12:12:48.7680000-07:00,2020-10-19T19:12:48.7680000Z
SELECT,TABLE,SNOWFLAKE_SAMPLE_DATA.TPCH_SF1.PART,ACCOUNTADMIN,SNOWFLAKE_SAMPLE_DATA,TPCH_SF1,PART,ACCOUNTADMIN,False,2020-10-19T12:12:48.7680000-07:00,2020-10-19T19:12:48.7680000Z
SELECT,TABLE,SNOWFLAKE_SAMPLE_DATA.TPCH_SF1.PART,PUBLIC,SNOWFLAKE_SAMPLE_DATA,TPCH_SF1,PART,ACCOUNTADMIN,False,2020-10-19T12:12:48.7680000-07:00,2020-10-19T19:12:48.7680000Z
SELECT,TABLE,SNOWFLAKE_SAMPLE_DATA.TPCH_SF1.PARTSUPP,ACCOUNTADMIN,SNOWFLAKE_SAMPLE_DATA,TPCH_SF1,PARTSUPP,ACCOUNTADMIN,False,2020-10-19T12:12:48.7680000-07:00,2020-10-19T19:12:48.7680000Z
SELECT,TABLE,SNOWFLAKE_SAMPLE_DATA.TPCH_SF1.PARTSUPP,PUBLIC,SNOWFLAKE_SAMPLE_DATA,TPCH_SF1,PARTSUPP,ACCOUNTADMIN,False,2020-10-19T12:12:48.7680000-07:00,2020-10-19T19:12:48.7680000Z
SELECT,TABLE,SNOWFLAKE_SAMPLE_DATA.TPCH_SF1.REGION,ACCOUNTADMIN,SNOWFLAKE_SAMPLE_DATA,TPCH_SF1,REGION,ACCOUNTADMIN,False,2020-10-19T12:12:48.7680000-07:00,2020-10-19T19:12:48.7680000Z
SELECT,TABLE,SNOWFLAKE_SAMPLE_DATA.TPCH_SF1.REGION,PUBLIC,SNOWFLAKE_SAMPLE_DATA,TPCH_SF1,REGION,ACCOUNTADMIN,False,2020-10-19T12:12:48.7680000-07:00,2020-10-19T19:12:48.7680000Z
SELECT,TABLE,SNOWFLAKE_SAMPLE_DATA.TPCH_SF1.SUPPLIER,ACCOUNTADMIN,SNOWFLAKE_SAMPLE_DATA,TPCH_SF1,SUPPLIER,ACCOUNTADMIN,False,2020-10-19T12:12:48.7680000-07:00,2020-10-19T19:12:48.7680000Z
SELECT,TABLE,SNOWFLAKE_SAMPLE_DATA.TPCH_SF1.SUPPLIER,PUBLIC,SNOWFLAKE_SAMPLE_DATA,TPCH_SF1,SUPPLIER,ACCOUNTADMIN,False,2020-10-19T12:12:48.7680000-07:00,2020-10-19T19:12:48.7680000Z
SELECT,TABLE,SNOWFLAKE_SAMPLE_DATA.TPCH_SF10.CUSTOMER,ACCOUNTADMIN,SNOWFLAKE_SAMPLE_DATA,TPCH_SF10,CUSTOMER,ACCOUNTADMIN,False,2020-10-19T12:12:48.7680000-07:00,2020-10-19T19:12:48.7680000Z
SELECT,TABLE,SNOWFLAKE_SAMPLE_DATA.TPCH_SF10.CUSTOMER,PUBLIC,SNOWFLAKE_SAMPLE_DATA,TPCH_SF10,CUSTOMER,ACCOUNTADMIN,False,2020-10-19T12:12:48.7680000-07:00,2020-10-19T19:12:48.7680000Z
SELECT,TABLE,SNOWFLAKE_SAMPLE_DATA.TPCH_SF10.JCUSTOMER,ACCOUNTADMIN,SNOWFLAKE_SAMPLE_DATA,TPCH_SF10,JCUSTOMER,ACCOUNTADMIN,False,2020-10-19T12:12:48.7680000-07:00,2020-10-19T19:12:48.7680000Z
SELECT,TABLE,SNOWFLAKE_SAMPLE_DATA.TPCH_SF10.JCUSTOMER,PUBLIC,SNOWFLAKE_SAMPLE_DATA,TPCH_SF10,JCUSTOMER,ACCOUNTADMIN,False,2020-10-19T12:12:48.7680000-07:00,2020-10-19T19:12:48.7680000Z
SELECT,TABLE,SNOWFLAKE_SAMPLE_DATA.TPCH_SF10.JLINEITEM,ACCOUNTADMIN,SNOWFLAKE_SAMPLE_DATA,TPCH_SF10,JLINEITEM,ACCOUNTADMIN,False,2020-10-19T12:12:48.7680000-07:00,2020-10-19T19:12:48.7680000Z
SELECT,TABLE,SNOWFLAKE_SAMPLE_DATA.TPCH_SF10.JLINEITEM,PUBLIC,SNOWFLAKE_SAMPLE_DATA,TPCH_SF10,JLINEITEM,ACCOUNTADMIN,False,2020-10-19T12:12:48.7680000-07:00,2020-10-19T19:12:48.7680000Z
SELECT,TABLE,SNOWFLAKE_SAMPLE_DATA.TPCH_SF10.JNATION,ACCOUNTADMIN,SNOWFLAKE_SAMPLE_DATA,TPCH_SF10,JNATION,ACCOUNTADMIN,False,2020-10-19T12:12:48.7680000-07:00,2020-10-19T19:12:48.7680000Z
SELECT,TABLE,SNOWFLAKE_SAMPLE_DATA.TPCH_SF10.JNATION,PUBLIC,SNOWFLAKE_SAMPLE_DATA,TPCH_SF10,JNATION,ACCOUNTADMIN,False,2020-10-19T12:12:48.7680000-07:00,2020-10-19T19:12:48.7680000Z
SELECT,TABLE,SNOWFLAKE_SAMPLE_DATA.TPCH_SF10.JORDERS,ACCOUNTADMIN,SNOWFLAKE_SAMPLE_DATA,TPCH_SF10,JORDERS,ACCOUNTADMIN,False,2020-10-19T12:12:48.7680000-07:00,2020-10-19T19:12:48.7680000Z
SELECT,TABLE,SNOWFLAKE_SAMPLE_DATA.TPCH_SF10.JORDERS,PUBLIC,SNOWFLAKE_SAMPLE_DATA,TPCH_SF10,JORDERS,ACCOUNTADMIN,False,2020-10-19T12:12:48.7680000-07:00,2020-10-19T19:12:48.7680000Z
SELECT,TABLE,SNOWFLAKE_SAMPLE_DATA.TPCH_SF10.JPART,ACCOUNTADMIN,SNOWFLAKE_SAMPLE_DATA,TPCH_SF10,JPART,ACCOUNTADMIN,False,2020-10-19T12:12:48.7680000-07:00,2020-10-19T19:12:48.7680000Z
SELECT,TABLE,SNOWFLAKE_SAMPLE_DATA.TPCH_SF10.JPART,PUBLIC,SNOWFLAKE_SAMPLE_DATA,TPCH_SF10,JPART,ACCOUNTADMIN,False,2020-10-19T12:12:48.7680000-07:00,2020-10-19T19:12:48.7680000Z
SELECT,TABLE,SNOWFLAKE_SAMPLE_DATA.TPCH_SF10.JPARTSUPP,ACCOUNTADMIN,SNOWFLAKE_SAMPLE_DATA,TPCH_SF10,JPARTSUPP,ACCOUNTADMIN,False,2020-10-19T12:12:48.7680000-07:00,2020-10-19T19:12:48.7680000Z
SELECT,TABLE,SNOWFLAKE_SAMPLE_DATA.TPCH_SF10.JPARTSUPP,PUBLIC,SNOWFLAKE_SAMPLE_DATA,TPCH_SF10,JPARTSUPP,ACCOUNTADMIN,False,2020-10-19T12:12:48.7680000-07:00,2020-10-19T19:12:48.7680000Z
SELECT,TABLE,SNOWFLAKE_SAMPLE_DATA.TPCH_SF10.JREGION,ACCOUNTADMIN,SNOWFLAKE_SAMPLE_DATA,TPCH_SF10,JREGION,ACCOUNTADMIN,False,2020-10-19T12:12:48.7680000-07:00,2020-10-19T19:12:48.7680000Z
SELECT,TABLE,SNOWFLAKE_SAMPLE_DATA.TPCH_SF10.JREGION,PUBLIC,SNOWFLAKE_SAMPLE_DATA,TPCH_SF10,JREGION,ACCOUNTADMIN,False,2020-10-19T12:12:48.7680000-07:00,2020-10-19T19:12:48.7680000Z
SELECT,TABLE,SNOWFLAKE_SAMPLE_DATA.TPCH_SF10.JSUPPLIER,ACCOUNTADMIN,SNOWFLAKE_SAMPLE_DATA,TPCH_SF10,JSUPPLIER,ACCOUNTADMIN,False,2020-10-19T12:12:48.7680000-07:00,2020-10-19T19:12:48.7680000Z
SELECT,TABLE,SNOWFLAKE_SAMPLE_DATA.TPCH_SF10.JSUPPLIER,PUBLIC,SNOWFLAKE_SAMPLE_DATA,TPCH_SF10,JSUPPLIER,ACCOUNTADMIN,False,2020-10-19T12:12:48.7680000-07:00,2020-10-19T19:12:48.7680000Z
SELECT,TABLE,SNOWFLAKE_SAMPLE_DATA.TPCH_SF10.LINEITEM,ACCOUNTADMIN,SNOWFLAKE_SAMPLE_DATA,TPCH_SF10,LINEITEM,ACCOUNTADMIN,False,2020-10-19T12:12:48.7680000-07:00,2020-10-19T19:12:48.7680000Z
SELECT,TABLE,SNOWFLAKE_SAMPLE_DATA.TPCH_SF10.LINEITEM,PUBLIC,SNOWFLAKE_SAMPLE_DATA,TPCH_SF10,LINEITEM,ACCOUNTADMIN,False,2020-10-19T12:12:48.7680000-07:00,2020-10-19T19:12:48.7680000Z
SELECT,TABLE,SNOWFLAKE_SAMPLE_DATA.TPCH_SF10.NATION,ACCOUNTADMIN,SNOWFLAKE_SAMPLE_DATA,TPCH_SF10,NATION,ACCOUNTADMIN,False,2020-10-19T12:12:48.7680000-07:00,2020-10-19T19:12:48.7680000Z
SELECT,TABLE,SNOWFLAKE_SAMPLE_DATA.TPCH_SF10.NATION,PUBLIC,SNOWFLAKE_SAMPLE_DATA,TPCH_SF10,NATION,ACCOUNTADMIN,False,2020-10-19T12:12:48.7680000-07:00,2020-10-19T19:12:48.7680000Z
SELECT,TABLE,SNOWFLAKE_SAMPLE_DATA.TPCH_SF10.ORDERS,ACCOUNTADMIN,SNOWFLAKE_SAMPLE_DATA,TPCH_SF10,ORDERS,ACCOUNTADMIN,False,2020-10-19T12:12:48.7680000-07:00,2020-10-19T19:12:48.7680000Z
SELECT,TABLE,SNOWFLAKE_SAMPLE_DATA.TPCH_SF10.ORDERS,PUBLIC,SNOWFLAKE_SAMPLE_DATA,TPCH_SF10,ORDERS,ACCOUNTADMIN,False,2020-10-19T12:12:48.7680000-07:00,2020-10-19T19:12:48.7680000Z
SELECT,TABLE,SNOWFLAKE_SAMPLE_DATA.TPCH_SF10.PART,ACCOUNTADMIN,SNOWFLAKE_SAMPLE_DATA,TPCH_SF10,PART,ACCOUNTADMIN,False,2020-10-19T12:12:48.7680000-07:00,2020-10-19T19:12:48.7680000Z
SELECT,TABLE,SNOWFLAKE_SAMPLE_DATA.TPCH_SF10.PART,PUBLIC,SNOWFLAKE_SAMPLE_DATA,TPCH_SF10,PART,ACCOUNTADMIN,False,2020-10-19T12:12:48.7680000-07:00,2020-10-19T19:12:48.7680000Z
SELECT,TABLE,SNOWFLAKE_SAMPLE_DATA.TPCH_SF10.PARTSUPP,ACCOUNTADMIN,SNOWFLAKE_SAMPLE_DATA,TPCH_SF10,PARTSUPP,ACCOUNTADMIN,False,2020-10-19T12:12:48.7680000-07:00,2020-10-19T19:12:48.7680000Z
SELECT,TABLE,SNOWFLAKE_SAMPLE_DATA.TPCH_SF10.PARTSUPP,PUBLIC,SNOWFLAKE_SAMPLE_DATA,TPCH_SF10,PARTSUPP,ACCOUNTADMIN,False,2020-10-19T12:12:48.7680000-07:00,2020-10-19T19:12:48.7680000Z
SELECT,TABLE,SNOWFLAKE_SAMPLE_DATA.TPCH_SF10.REGION,ACCOUNTADMIN,SNOWFLAKE_SAMPLE_DATA,TPCH_SF10,REGION,ACCOUNTADMIN,False,2020-10-19T12:12:48.7680000-07:00,2020-10-19T19:12:48.7680000Z
SELECT,TABLE,SNOWFLAKE_SAMPLE_DATA.TPCH_SF10.REGION,PUBLIC,SNOWFLAKE_SAMPLE_DATA,TPCH_SF10,REGION,ACCOUNTADMIN,False,2020-10-19T12:12:48.7680000-07:00,2020-10-19T19:12:48.7680000Z
SELECT,TABLE,SNOWFLAKE_SAMPLE_DATA.TPCH_SF10.SUPPLIER,ACCOUNTADMIN,SNOWFLAKE_SAMPLE_DATA,TPCH_SF10,SUPPLIER,ACCOUNTADMIN,False,2020-10-19T12:12:48.7680000-07:00,2020-10-19T19:12:48.7680000Z
SELECT,TABLE,SNOWFLAKE_SAMPLE_DATA.TPCH_SF10.SUPPLIER,PUBLIC,SNOWFLAKE_SAMPLE_DATA,TPCH_SF10,SUPPLIER,ACCOUNTADMIN,False,2020-10-19T12:12:48.7680000-07:00,2020-10-19T19:12:48.7680000Z
SELECT,TABLE,SNOWFLAKE_SAMPLE_DATA.TPCH_SF100.CUSTOMER,ACCOUNTADMIN,SNOWFLAKE_SAMPLE_DATA,TPCH_SF100,CUSTOMER,ACCOUNTADMIN,False,2020-10-19T12:12:48.7680000-07:00,2020-10-19T19:12:48.7680000Z
SELECT,TABLE,SNOWFLAKE_SAMPLE_DATA.TPCH_SF100.CUSTOMER,PUBLIC,SNOWFLAKE_SAMPLE_DATA,TPCH_SF100,CUSTOMER,ACCOUNTADMIN,False,2020-10-19T12:12:48.7680000-07:00,2020-10-19T19:12:48.7680000Z
SELECT,TABLE,SNOWFLAKE_SAMPLE_DATA.TPCH_SF100.JCUSTOMER,ACCOUNTADMIN,SNOWFLAKE_SAMPLE_DATA,TPCH_SF100,JCUSTOMER,ACCOUNTADMIN,False,2020-10-19T12:12:48.7680000-07:00,2020-10-19T19:12:48.7680000Z
SELECT,TABLE,SNOWFLAKE_SAMPLE_DATA.TPCH_SF100.JCUSTOMER,PUBLIC,SNOWFLAKE_SAMPLE_DATA,TPCH_SF100,JCUSTOMER,ACCOUNTADMIN,False,2020-10-19T12:12:48.7680000-07:00,2020-10-19T19:12:48.7680000Z
SELECT,TABLE,SNOWFLAKE_SAMPLE_DATA.TPCH_SF100.JLINEITEM,ACCOUNTADMIN,SNOWFLAKE_SAMPLE_DATA,TPCH_SF100,JLINEITEM,ACCOUNTADMIN,False,2020-10-19T12:12:48.7680000-07:00,2020-10-19T19:12:48.7680000Z
SELECT,TABLE,SNOWFLAKE_SAMPLE_DATA.TPCH_SF100.JLINEITEM,PUBLIC,SNOWFLAKE_SAMPLE_DATA,TPCH_SF100,JLINEITEM,ACCOUNTADMIN,False,2020-10-19T12:12:48.7680000-07:00,2020-10-19T19:12:48.7680000Z
SELECT,TABLE,SNOWFLAKE_SAMPLE_DATA.TPCH_SF100.JNATION,ACCOUNTADMIN,SNOWFLAKE_SAMPLE_DATA,TPCH_SF100,JNATION,ACCOUNTADMIN,False,2020-10-19T12:12:48.7680000-07:00,2020-10-19T19:12:48.7680000Z
SELECT,TABLE,SNOWFLAKE_SAMPLE_DATA.TPCH_SF100.JNATION,PUBLIC,SNOWFLAKE_SAMPLE_DATA,TPCH_SF100,JNATION,ACCOUNTADMIN,False,2020-10-19T12:12:48.7680000-07:00,2020-10-19T19:12:48.7680000Z
SELECT,TABLE,SNOWFLAKE_SAMPLE_DATA.TPCH_SF100.JORDERS,ACCOUNTADMIN,SNOWFLAKE_SAMPLE_DATA,TPCH_SF100,JORDERS,ACCOUNTADMIN,False,2020-10-19T12:12:48.7680000-07:00,2020-10-19T19:12:48.7680000Z
SELECT,TABLE,SNOWFLAKE_SAMPLE_DATA.TPCH_SF100.JORDERS,PUBLIC,SNOWFLAKE_SAMPLE_DATA,TPCH_SF100,JORDERS,ACCOUNTADMIN,False,2020-10-19T12:12:48.7680000-07:00,2020-10-19T19:12:48.7680000Z
SELECT,TABLE,SNOWFLAKE_SAMPLE_DATA.TPCH_SF100.JPART,ACCOUNTADMIN,SNOWFLAKE_SAMPLE_DATA,TPCH_SF100,JPART,ACCOUNTADMIN,False,2020-10-19T12:12:48.7680000-07:00,2020-10-19T19:12:48.7680000Z
SELECT,TABLE,SNOWFLAKE_SAMPLE_DATA.TPCH_SF100.JPART,PUBLIC,SNOWFLAKE_SAMPLE_DATA,TPCH_SF100,JPART,ACCOUNTADMIN,False,2020-10-19T12:12:48.7680000-07:00,2020-10-19T19:12:48.7680000Z
SELECT,TABLE,SNOWFLAKE_SAMPLE_DATA.TPCH_SF100.JPARTSUPP,ACCOUNTADMIN,SNOWFLAKE_SAMPLE_DATA,TPCH_SF100,JPARTSUPP,ACCOUNTADMIN,False,2020-10-19T12:12:48.7680000-07:00,2020-10-19T19:12:48.7680000Z
SELECT,TABLE,SNOWFLAKE_SAMPLE_DATA.TPCH_SF100.JPARTSUPP,PUBLIC,SNOWFLAKE_SAMPLE_DATA,TPCH_SF100,JPARTSUPP,ACCOUNTADMIN,False,2020-10-19T12:12:48.7680000-07:00,2020-10-19T19:12:48.7680000Z
SELECT,TABLE,SNOWFLAKE_SAMPLE_DATA.TPCH_SF100.JREGION,ACCOUNTADMIN,SNOWFLAKE_SAMPLE_DATA,TPCH_SF100,JREGION,ACCOUNTADMIN,False,2020-10-19T12:12:48.7680000-07:00,2020-10-19T19:12:48.7680000Z
SELECT,TABLE,SNOWFLAKE_SAMPLE_DATA.TPCH_SF100.JREGION,PUBLIC,SNOWFLAKE_SAMPLE_DATA,TPCH_SF100,JREGION,ACCOUNTADMIN,False,2020-10-19T12:12:48.7680000-07:00,2020-10-19T19:12:48.7680000Z
SELECT,TABLE,SNOWFLAKE_SAMPLE_DATA.TPCH_SF100.JSUPPLIER,ACCOUNTADMIN,SNOWFLAKE_SAMPLE_DATA,TPCH_SF100,JSUPPLIER,ACCOUNTADMIN,False,2020-10-19T12:12:48.7680000-07:00,2020-10-19T19:12:48.7680000Z
SELECT,TABLE,SNOWFLAKE_SAMPLE_DATA.TPCH_SF100.JSUPPLIER,PUBLIC,SNOWFLAKE_SAMPLE_DATA,TPCH_SF100,JSUPPLIER,ACCOUNTADMIN,False,2020-10-19T12:12:48.7680000-07:00,2020-10-19T19:12:48.7680000Z
SELECT,TABLE,SNOWFLAKE_SAMPLE_DATA.TPCH_SF100.LINEITEM,ACCOUNTADMIN,SNOWFLAKE_SAMPLE_DATA,TPCH_SF100,LINEITEM,ACCOUNTADMIN,False,2020-10-19T12:12:48.7680000-07:00,2020-10-19T19:12:48.7680000Z
SELECT,TABLE,SNOWFLAKE_SAMPLE_DATA.TPCH_SF100.LINEITEM,PUBLIC,SNOWFLAKE_SAMPLE_DATA,TPCH_SF100,LINEITEM,ACCOUNTADMIN,False,2020-10-19T12:12:48.7680000-07:00,2020-10-19T19:12:48.7680000Z
SELECT,TABLE,SNOWFLAKE_SAMPLE_DATA.TPCH_SF100.NATION,ACCOUNTADMIN,SNOWFLAKE_SAMPLE_DATA,TPCH_SF100,NATION,ACCOUNTADMIN,False,2020-10-19T12:12:48.7680000-07:00,2020-10-19T19:12:48.7680000Z
SELECT,TABLE,SNOWFLAKE_SAMPLE_DATA.TPCH_SF100.NATION,PUBLIC,SNOWFLAKE_SAMPLE_DATA,TPCH_SF100,NATION,ACCOUNTADMIN,False,2020-10-19T12:12:48.7680000-07:00,2020-10-19T19:12:48.7680000Z
SELECT,TABLE,SNOWFLAKE_SAMPLE_DATA.TPCH_SF100.ORDERS,ACCOUNTADMIN,SNOWFLAKE_SAMPLE_DATA,TPCH_SF100,ORDERS,ACCOUNTADMIN,False,2020-10-19T12:12:48.7680000-07:00,2020-10-19T19:12:48.7680000Z
SELECT,TABLE,SNOWFLAKE_SAMPLE_DATA.TPCH_SF100.ORDERS,PUBLIC,SNOWFLAKE_SAMPLE_DATA,TPCH_SF100,ORDERS,ACCOUNTADMIN,False,2020-10-19T12:12:48.7680000-07:00,2020-10-19T19:12:48.7680000Z
SELECT,TABLE,SNOWFLAKE_SAMPLE_DATA.TPCH_SF100.PART,ACCOUNTADMIN,SNOWFLAKE_SAMPLE_DATA,TPCH_SF100,PART,ACCOUNTADMIN,False,2020-10-19T12:12:48.7680000-07:00,2020-10-19T19:12:48.7680000Z
SELECT,TABLE,SNOWFLAKE_SAMPLE_DATA.TPCH_SF100.PART,PUBLIC,SNOWFLAKE_SAMPLE_DATA,TPCH_SF100,PART,ACCOUNTADMIN,False,2020-10-19T12:12:48.7680000-07:00,2020-10-19T19:12:48.7680000Z
SELECT,TABLE,SNOWFLAKE_SAMPLE_DATA.TPCH_SF100.PARTSUPP,ACCOUNTADMIN,SNOWFLAKE_SAMPLE_DATA,TPCH_SF100,PARTSUPP,ACCOUNTADMIN,False,2020-10-19T12:12:48.7680000-07:00,2020-10-19T19:12:48.7680000Z
SELECT,TABLE,SNOWFLAKE_SAMPLE_DATA.TPCH_SF100.PARTSUPP,PUBLIC,SNOWFLAKE_SAMPLE_DATA,TPCH_SF100,PARTSUPP,ACCOUNTADMIN,False,2020-10-19T12:12:48.7680000-07:00,2020-10-19T19:12:48.7680000Z
SELECT,TABLE,SNOWFLAKE_SAMPLE_DATA.TPCH_SF100.REGION,ACCOUNTADMIN,SNOWFLAKE_SAMPLE_DATA,TPCH_SF100,REGION,ACCOUNTADMIN,False,2020-10-19T12:12:48.7680000-07:00,2020-10-19T19:12:48.7680000Z
SELECT,TABLE,SNOWFLAKE_SAMPLE_DATA.TPCH_SF100.REGION,PUBLIC,SNOWFLAKE_SAMPLE_DATA,TPCH_SF100,REGION,ACCOUNTADMIN,False,2020-10-19T12:12:48.7680000-07:00,2020-10-19T19:12:48.7680000Z
SELECT,TABLE,SNOWFLAKE_SAMPLE_DATA.TPCH_SF100.SUPPLIER,ACCOUNTADMIN,SNOWFLAKE_SAMPLE_DATA,TPCH_SF100,SUPPLIER,ACCOUNTADMIN,False,2020-10-19T12:12:48.7680000-07:00,2020-10-19T19:12:48.7680000Z
SELECT,TABLE,SNOWFLAKE_SAMPLE_DATA.TPCH_SF100.SUPPLIER,PUBLIC,SNOWFLAKE_SAMPLE_DATA,TPCH_SF100,SUPPLIER,ACCOUNTADMIN,False,2020-10-19T12:12:48.7680000-07:00,2020-10-19T19:12:48.7680000Z
SELECT,TABLE,SNOWFLAKE_SAMPLE_DATA.TPCH_SF1000.CUSTOMER,ACCOUNTADMIN,SNOWFLAKE_SAMPLE_DATA,TPCH_SF1000,CUSTOMER,ACCOUNTADMIN,False,2020-10-19T12:12:48.7680000-07:00,2020-10-19T19:12:48.7680000Z
SELECT,TABLE,SNOWFLAKE_SAMPLE_DATA.TPCH_SF1000.CUSTOMER,PUBLIC,SNOWFLAKE_SAMPLE_DATA,TPCH_SF1000,CUSTOMER,ACCOUNTADMIN,False,2020-10-19T12:12:48.7680000-07:00,2020-10-19T19:12:48.7680000Z
SELECT,TABLE,SNOWFLAKE_SAMPLE_DATA.TPCH_SF1000.JCUSTOMER,ACCOUNTADMIN,SNOWFLAKE_SAMPLE_DATA,TPCH_SF1000,JCUSTOMER,ACCOUNTADMIN,False,2020-10-19T12:12:48.7680000-07:00,2020-10-19T19:12:48.7680000Z
SELECT,TABLE,SNOWFLAKE_SAMPLE_DATA.TPCH_SF1000.JCUSTOMER,PUBLIC,SNOWFLAKE_SAMPLE_DATA,TPCH_SF1000,JCUSTOMER,ACCOUNTADMIN,False,2020-10-19T12:12:48.7680000-07:00,2020-10-19T19:12:48.7680000Z
SELECT,TABLE,SNOWFLAKE_SAMPLE_DATA.TPCH_SF1000.JLINEITEM,ACCOUNTADMIN,SNOWFLAKE_SAMPLE_DATA,TPCH_SF1000,JLINEITEM,ACCOUNTADMIN,False,2020-10-19T12:12:48.7680000-07:00,2020-10-19T19:12:48.7680000Z
SELECT,TABLE,SNOWFLAKE_SAMPLE_DATA.TPCH_SF1000.JLINEITEM,PUBLIC,SNOWFLAKE_SAMPLE_DATA,TPCH_SF1000,JLINEITEM,ACCOUNTADMIN,False,2020-10-19T12:12:48.7680000-07:00,2020-10-19T19:12:48.7680000Z
SELECT,TABLE,SNOWFLAKE_SAMPLE_DATA.TPCH_SF1000.JNATION,ACCOUNTADMIN,SNOWFLAKE_SAMPLE_DATA,TPCH_SF1000,JNATION,ACCOUNTADMIN,False,2020-10-19T12:12:48.7680000-07:00,2020-10-19T19:12:48.7680000Z
SELECT,TABLE,SNOWFLAKE_SAMPLE_DATA.TPCH_SF1000.JNATION,PUBLIC,SNOWFLAKE_SAMPLE_DATA,TPCH_SF1000,JNATION,ACCOUNTADMIN,False,2020-10-19T12:12:48.7680000-07:00,2020-10-19T19:12:48.7680000Z
SELECT,TABLE,SNOWFLAKE_SAMPLE_DATA.TPCH_SF1000.JORDERS,ACCOUNTADMIN,SNOWFLAKE_SAMPLE_DATA,TPCH_SF1000,JORDERS,ACCOUNTADMIN,False,2020-10-19T12:12:48.7680000-07:00,2020-10-19T19:12:48.7680000Z
SELECT,TABLE,SNOWFLAKE_SAMPLE_DATA.TPCH_SF1000.JORDERS,PUBLIC,SNOWFLAKE_SAMPLE_DATA,TPCH_SF1000,JORDERS,ACCOUNTADMIN,False,2020-10-19T12:12:48.7680000-07:00,2020-10-19T19:12:48.7680000Z
SELECT,TABLE,SNOWFLAKE_SAMPLE_DATA.TPCH_SF1000.JPART,ACCOUNTADMIN,SNOWFLAKE_SAMPLE_DATA,TPCH_SF1000,JPART,ACCOUNTADMIN,False,2020-10-19T12:12:48.7680000-07:00,2020-10-19T19:12:48.7680000Z
SELECT,TABLE,SNOWFLAKE_SAMPLE_DATA.TPCH_SF1000.JPART,PUBLIC,SNOWFLAKE_SAMPLE_DATA,TPCH_SF1000,JPART,ACCOUNTADMIN,False,2020-10-19T12:12:48.7680000-07:00,2020-10-19T19:12:48.7680000Z
SELECT,TABLE,SNOWFLAKE_SAMPLE_DATA.TPCH_SF1000.JPARTSUPP,ACCOUNTADMIN,SNOWFLAKE_SAMPLE_DATA,TPCH_SF1000,JPARTSUPP,ACCOUNTADMIN,False,2020-10-19T12:12:48.7680000-07:00,2020-10-19T19:12:48.7680000Z
SELECT,TABLE,SNOWFLAKE_SAMPLE_DATA.TPCH_SF1000.JPARTSUPP,PUBLIC,SNOWFLAKE_SAMPLE_DATA,TPCH_SF1000,JPARTSUPP,ACCOUNTADMIN,False,2020-10-19T12:12:48.7680000-07:00,2020-10-19T19:12:48.7680000Z
SELECT,TABLE,SNOWFLAKE_SAMPLE_DATA.TPCH_SF1000.JREGION,ACCOUNTADMIN,SNOWFLAKE_SAMPLE_DATA,TPCH_SF1000,JREGION,ACCOUNTADMIN,False,2020-10-19T12:12:48.7680000-07:00,2020-10-19T19:12:48.7680000Z
SELECT,TABLE,SNOWFLAKE_SAMPLE_DATA.TPCH_SF1000.JREGION,PUBLIC,SNOWFLAKE_SAMPLE_DATA,TPCH_SF1000,JREGION,ACCOUNTADMIN,False,2020-10-19T12:12:48.7680000-07:00,2020-10-19T19:12:48.7680000Z
SELECT,TABLE,SNOWFLAKE_SAMPLE_DATA.TPCH_SF1000.JSUPPLIER,ACCOUNTADMIN,SNOWFLAKE_SAMPLE_DATA,TPCH_SF1000,JSUPPLIER,ACCOUNTADMIN,False,2020-10-19T12:12:48.7680000-07:00,2020-10-19T19:12:48.7680000Z
SELECT,TABLE,SNOWFLAKE_SAMPLE_DATA.TPCH_SF1000.JSUPPLIER,PUBLIC,SNOWFLAKE_SAMPLE_DATA,TPCH_SF1000,JSUPPLIER,ACCOUNTADMIN,False,2020-10-19T12:12:48.7680000-07:00,2020-10-19T19:12:48.7680000Z
SELECT,TABLE,SNOWFLAKE_SAMPLE_DATA.TPCH_SF1000.LINEITEM,ACCOUNTADMIN,SNOWFLAKE_SAMPLE_DATA,TPCH_SF1000,LINEITEM,ACCOUNTADMIN,False,2020-10-19T12:12:48.7680000-07:00,2020-10-19T19:12:48.7680000Z
SELECT,TABLE,SNOWFLAKE_SAMPLE_DATA.TPCH_SF1000.LINEITEM,PUBLIC,SNOWFLAKE_SAMPLE_DATA,TPCH_SF1000,LINEITEM,ACCOUNTADMIN,False,2020-10-19T12:12:48.7680000-07:00,2020-10-19T19:12:48.7680000Z
SELECT,TABLE,SNOWFLAKE_SAMPLE_DATA.TPCH_SF1000.NATION,ACCOUNTADMIN,SNOWFLAKE_SAMPLE_DATA,TPCH_SF1000,NATION,ACCOUNTADMIN,False,2020-10-19T12:12:48.7680000-07:00,2020-10-19T19:12:48.7680000Z
SELECT,TABLE,SNOWFLAKE_SAMPLE_DATA.TPCH_SF1000.NATION,PUBLIC,SNOWFLAKE_SAMPLE_DATA,TPCH_SF1000,NATION,ACCOUNTADMIN,False,2020-10-19T12:12:48.7680000-07:00,2020-10-19T19:12:48.7680000Z
SELECT,TABLE,SNOWFLAKE_SAMPLE_DATA.TPCH_SF1000.ORDERS,ACCOUNTADMIN,SNOWFLAKE_SAMPLE_DATA,TPCH_SF1000,ORDERS,ACCOUNTADMIN,False,2020-10-19T12:12:48.7680000-07:00,2020-10-19T19:12:48.7680000Z
SELECT,TABLE,SNOWFLAKE_SAMPLE_DATA.TPCH_SF1000.ORDERS,PUBLIC,SNOWFLAKE_SAMPLE_DATA,TPCH_SF1000,ORDERS,ACCOUNTADMIN,False,2020-10-19T12:12:48.7680000-07:00,2020-10-19T19:12:48.7680000Z
SELECT,TABLE,SNOWFLAKE_SAMPLE_DATA.TPCH_SF1000.PART,ACCOUNTADMIN,SNOWFLAKE_SAMPLE_DATA,TPCH_SF1000,PART,ACCOUNTADMIN,False,2020-10-19T12:12:48.7680000-07:00,2020-10-19T19:12:48.7680000Z
SELECT,TABLE,SNOWFLAKE_SAMPLE_DATA.TPCH_SF1000.PART,PUBLIC,SNOWFLAKE_SAMPLE_DATA,TPCH_SF1000,PART,ACCOUNTADMIN,False,2020-10-19T12:12:48.7680000-07:00,2020-10-19T19:12:48.7680000Z
SELECT,TABLE,SNOWFLAKE_SAMPLE_DATA.TPCH_SF1000.PARTSUPP,ACCOUNTADMIN,SNOWFLAKE_SAMPLE_DATA,TPCH_SF1000,PARTSUPP,ACCOUNTADMIN,False,2020-10-19T12:12:48.7680000-07:00,2020-10-19T19:12:48.7680000Z
SELECT,TABLE,SNOWFLAKE_SAMPLE_DATA.TPCH_SF1000.PARTSUPP,PUBLIC,SNOWFLAKE_SAMPLE_DATA,TPCH_SF1000,PARTSUPP,ACCOUNTADMIN,False,2020-10-19T12:12:48.7680000-07:00,2020-10-19T19:12:48.7680000Z
SELECT,TABLE,SNOWFLAKE_SAMPLE_DATA.TPCH_SF1000.REGION,ACCOUNTADMIN,SNOWFLAKE_SAMPLE_DATA,TPCH_SF1000,REGION,ACCOUNTADMIN,False,2020-10-19T12:12:48.7680000-07:00,2020-10-19T19:12:48.7680000Z
SELECT,TABLE,SNOWFLAKE_SAMPLE_DATA.TPCH_SF1000.REGION,PUBLIC,SNOWFLAKE_SAMPLE_DATA,TPCH_SF1000,REGION,ACCOUNTADMIN,False,2020-10-19T12:12:48.7680000-07:00,2020-10-19T19:12:48.7680000Z
SELECT,TABLE,SNOWFLAKE_SAMPLE_DATA.TPCH_SF1000.SUPPLIER,ACCOUNTADMIN,SNOWFLAKE_SAMPLE_DATA,TPCH_SF1000,SUPPLIER,ACCOUNTADMIN,False,2020-10-19T12:12:48.7680000-07:00,2020-10-19T19:12:48.7680000Z
SELECT,TABLE,SNOWFLAKE_SAMPLE_DATA.TPCH_SF1000.SUPPLIER,PUBLIC,SNOWFLAKE_SAMPLE_DATA,TPCH_SF1000,SUPPLIER,ACCOUNTADMIN,False,2020-10-19T12:12:48.7680000-07:00,2020-10-19T19:12:48.7680000Z
SELECT,TABLE,SNOWFLAKE_SAMPLE_DATA.TPCH_SF10000.CUSTOMER,ACCOUNTADMIN,SNOWFLAKE_SAMPLE_DATA,TPCH_SF10000,CUSTOMER,ACCOUNTADMIN,False,2020-10-19T12:12:48.7680000-07:00,2020-10-19T19:12:48.7680000Z
SELECT,TABLE,SNOWFLAKE_SAMPLE_DATA.TPCH_SF10000.CUSTOMER,PUBLIC,SNOWFLAKE_SAMPLE_DATA,TPCH_SF10000,CUSTOMER,ACCOUNTADMIN,False,2020-10-19T12:12:48.7680000-07:00,2020-10-19T19:12:48.7680000Z
SELECT,TABLE,SNOWFLAKE_SAMPLE_DATA.TPCH_SF10000.JCUSTOMER,ACCOUNTADMIN,SNOWFLAKE_SAMPLE_DATA,TPCH_SF10000,JCUSTOMER,ACCOUNTADMIN,False,2020-10-19T12:12:48.7680000-07:00,2020-10-19T19:12:48.7680000Z
SELECT,TABLE,SNOWFLAKE_SAMPLE_DATA.TPCH_SF10000.JCUSTOMER,PUBLIC,SNOWFLAKE_SAMPLE_DATA,TPCH_SF10000,JCUSTOMER,ACCOUNTADMIN,False,2020-10-19T12:12:48.7680000-07:00,2020-10-19T19:12:48.7680000Z
SELECT,TABLE,SNOWFLAKE_SAMPLE_DATA.TPCH_SF10000.JLINEITEM,ACCOUNTADMIN,SNOWFLAKE_SAMPLE_DATA,TPCH_SF10000,JLINEITEM,ACCOUNTADMIN,False,2020-10-19T12:12:48.7680000-07:00,2020-10-19T19:12:48.7680000Z
SELECT,TABLE,SNOWFLAKE_SAMPLE_DATA.TPCH_SF10000.JLINEITEM,PUBLIC,SNOWFLAKE_SAMPLE_DATA,TPCH_SF10000,JLINEITEM,ACCOUNTADMIN,False,2020-10-19T12:12:48.7680000-07:00,2020-10-19T19:12:48.7680000Z
SELECT,TABLE,SNOWFLAKE_SAMPLE_DATA.TPCH_SF10000.JNATION,ACCOUNTADMIN,SNOWFLAKE_SAMPLE_DATA,TPCH_SF10000,JNATION,ACCOUNTADMIN,False,2020-10-19T12:12:48.7680000-07:00,2020-10-19T19:12:48.7680000Z
SELECT,TABLE,SNOWFLAKE_SAMPLE_DATA.TPCH_SF10000.JNATION,PUBLIC,SNOWFLAKE_SAMPLE_DATA,TPCH_SF10000,JNATION,ACCOUNTADMIN,False,2020-10-19T12:12:48.7680000-07:00,2020-10-19T19:12:48.7680000Z
SELECT,TABLE,SNOWFLAKE_SAMPLE_DATA.TPCH_SF10000.JORDERS,ACCOUNTADMIN,SNOWFLAKE_SAMPLE_DATA,TPCH_SF10000,JORDERS,ACCOUNTADMIN,False,2020-10-19T12:12:48.7680000-07:00,2020-10-19T19:12:48.7680000Z
SELECT,TABLE,SNOWFLAKE_SAMPLE_DATA.TPCH_SF10000.JORDERS,PUBLIC,SNOWFLAKE_SAMPLE_DATA,TPCH_SF10000,JORDERS,ACCOUNTADMIN,False,2020-10-19T12:12:48.7680000-07:00,2020-10-19T19:12:48.7680000Z
SELECT,TABLE,SNOWFLAKE_SAMPLE_DATA.TPCH_SF10000.JPART,ACCOUNTADMIN,SNOWFLAKE_SAMPLE_DATA,TPCH_SF10000,JPART,ACCOUNTADMIN,False,2020-10-19T12:12:48.7680000-07:00,2020-10-19T19:12:48.7680000Z
SELECT,TABLE,SNOWFLAKE_SAMPLE_DATA.TPCH_SF10000.JPART,PUBLIC,SNOWFLAKE_SAMPLE_DATA,TPCH_SF10000,JPART,ACCOUNTADMIN,False,2020-10-19T12:12:48.7680000-07:00,2020-10-19T19:12:48.7680000Z
SELECT,TABLE,SNOWFLAKE_SAMPLE_DATA.TPCH_SF10000.JPARTSUPP,ACCOUNTADMIN,SNOWFLAKE_SAMPLE_DATA,TPCH_SF10000,JPARTSUPP,ACCOUNTADMIN,False,2020-10-19T12:12:48.7680000-07:00,2020-10-19T19:12:48.7680000Z
SELECT,TABLE,SNOWFLAKE_SAMPLE_DATA.TPCH_SF10000.JPARTSUPP,PUBLIC,SNOWFLAKE_SAMPLE_DATA,TPCH_SF10000,JPARTSUPP,ACCOUNTADMIN,False,2020-10-19T12:12:48.7680000-07:00,2020-10-19T19:12:48.7680000Z
SELECT,TABLE,SNOWFLAKE_SAMPLE_DATA.TPCH_SF10000.JREGION,ACCOUNTADMIN,SNOWFLAKE_SAMPLE_DATA,TPCH_SF10000,JREGION,ACCOUNTADMIN,False,2020-10-19T12:12:48.7680000-07:00,2020-10-19T19:12:48.7680000Z
SELECT,TABLE,SNOWFLAKE_SAMPLE_DATA.TPCH_SF10000.JREGION,PUBLIC,SNOWFLAKE_SAMPLE_DATA,TPCH_SF10000,JREGION,ACCOUNTADMIN,False,2020-10-19T12:12:48.7680000-07:00,2020-10-19T19:12:48.7680000Z
SELECT,TABLE,SNOWFLAKE_SAMPLE_DATA.TPCH_SF10000.JSUPPLIER,ACCOUNTADMIN,SNOWFLAKE_SAMPLE_DATA,TPCH_SF10000,JSUPPLIER,ACCOUNTADMIN,False,2020-10-19T12:12:48.7680000-07:00,2020-10-19T19:12:48.7680000Z
SELECT,TABLE,SNOWFLAKE_SAMPLE_DATA.TPCH_SF10000.JSUPPLIER,PUBLIC,SNOWFLAKE_SAMPLE_DATA,TPCH_SF10000,JSUPPLIER,ACCOUNTADMIN,False,2020-10-19T12:12:48.7680000-07:00,2020-10-19T19:12:48.7680000Z
SELECT,TABLE,SNOWFLAKE_SAMPLE_DATA.TPCH_SF10000.LINEITEM,ACCOUNTADMIN,SNOWFLAKE_SAMPLE_DATA,TPCH_SF10000,LINEITEM,ACCOUNTADMIN,False,2020-10-19T12:12:48.7680000-07:00,2020-10-19T19:12:48.7680000Z
SELECT,TABLE,SNOWFLAKE_SAMPLE_DATA.TPCH_SF10000.LINEITEM,PUBLIC,SNOWFLAKE_SAMPLE_DATA,TPCH_SF10000,LINEITEM,ACCOUNTADMIN,False,2020-10-19T12:12:48.7680000-07:00,2020-10-19T19:12:48.7680000Z
SELECT,TABLE,SNOWFLAKE_SAMPLE_DATA.TPCH_SF10000.NATION,ACCOUNTADMIN,SNOWFLAKE_SAMPLE_DATA,TPCH_SF10000,NATION,ACCOUNTADMIN,False,2020-10-19T12:12:48.7680000-07:00,2020-10-19T19:12:48.7680000Z
SELECT,TABLE,SNOWFLAKE_SAMPLE_DATA.TPCH_SF10000.NATION,PUBLIC,SNOWFLAKE_SAMPLE_DATA,TPCH_SF10000,NATION,ACCOUNTADMIN,False,2020-10-19T12:12:48.7680000-07:00,2020-10-19T19:12:48.7680000Z
SELECT,TABLE,SNOWFLAKE_SAMPLE_DATA.TPCH_SF10000.ORDERS,ACCOUNTADMIN,SNOWFLAKE_SAMPLE_DATA,TPCH_SF10000,ORDERS,ACCOUNTADMIN,False,2020-10-19T12:12:48.7680000-07:00,2020-10-19T19:12:48.7680000Z
SELECT,TABLE,SNOWFLAKE_SAMPLE_DATA.TPCH_SF10000.ORDERS,PUBLIC,SNOWFLAKE_SAMPLE_DATA,TPCH_SF10000,ORDERS,ACCOUNTADMIN,False,2020-10-19T12:12:48.7680000-07:00,2020-10-19T19:12:48.7680000Z
SELECT,TABLE,SNOWFLAKE_SAMPLE_DATA.TPCH_SF10000.PART,ACCOUNTADMIN,SNOWFLAKE_SAMPLE_DATA,TPCH_SF10000,PART,ACCOUNTADMIN,False,2020-10-19T12:12:48.7680000-07:00,2020-10-19T19:12:48.7680000Z
SELECT,TABLE,SNOWFLAKE_SAMPLE_DATA.TPCH_SF10000.PART,PUBLIC,SNOWFLAKE_SAMPLE_DATA,TPCH_SF10000,PART,ACCOUNTADMIN,False,2020-10-19T12:12:48.7680000-07:00,2020-10-19T19:12:48.7680000Z
SELECT,TABLE,SNOWFLAKE_SAMPLE_DATA.TPCH_SF10000.PARTSUPP,ACCOUNTADMIN,SNOWFLAKE_SAMPLE_DATA,TPCH_SF10000,PARTSUPP,ACCOUNTADMIN,False,2020-10-19T12:12:48.7680000-07:00,2020-10-19T19:12:48.7680000Z
SELECT,TABLE,SNOWFLAKE_SAMPLE_DATA.TPCH_SF10000.PARTSUPP,PUBLIC,SNOWFLAKE_SAMPLE_DATA,TPCH_SF10000,PARTSUPP,ACCOUNTADMIN,False,2020-10-19T12:12:48.7680000-07:00,2020-10-19T19:12:48.7680000Z
SELECT,TABLE,SNOWFLAKE_SAMPLE_DATA.TPCH_SF10000.REGION,ACCOUNTADMIN,SNOWFLAKE_SAMPLE_DATA,TPCH_SF10000,REGION,ACCOUNTADMIN,False,2020-10-19T12:12:48.7680000-07:00,2020-10-19T19:12:48.7680000Z
SELECT,TABLE,SNOWFLAKE_SAMPLE_DATA.TPCH_SF10000.REGION,PUBLIC,SNOWFLAKE_SAMPLE_DATA,TPCH_SF10000,REGION,ACCOUNTADMIN,False,2020-10-19T12:12:48.7680000-07:00,2020-10-19T19:12:48.7680000Z
SELECT,TABLE,SNOWFLAKE_SAMPLE_DATA.TPCH_SF10000.SUPPLIER,ACCOUNTADMIN,SNOWFLAKE_SAMPLE_DATA,TPCH_SF10000,SUPPLIER,ACCOUNTADMIN,False,2020-10-19T12:12:48.7680000-07:00,2020-10-19T19:12:48.7680000Z
SELECT,TABLE,SNOWFLAKE_SAMPLE_DATA.TPCH_SF10000.SUPPLIER,PUBLIC,SNOWFLAKE_SAMPLE_DATA,TPCH_SF10000,SUPPLIER,ACCOUNTADMIN,False,2020-10-19T12:12:48.7680000-07:00,2020-10-19T19:12:48.7680000Z
SELECT,TABLE,SOP_P_DEMO.RBAC_GEN.AC_HIER_D,_AC_R_SOP_P_DEMO_RBAC_GEN,SOP_P_DEMO,RBAC_GEN,AC_HIER_D,SYSADMIN,False,2021-02-26T12:30:15.4150000-08:00,2021-02-26T20:30:15.4150000Z
DELETE,TABLE,SOP_P_DEMO.RBAC_GEN.AC_HIER_D,_AC_W_SOP_P_DEMO_RBAC_GEN,SOP_P_DEMO,RBAC_GEN,AC_HIER_D,SYSADMIN,False,2021-02-26T12:30:21.4210000-08:00,2021-02-26T20:30:21.4210000Z
INSERT,TABLE,SOP_P_DEMO.RBAC_GEN.AC_HIER_D,_AC_W_SOP_P_DEMO_RBAC_GEN,SOP_P_DEMO,RBAC_GEN,AC_HIER_D,SYSADMIN,False,2021-02-26T12:30:21.4210000-08:00,2021-02-26T20:30:21.4210000Z
TRUNCATE,TABLE,SOP_P_DEMO.RBAC_GEN.AC_HIER_D,_AC_W_SOP_P_DEMO_RBAC_GEN,SOP_P_DEMO,RBAC_GEN,AC_HIER_D,SYSADMIN,False,2021-02-26T12:30:21.4210000-08:00,2021-02-26T20:30:21.4210000Z
UPDATE,TABLE,SOP_P_DEMO.RBAC_GEN.AC_HIER_D,_AC_W_SOP_P_DEMO_RBAC_GEN,SOP_P_DEMO,RBAC_GEN,AC_HIER_D,SYSADMIN,False,2021-02-26T12:30:21.4210000-08:00,2021-02-26T20:30:21.4210000Z
OWNERSHIP,TABLE,SOP_P_DEMO.RBAC_GEN.AC_HIER_D,SYSADMIN,SOP_P_DEMO,RBAC_GEN,AC_HIER_D,SYSADMIN,True,2021-02-22T03:42:19.1390000-08:00,2021-02-22T11:42:19.1390000Z
SELECT,TABLE,SOP_P_DEMO.RBAC_GEN.AC_PRIV_D,_AC_R_SOP_P_DEMO_RBAC_GEN,SOP_P_DEMO,RBAC_GEN,AC_PRIV_D,SYSADMIN,False,2021-02-26T12:30:15.4150000-08:00,2021-02-26T20:30:15.4150000Z
DELETE,TABLE,SOP_P_DEMO.RBAC_GEN.AC_PRIV_D,_AC_W_SOP_P_DEMO_RBAC_GEN,SOP_P_DEMO,RBAC_GEN,AC_PRIV_D,SYSADMIN,False,2021-02-26T12:30:21.4210000-08:00,2021-02-26T20:30:21.4210000Z
INSERT,TABLE,SOP_P_DEMO.RBAC_GEN.AC_PRIV_D,_AC_W_SOP_P_DEMO_RBAC_GEN,SOP_P_DEMO,RBAC_GEN,AC_PRIV_D,SYSADMIN,False,2021-02-26T12:30:21.4210000-08:00,2021-02-26T20:30:21.4210000Z
TRUNCATE,TABLE,SOP_P_DEMO.RBAC_GEN.AC_PRIV_D,_AC_W_SOP_P_DEMO_RBAC_GEN,SOP_P_DEMO,RBAC_GEN,AC_PRIV_D,SYSADMIN,False,2021-02-26T12:30:21.4210000-08:00,2021-02-26T20:30:21.4210000Z
UPDATE,TABLE,SOP_P_DEMO.RBAC_GEN.AC_PRIV_D,_AC_W_SOP_P_DEMO_RBAC_GEN,SOP_P_DEMO,RBAC_GEN,AC_PRIV_D,SYSADMIN,False,2021-02-26T12:30:21.4210000-08:00,2021-02-26T20:30:21.4210000Z
OWNERSHIP,TABLE,SOP_P_DEMO.RBAC_GEN.AC_PRIV_D,SYSADMIN,SOP_P_DEMO,RBAC_GEN,AC_PRIV_D,SYSADMIN,True,2021-02-22T03:43:06.1860000-08:00,2021-02-22T11:43:06.1860000Z
SELECT,TABLE,SOP_P_DEMO.RBAC_GEN.DB_SCH_D,_AC_R_SOP_P_DEMO_RBAC_GEN,SOP_P_DEMO,RBAC_GEN,DB_SCH_D,SYSADMIN,False,2021-02-26T12:30:15.4150000-08:00,2021-02-26T20:30:15.4150000Z
DELETE,TABLE,SOP_P_DEMO.RBAC_GEN.DB_SCH_D,_AC_W_SOP_P_DEMO_RBAC_GEN,SOP_P_DEMO,RBAC_GEN,DB_SCH_D,SYSADMIN,False,2021-02-26T12:30:21.4210000-08:00,2021-02-26T20:30:21.4210000Z
INSERT,TABLE,SOP_P_DEMO.RBAC_GEN.DB_SCH_D,_AC_W_SOP_P_DEMO_RBAC_GEN,SOP_P_DEMO,RBAC_GEN,DB_SCH_D,SYSADMIN,False,2021-02-26T12:30:21.4210000-08:00,2021-02-26T20:30:21.4210000Z
TRUNCATE,TABLE,SOP_P_DEMO.RBAC_GEN.DB_SCH_D,_AC_W_SOP_P_DEMO_RBAC_GEN,SOP_P_DEMO,RBAC_GEN,DB_SCH_D,SYSADMIN,False,2021-02-26T12:30:21.4210000-08:00,2021-02-26T20:30:21.4210000Z
UPDATE,TABLE,SOP_P_DEMO.RBAC_GEN.DB_SCH_D,_AC_W_SOP_P_DEMO_RBAC_GEN,SOP_P_DEMO,RBAC_GEN,DB_SCH_D,SYSADMIN,False,2021-02-26T12:30:21.4210000-08:00,2021-02-26T20:30:21.4210000Z
OWNERSHIP,TABLE,SOP_P_DEMO.RBAC_GEN.DB_SCH_D,SYSADMIN,SOP_P_DEMO,RBAC_GEN,DB_SCH_D,SYSADMIN,True,2021-02-22T04:17:08.2280000-08:00,2021-02-22T12:17:08.2280000Z
SELECT,TABLE,SOP_P_DEMO.RBAC_GEN.DS_D,_AC_R_SOP_P_DEMO_RBAC_GEN,SOP_P_DEMO,RBAC_GEN,DS_D,SYSADMIN,False,2021-03-01T05:02:21.7410000-08:00,2021-03-01T13:02:21.7410000Z
DELETE,TABLE,SOP_P_DEMO.RBAC_GEN.DS_D,_AC_W_SOP_P_DEMO_RBAC_GEN,SOP_P_DEMO,RBAC_GEN,DS_D,SYSADMIN,False,2021-03-01T05:02:21.7410000-08:00,2021-03-01T13:02:21.7410000Z
INSERT,TABLE,SOP_P_DEMO.RBAC_GEN.DS_D,_AC_W_SOP_P_DEMO_RBAC_GEN,SOP_P_DEMO,RBAC_GEN,DS_D,SYSADMIN,False,2021-03-01T05:02:21.7410000-08:00,2021-03-01T13:02:21.7410000Z
TRUNCATE,TABLE,SOP_P_DEMO.RBAC_GEN.DS_D,_AC_W_SOP_P_DEMO_RBAC_GEN,SOP_P_DEMO,RBAC_GEN,DS_D,SYSADMIN,False,2021-03-01T05:02:21.7410000-08:00,2021-03-01T13:02:21.7410000Z
UPDATE,TABLE,SOP_P_DEMO.RBAC_GEN.DS_D,_AC_W_SOP_P_DEMO_RBAC_GEN,SOP_P_DEMO,RBAC_GEN,DS_D,SYSADMIN,False,2021-03-01T05:02:21.7410000-08:00,2021-03-01T13:02:21.7410000Z
OWNERSHIP,TABLE,SOP_P_DEMO.RBAC_GEN.DS_D,SYSADMIN,SOP_P_DEMO,RBAC_GEN,DS_D,SYSADMIN,True,2021-03-01T05:02:21.7410000-08:00,2021-03-01T13:02:21.7410000Z
SELECT,TABLE,SOP_P_DEMO.RBAC_GEN.FR_D,_AC_R_SOP_P_DEMO_RBAC_GEN,SOP_P_DEMO,RBAC_GEN,FR_D,SYSADMIN,False,2021-02-26T12:30:15.4150000-08:00,2021-02-26T20:30:15.4150000Z
DELETE,TABLE,SOP_P_DEMO.RBAC_GEN.FR_D,_AC_W_SOP_P_DEMO_RBAC_GEN,SOP_P_DEMO,RBAC_GEN,FR_D,SYSADMIN,False,2021-02-26T12:30:21.4210000-08:00,2021-02-26T20:30:21.4210000Z
INSERT,TABLE,SOP_P_DEMO.RBAC_GEN.FR_D,_AC_W_SOP_P_DEMO_RBAC_GEN,SOP_P_DEMO,RBAC_GEN,FR_D,SYSADMIN,False,2021-02-26T12:30:21.4210000-08:00,2021-02-26T20:30:21.4210000Z
TRUNCATE,TABLE,SOP_P_DEMO.RBAC_GEN.FR_D,_AC_W_SOP_P_DEMO_RBAC_GEN,SOP_P_DEMO,RBAC_GEN,FR_D,SYSADMIN,False,2021-02-26T12:30:21.4210000-08:00,2021-02-26T20:30:21.4210000Z
UPDATE,TABLE,SOP_P_DEMO.RBAC_GEN.FR_D,_AC_W_SOP_P_DEMO_RBAC_GEN,SOP_P_DEMO,RBAC_GEN,FR_D,SYSADMIN,False,2021-02-26T12:30:21.4210000-08:00,2021-02-26T20:30:21.4210000Z
OWNERSHIP,TABLE,SOP_P_DEMO.RBAC_GEN.FR_D,SYSADMIN,SOP_P_DEMO,RBAC_GEN,FR_D,SYSADMIN,True,2021-02-22T15:58:14.2940000-08:00,2021-02-22T23:58:14.2940000Z
SELECT,TABLE,SOP_P_DEMO.RBAC_GEN.FR_GRANT_D,_AC_R_SOP_P_DEMO_RBAC_GEN,SOP_P_DEMO,RBAC_GEN,FR_GRANT_D,SYSADMIN,False,2021-02-26T12:30:15.4150000-08:00,2021-02-26T20:30:15.4150000Z
DELETE,TABLE,SOP_P_DEMO.RBAC_GEN.FR_GRANT_D,_AC_W_SOP_P_DEMO_RBAC_GEN,SOP_P_DEMO,RBAC_GEN,FR_GRANT_D,SYSADMIN,False,2021-02-26T12:30:21.4210000-08:00,2021-02-26T20:30:21.4210000Z
INSERT,TABLE,SOP_P_DEMO.RBAC_GEN.FR_GRANT_D,_AC_W_SOP_P_DEMO_RBAC_GEN,SOP_P_DEMO,RBAC_GEN,FR_GRANT_D,SYSADMIN,False,2021-02-26T12:30:21.4210000-08:00,2021-02-26T20:30:21.4210000Z
TRUNCATE,TABLE,SOP_P_DEMO.RBAC_GEN.FR_GRANT_D,_AC_W_SOP_P_DEMO_RBAC_GEN,SOP_P_DEMO,RBAC_GEN,FR_GRANT_D,SYSADMIN,False,2021-02-26T12:30:21.4210000-08:00,2021-02-26T20:30:21.4210000Z
UPDATE,TABLE,SOP_P_DEMO.RBAC_GEN.FR_GRANT_D,_AC_W_SOP_P_DEMO_RBAC_GEN,SOP_P_DEMO,RBAC_GEN,FR_GRANT_D,SYSADMIN,False,2021-02-26T12:30:21.4210000-08:00,2021-02-26T20:30:21.4210000Z
OWNERSHIP,TABLE,SOP_P_DEMO.RBAC_GEN.FR_GRANT_D,SYSADMIN,SOP_P_DEMO,RBAC_GEN,FR_GRANT_D,SYSADMIN,True,2021-02-22T18:55:38.9380000-08:00,2021-02-23T02:55:38.9380000Z
SELECT,TABLE,SOP_P_DEMO.RBAC_GEN.WH_D,_AC_R_SOP_P_DEMO_RBAC_GEN,SOP_P_DEMO,RBAC_GEN,WH_D,SYSADMIN,False,2021-02-26T12:30:15.4150000-08:00,2021-02-26T20:30:15.4150000Z
DELETE,TABLE,SOP_P_DEMO.RBAC_GEN.WH_D,_AC_W_SOP_P_DEMO_RBAC_GEN,SOP_P_DEMO,RBAC_GEN,WH_D,SYSADMIN,False,2021-02-26T12:30:21.4210000-08:00,2021-02-26T20:30:21.4210000Z
INSERT,TABLE,SOP_P_DEMO.RBAC_GEN.WH_D,_AC_W_SOP_P_DEMO_RBAC_GEN,SOP_P_DEMO,RBAC_GEN,WH_D,SYSADMIN,False,2021-02-26T12:30:21.4210000-08:00,2021-02-26T20:30:21.4210000Z
TRUNCATE,TABLE,SOP_P_DEMO.RBAC_GEN.WH_D,_AC_W_SOP_P_DEMO_RBAC_GEN,SOP_P_DEMO,RBAC_GEN,WH_D,SYSADMIN,False,2021-02-26T12:30:21.4210000-08:00,2021-02-26T20:30:21.4210000Z
UPDATE,TABLE,SOP_P_DEMO.RBAC_GEN.WH_D,_AC_W_SOP_P_DEMO_RBAC_GEN,SOP_P_DEMO,RBAC_GEN,WH_D,SYSADMIN,False,2021-02-26T12:30:21.4210000-08:00,2021-02-26T20:30:21.4210000Z
OWNERSHIP,TABLE,SOP_P_DEMO.RBAC_GEN.WH_D,SYSADMIN,SOP_P_DEMO,RBAC_GEN,WH_D,SYSADMIN,True,2021-02-22T04:00:43.2430000-08:00,2021-02-22T12:00:43.2430000Z
SELECT,TABLE,SOP_P_DEMO.RLS.EMPLOYEE_D,_AC_R_SOP_P_DEMO_RLS,SOP_P_DEMO,RLS,EMPLOYEE_D,SOP_P_RLS_ADMIN,False,2021-02-28T04:36:47.8070000-08:00,2021-02-28T12:36:47.8070000Z
DELETE,TABLE,SOP_P_DEMO.RLS.EMPLOYEE_D,_AC_W_SOP_P_DEMO_RLS,SOP_P_DEMO,RLS,EMPLOYEE_D,SOP_P_RLS_ADMIN,False,2021-02-28T04:36:47.8070000-08:00,2021-02-28T12:36:47.8070000Z
INSERT,TABLE,SOP_P_DEMO.RLS.EMPLOYEE_D,_AC_W_SOP_P_DEMO_RLS,SOP_P_DEMO,RLS,EMPLOYEE_D,SOP_P_RLS_ADMIN,False,2021-02-28T04:36:47.8070000-08:00,2021-02-28T12:36:47.8070000Z
TRUNCATE,TABLE,SOP_P_DEMO.RLS.EMPLOYEE_D,_AC_W_SOP_P_DEMO_RLS,SOP_P_DEMO,RLS,EMPLOYEE_D,SOP_P_RLS_ADMIN,False,2021-02-28T04:36:47.8070000-08:00,2021-02-28T12:36:47.8070000Z
UPDATE,TABLE,SOP_P_DEMO.RLS.EMPLOYEE_D,_AC_W_SOP_P_DEMO_RLS,SOP_P_DEMO,RLS,EMPLOYEE_D,SOP_P_RLS_ADMIN,False,2021-02-28T04:36:47.8070000-08:00,2021-02-28T12:36:47.8070000Z
OWNERSHIP,TABLE,SOP_P_DEMO.RLS.EMPLOYEE_D,SOP_P_RLS_ADMIN,SOP_P_DEMO,RLS,EMPLOYEE_D,SOP_P_RLS_ADMIN,True,2021-02-28T04:36:47.8070000-08:00,2021-02-28T12:36:47.8070000Z
SELECT,TABLE,SOP_P_DEMO.RLS.RS_CTRL_D,_AC_R_SOP_P_DEMO_RLS,SOP_P_DEMO,RLS,RS_CTRL_D,SOP_P_RLS_ADMIN,False,2021-02-28T05:31:10.0700000-08:00,2021-02-28T13:31:10.0700000Z
DELETE,TABLE,SOP_P_DEMO.RLS.RS_CTRL_D,_AC_W_SOP_P_DEMO_RLS,SOP_P_DEMO,RLS,RS_CTRL_D,SOP_P_RLS_ADMIN,False,2021-02-28T05:31:10.0700000-08:00,2021-02-28T13:31:10.0700000Z
INSERT,TABLE,SOP_P_DEMO.RLS.RS_CTRL_D,_AC_W_SOP_P_DEMO_RLS,SOP_P_DEMO,RLS,RS_CTRL_D,SOP_P_RLS_ADMIN,False,2021-02-28T05:31:10.0700000-08:00,2021-02-28T13:31:10.0700000Z
TRUNCATE,TABLE,SOP_P_DEMO.RLS.RS_CTRL_D,_AC_W_SOP_P_DEMO_RLS,SOP_P_DEMO,RLS,RS_CTRL_D,SOP_P_RLS_ADMIN,False,2021-02-28T05:31:10.0700000-08:00,2021-02-28T13:31:10.0700000Z
UPDATE,TABLE,SOP_P_DEMO.RLS.RS_CTRL_D,_AC_W_SOP_P_DEMO_RLS,SOP_P_DEMO,RLS,RS_CTRL_D,SOP_P_RLS_ADMIN,False,2021-02-28T05:31:10.0700000-08:00,2021-02-28T13:31:10.0700000Z
OWNERSHIP,TABLE,SOP_P_DEMO.RLS.RS_CTRL_D,SOP_P_RLS_ADMIN,SOP_P_DEMO,RLS,RS_CTRL_D,SOP_P_RLS_ADMIN,True,2021-02-28T05:31:10.0700000-08:00,2021-02-28T13:31:10.0700000Z
SELECT,TABLE,SOP_P_DEMO.RLS.STATE_D,_AC_R_SOP_P_DEMO_RLS,SOP_P_DEMO,RLS,STATE_D,SOP_P_RLS_ADMIN,False,2021-02-27T13:51:18.6780000-08:00,2021-02-27T21:51:18.6780000Z
DELETE,TABLE,SOP_P_DEMO.RLS.STATE_D,_AC_W_SOP_P_DEMO_RLS,SOP_P_DEMO,RLS,STATE_D,SOP_P_RLS_ADMIN,False,2021-02-27T13:51:18.6780000-08:00,2021-02-27T21:51:18.6780000Z
INSERT,TABLE,SOP_P_DEMO.RLS.STATE_D,_AC_W_SOP_P_DEMO_RLS,SOP_P_DEMO,RLS,STATE_D,SOP_P_RLS_ADMIN,False,2021-02-27T13:51:18.6780000-08:00,2021-02-27T21:51:18.6780000Z
TRUNCATE,TABLE,SOP_P_DEMO.RLS.STATE_D,_AC_W_SOP_P_DEMO_RLS,SOP_P_DEMO,RLS,STATE_D,SOP_P_RLS_ADMIN,False,2021-02-27T13:51:18.6780000-08:00,2021-02-27T21:51:18.6780000Z
UPDATE,TABLE,SOP_P_DEMO.RLS.STATE_D,_AC_W_SOP_P_DEMO_RLS,SOP_P_DEMO,RLS,STATE_D,SOP_P_RLS_ADMIN,False,2021-02-27T13:51:18.6780000-08:00,2021-02-27T21:51:18.6780000Z
OWNERSHIP,TABLE,SOP_P_DEMO.RLS.STATE_D,SOP_P_RLS_ADMIN,SOP_P_DEMO,RLS,STATE_D,SOP_P_RLS_ADMIN,True,2021-02-27T13:51:18.6780000-08:00,2021-02-27T21:51:18.6780000Z
