Privilege,ObjectType,ObjectName,GrantedTo,DBName,SchemaName,EntityName,GrantedBy,WithGrantOption,CreatedOn,CreatedOnUTC
USAGE,FUNCTION,"DOP_P_DEMO.ALERTING.""SEND_ALERT(SUBJECT VARCHAR, BODYCONTENT VARCHAR, DELIVERYCHANNEL VARCHAR, ADDRESS VARCHAR, ACTION_URL VARCHAR):VARIANT""",_AC_R_DOP_P_DEMO_ALERTING,DOP_P_DEMO,ALERTING,"SEND_ALERT(SUBJECT VARCHAR, BODYCONTENT VARCHAR, DELIVERYCHANNEL VARCHAR, ADDRESS VARCHAR, ACTION_URL VARCHAR):VARIANT",DOP_P_ALERTING_ADMIN,False,2021-03-03T16:53:57.2370000-08:00,2021-03-04T00:53:57.2370000Z
OWNERSHIP,FUNCTION,"DOP_P_DEMO.ALERTING.""SEND_ALERT(SUBJECT VARCHAR, BODYCONTENT VARCHAR, DELIVERYCHANNEL VARCHAR, ADDRESS VARCHAR, ACTION_URL VARCHAR):VARIANT""",DOP_P_ALERTING_ADMIN,DOP_P_DEMO,ALERTING,"SEND_ALERT(SUBJECT VARCHAR, BODYCONTENT VARCHAR, DELIVERYCHANNEL VARCHAR, ADDRESS VARCHAR, ACTION_URL VARCHAR):VARIANT",DOP_P_ALERTING_ADMIN,True,2021-03-03T16:53:57.2370000-08:00,2021-03-04T00:53:57.2370000Z
USAGE,FUNCTION,"DOP_P_DEMO.MONITOR.""SAU_ACCT_NETWORK_POLICY_CHG_FN(P_LOOKBACK_DAY VARCHAR, P_MAX_TS VARCHAR):TABLE: (ROW_CNT NUMBER, MAX_TS TIMESTAMP_LTZ, RESULT_ARR ARRAY)""",_AC_R_DOP_P_DEMO_MONITOR,DOP_P_DEMO,MONITOR,"SAU_ACCT_NETWORK_POLICY_CHG_FN(P_LOOKBACK_DAY VARCHAR, P_MAX_TS VARCHAR):TABLE: (ROW_CNT NUMBER, MAX_TS TIMESTAMP_LTZ, RESULT_ARR ARRAY)",DOP_P_MONITOR_ADMIN,False,2021-02-26T04:39:16.1560000-08:00,2021-02-26T12:39:16.1560000Z
OWNERSHIP,FUNCTION,"DOP_P_DEMO.MONITOR.""SAU_ACCT_NETWORK_POLICY_CHG_FN(P_LOOKBACK_DAY VARCHAR, P_MAX_TS VARCHAR):TABLE: (ROW_CNT NUMBER, MAX_TS TIMESTAMP_LTZ, RESULT_ARR ARRAY)""",DOP_P_MONITOR_ADMIN,DOP_P_DEMO,MONITOR,"SAU_ACCT_NETWORK_POLICY_CHG_FN(P_LOOKBACK_DAY VARCHAR, P_MAX_TS VARCHAR):TABLE: (ROW_CNT NUMBER, MAX_TS TIMESTAMP_LTZ, RESULT_ARR ARRAY)",DOP_P_MONITOR_ADMIN,True,2021-02-26T04:39:16.1560000-08:00,2021-02-26T12:39:16.1560000Z
USAGE,FUNCTION,"DOP_P_DEMO.MONITOR.""SAU_ADMN_ACCTADMIN_ACTIVITY_FN(P_MAX_TS VARCHAR):TABLE: (ROW_CNT NUMBER, MAX_TS TIMESTAMP_LTZ, RESULT_ARR ARRAY)""",_AC_R_DOP_P_DEMO_MONITOR,DOP_P_DEMO,MONITOR,"SAU_ADMN_ACCTADMIN_ACTIVITY_FN(P_MAX_TS VARCHAR):TABLE: (ROW_CNT NUMBER, MAX_TS TIMESTAMP_LTZ, RESULT_ARR ARRAY)",DOP_P_MONITOR_ADMIN,False,2021-02-26T04:42:34.3540000-08:00,2021-02-26T12:42:34.3540000Z
OWNERSHIP,FUNCTION,"DOP_P_DEMO.MONITOR.""SAU_ADMN_ACCTADMIN_ACTIVITY_FN(P_MAX_TS VARCHAR):TABLE: (ROW_CNT NUMBER, MAX_TS TIMESTAMP_LTZ, RESULT_ARR ARRAY)""",DOP_P_MONITOR_ADMIN,DOP_P_DEMO,MONITOR,"SAU_ADMN_ACCTADMIN_ACTIVITY_FN(P_MAX_TS VARCHAR):TABLE: (ROW_CNT NUMBER, MAX_TS TIMESTAMP_LTZ, RESULT_ARR ARRAY)",DOP_P_MONITOR_ADMIN,True,2021-02-26T04:42:34.3540000-08:00,2021-02-26T12:42:34.3540000Z
USAGE,FUNCTION,"DOP_P_DEMO.MONITOR.""SAU_ADMN_GRANTED_ADMIN_FN(P_MAX_TS VARCHAR):TABLE: (ROW_CNT NUMBER, MAX_TS TIMESTAMP_LTZ, RESULT_ARR ARRAY)""",_AC_R_DOP_P_DEMO_MONITOR,DOP_P_DEMO,MONITOR,"SAU_ADMN_GRANTED_ADMIN_FN(P_MAX_TS VARCHAR):TABLE: (ROW_CNT NUMBER, MAX_TS TIMESTAMP_LTZ, RESULT_ARR ARRAY)",DOP_P_MONITOR_ADMIN,False,2021-02-26T04:42:08.3280000-08:00,2021-02-26T12:42:08.3280000Z
OWNERSHIP,FUNCTION,"DOP_P_DEMO.MONITOR.""SAU_ADMN_GRANTED_ADMIN_FN(P_MAX_TS VARCHAR):TABLE: (ROW_CNT NUMBER, MAX_TS TIMESTAMP_LTZ, RESULT_ARR ARRAY)""",DOP_P_MONITOR_ADMIN,DOP_P_DEMO,MONITOR,"SAU_ADMN_GRANTED_ADMIN_FN(P_MAX_TS VARCHAR):TABLE: (ROW_CNT NUMBER, MAX_TS TIMESTAMP_LTZ, RESULT_ARR ARRAY)",DOP_P_MONITOR_ADMIN,True,2021-02-26T04:42:07.3270000-08:00,2021-02-26T12:42:07.3270000Z
USAGE,FUNCTION,"DOP_P_DEMO.MONITOR.""SAU_ADMN_SECADMIN_ACTIVITY_FN(P_MAX_TS VARCHAR):TABLE: (ROW_CNT NUMBER, MAX_TS TIMESTAMP_LTZ, RESULT_ARR ARRAY)""",_AC_R_DOP_P_DEMO_MONITOR,DOP_P_DEMO,MONITOR,"SAU_ADMN_SECADMIN_ACTIVITY_FN(P_MAX_TS VARCHAR):TABLE: (ROW_CNT NUMBER, MAX_TS TIMESTAMP_LTZ, RESULT_ARR ARRAY)",DOP_P_MONITOR_ADMIN,False,2021-02-26T04:41:18.2780000-08:00,2021-02-26T12:41:18.2780000Z
OWNERSHIP,FUNCTION,"DOP_P_DEMO.MONITOR.""SAU_ADMN_SECADMIN_ACTIVITY_FN(P_MAX_TS VARCHAR):TABLE: (ROW_CNT NUMBER, MAX_TS TIMESTAMP_LTZ, RESULT_ARR ARRAY)""",DOP_P_MONITOR_ADMIN,DOP_P_DEMO,MONITOR,"SAU_ADMN_SECADMIN_ACTIVITY_FN(P_MAX_TS VARCHAR):TABLE: (ROW_CNT NUMBER, MAX_TS TIMESTAMP_LTZ, RESULT_ARR ARRAY)",DOP_P_MONITOR_ADMIN,True,2021-02-26T04:41:18.2780000-08:00,2021-02-26T12:41:18.2780000Z
USAGE,FUNCTION,"DOP_P_DEMO.MONITOR.""SAU_ADMN_SYSADMIN_ACTIVITY_FN(P_MAX_TS VARCHAR):TABLE: (ROW_CNT NUMBER, MAX_TS TIMESTAMP_LTZ, RESULT_ARR ARRAY)""",_AC_R_DOP_P_DEMO_MONITOR,DOP_P_DEMO,MONITOR,"SAU_ADMN_SYSADMIN_ACTIVITY_FN(P_MAX_TS VARCHAR):TABLE: (ROW_CNT NUMBER, MAX_TS TIMESTAMP_LTZ, RESULT_ARR ARRAY)",DOP_P_MONITOR_ADMIN,False,2021-02-26T04:41:08.2680000-08:00,2021-02-26T12:41:08.2680000Z
OWNERSHIP,FUNCTION,"DOP_P_DEMO.MONITOR.""SAU_ADMN_SYSADMIN_ACTIVITY_FN(P_MAX_TS VARCHAR):TABLE: (ROW_CNT NUMBER, MAX_TS TIMESTAMP_LTZ, RESULT_ARR ARRAY)""",DOP_P_MONITOR_ADMIN,DOP_P_DEMO,MONITOR,"SAU_ADMN_SYSADMIN_ACTIVITY_FN(P_MAX_TS VARCHAR):TABLE: (ROW_CNT NUMBER, MAX_TS TIMESTAMP_LTZ, RESULT_ARR ARRAY)",DOP_P_MONITOR_ADMIN,True,2021-02-26T04:41:08.2680000-08:00,2021-02-26T12:41:08.2680000Z
USAGE,FUNCTION,"DOP_P_DEMO.MONITOR.""SAU_ADMN_USER_CREATION_FN(P_MAX_TS VARCHAR):TABLE: (ROW_CNT NUMBER, MAX_TS TIMESTAMP_LTZ, RESULT_ARR ARRAY)""",_AC_R_DOP_P_DEMO_MONITOR,DOP_P_DEMO,MONITOR,"SAU_ADMN_USER_CREATION_FN(P_MAX_TS VARCHAR):TABLE: (ROW_CNT NUMBER, MAX_TS TIMESTAMP_LTZ, RESULT_ARR ARRAY)",DOP_P_MONITOR_ADMIN,False,2021-02-26T04:42:26.3460000-08:00,2021-02-26T12:42:26.3460000Z
OWNERSHIP,FUNCTION,"DOP_P_DEMO.MONITOR.""SAU_ADMN_USER_CREATION_FN(P_MAX_TS VARCHAR):TABLE: (ROW_CNT NUMBER, MAX_TS TIMESTAMP_LTZ, RESULT_ARR ARRAY)""",DOP_P_MONITOR_ADMIN,DOP_P_DEMO,MONITOR,"SAU_ADMN_USER_CREATION_FN(P_MAX_TS VARCHAR):TABLE: (ROW_CNT NUMBER, MAX_TS TIMESTAMP_LTZ, RESULT_ARR ARRAY)",DOP_P_MONITOR_ADMIN,True,2021-02-26T04:42:26.3460000-08:00,2021-02-26T12:42:26.3460000Z
USAGE,FUNCTION,"DOP_P_DEMO.MONITOR.""SAU_AQRY_DATA_UNLOAD_FN(P_LOOKBACK_DAY VARCHAR, P_MAX_TS VARCHAR):TABLE: (ROW_CNT NUMBER, MAX_TS TIMESTAMP_LTZ, RESULT_ARR ARRAY)""",_AC_R_DOP_P_DEMO_MONITOR,DOP_P_DEMO,MONITOR,"SAU_AQRY_DATA_UNLOAD_FN(P_LOOKBACK_DAY VARCHAR, P_MAX_TS VARCHAR):TABLE: (ROW_CNT NUMBER, MAX_TS TIMESTAMP_LTZ, RESULT_ARR ARRAY)",DOP_P_MONITOR_ADMIN,False,2021-02-26T04:39:46.1860000-08:00,2021-02-26T12:39:46.1860000Z
OWNERSHIP,FUNCTION,"DOP_P_DEMO.MONITOR.""SAU_AQRY_DATA_UNLOAD_FN(P_LOOKBACK_DAY VARCHAR, P_MAX_TS VARCHAR):TABLE: (ROW_CNT NUMBER, MAX_TS TIMESTAMP_LTZ, RESULT_ARR ARRAY)""",DOP_P_MONITOR_ADMIN,DOP_P_DEMO,MONITOR,"SAU_AQRY_DATA_UNLOAD_FN(P_LOOKBACK_DAY VARCHAR, P_MAX_TS VARCHAR):TABLE: (ROW_CNT NUMBER, MAX_TS TIMESTAMP_LTZ, RESULT_ARR ARRAY)",DOP_P_MONITOR_ADMIN,True,2021-02-26T04:39:46.1860000-08:00,2021-02-26T12:39:46.1860000Z
USAGE,FUNCTION,"DOP_P_DEMO.MONITOR.""SAU_AQRY_DATA_UNLOAD_FN(P_ROWS_UNLOADED VARCHAR, P_LOOKBACK_DAY VARCHAR, P_MAX_TS VARCHAR):TABLE: (ROW_CNT NUMBER, MAX_TS TIMESTAMP_LTZ, RESULT_ARR ARRAY)""",_AC_R_DOP_P_DEMO_MONITOR,DOP_P_DEMO,MONITOR,"SAU_AQRY_DATA_UNLOAD_FN(P_ROWS_UNLOADED VARCHAR, P_LOOKBACK_DAY VARCHAR, P_MAX_TS VARCHAR):TABLE: (ROW_CNT NUMBER, MAX_TS TIMESTAMP_LTZ, RESULT_ARR ARRAY)",DOP_P_MONITOR_ADMIN,False,2021-03-01T18:32:19.3390000-08:00,2021-03-02T02:32:19.3390000Z
OWNERSHIP,FUNCTION,"DOP_P_DEMO.MONITOR.""SAU_AQRY_DATA_UNLOAD_FN(P_ROWS_UNLOADED VARCHAR, P_LOOKBACK_DAY VARCHAR, P_MAX_TS VARCHAR):TABLE: (ROW_CNT NUMBER, MAX_TS TIMESTAMP_LTZ, RESULT_ARR ARRAY)""",DOP_P_MONITOR_ADMIN,DOP_P_DEMO,MONITOR,"SAU_AQRY_DATA_UNLOAD_FN(P_ROWS_UNLOADED VARCHAR, P_LOOKBACK_DAY VARCHAR, P_MAX_TS VARCHAR):TABLE: (ROW_CNT NUMBER, MAX_TS TIMESTAMP_LTZ, RESULT_ARR ARRAY)",DOP_P_MONITOR_ADMIN,True,2021-03-01T18:32:19.3390000-08:00,2021-03-02T02:32:19.3390000Z
USAGE,FUNCTION,"DOP_P_DEMO.MONITOR.""SAU_AQRY_LONG_ELAPSED_FN(P_ELAPSED_SEC VARCHAR, P_LOOKBACK_DAY VARCHAR, P_MAX_TS VARCHAR):TABLE: (ROW_CNT NUMBER, MAX_TS TIMESTAMP_LTZ, RESULT_ARR ARRAY)""",_AC_R_DOP_P_DEMO_MONITOR,DOP_P_DEMO,MONITOR,"SAU_AQRY_LONG_ELAPSED_FN(P_ELAPSED_SEC VARCHAR, P_LOOKBACK_DAY VARCHAR, P_MAX_TS VARCHAR):TABLE: (ROW_CNT NUMBER, MAX_TS TIMESTAMP_LTZ, RESULT_ARR ARRAY)",DOP_P_MONITOR_ADMIN,False,2021-02-26T04:39:33.1730000-08:00,2021-02-26T12:39:33.1730000Z
OWNERSHIP,FUNCTION,"DOP_P_DEMO.MONITOR.""SAU_AQRY_LONG_ELAPSED_FN(P_ELAPSED_SEC VARCHAR, P_LOOKBACK_DAY VARCHAR, P_MAX_TS VARCHAR):TABLE: (ROW_CNT NUMBER, MAX_TS TIMESTAMP_LTZ, RESULT_ARR ARRAY)""",DOP_P_MONITOR_ADMIN,DOP_P_DEMO,MONITOR,"SAU_AQRY_LONG_ELAPSED_FN(P_ELAPSED_SEC VARCHAR, P_LOOKBACK_DAY VARCHAR, P_MAX_TS VARCHAR):TABLE: (ROW_CNT NUMBER, MAX_TS TIMESTAMP_LTZ, RESULT_ARR ARRAY)",DOP_P_MONITOR_ADMIN,True,2021-02-26T04:39:33.1730000-08:00,2021-02-26T12:39:33.1730000Z
USAGE,FUNCTION,"DOP_P_DEMO.MONITOR.""SAU_SVLS_AUTOCLUSTER_CREDITS_FN(P_CREDITS_USED VARCHAR, P_VARIANCE_PCT VARCHAR, P_MAX_TS VARCHAR):TABLE: (ROW_CNT NUMBER, MAX_TS TIMESTAMP_LTZ, RESULT_ARR ARRAY)""",_AC_R_DOP_P_DEMO_MONITOR,DOP_P_DEMO,MONITOR,"SAU_SVLS_AUTOCLUSTER_CREDITS_FN(P_CREDITS_USED VARCHAR, P_VARIANCE_PCT VARCHAR, P_MAX_TS VARCHAR):TABLE: (ROW_CNT NUMBER, MAX_TS TIMESTAMP_LTZ, RESULT_ARR ARRAY)",DOP_P_MONITOR_ADMIN,False,2021-02-26T04:40:50.2500000-08:00,2021-02-26T12:40:50.2500000Z
OWNERSHIP,FUNCTION,"DOP_P_DEMO.MONITOR.""SAU_SVLS_AUTOCLUSTER_CREDITS_FN(P_CREDITS_USED VARCHAR, P_VARIANCE_PCT VARCHAR, P_MAX_TS VARCHAR):TABLE: (ROW_CNT NUMBER, MAX_TS TIMESTAMP_LTZ, RESULT_ARR ARRAY)""",DOP_P_MONITOR_ADMIN,DOP_P_DEMO,MONITOR,"SAU_SVLS_AUTOCLUSTER_CREDITS_FN(P_CREDITS_USED VARCHAR, P_VARIANCE_PCT VARCHAR, P_MAX_TS VARCHAR):TABLE: (ROW_CNT NUMBER, MAX_TS TIMESTAMP_LTZ, RESULT_ARR ARRAY)",DOP_P_MONITOR_ADMIN,True,2021-02-26T04:40:50.2500000-08:00,2021-02-26T12:40:50.2500000Z
USAGE,FUNCTION,"DOP_P_DEMO.MONITOR.""SAU_SVLS_MVIEW_CREDITS_FN(P_CREDITS_USED VARCHAR, P_VARIANCE_PCT VARCHAR, P_MAX_TS VARCHAR):TABLE: (ROW_CNT NUMBER, MAX_TS TIMESTAMP_LTZ, RESULT_ARR ARRAY)""",_AC_R_DOP_P_DEMO_MONITOR,DOP_P_DEMO,MONITOR,"SAU_SVLS_MVIEW_CREDITS_FN(P_CREDITS_USED VARCHAR, P_VARIANCE_PCT VARCHAR, P_MAX_TS VARCHAR):TABLE: (ROW_CNT NUMBER, MAX_TS TIMESTAMP_LTZ, RESULT_ARR ARRAY)",DOP_P_MONITOR_ADMIN,False,2021-02-26T04:40:41.2410000-08:00,2021-02-26T12:40:41.2410000Z
OWNERSHIP,FUNCTION,"DOP_P_DEMO.MONITOR.""SAU_SVLS_MVIEW_CREDITS_FN(P_CREDITS_USED VARCHAR, P_VARIANCE_PCT VARCHAR, P_MAX_TS VARCHAR):TABLE: (ROW_CNT NUMBER, MAX_TS TIMESTAMP_LTZ, RESULT_ARR ARRAY)""",DOP_P_MONITOR_ADMIN,DOP_P_DEMO,MONITOR,"SAU_SVLS_MVIEW_CREDITS_FN(P_CREDITS_USED VARCHAR, P_VARIANCE_PCT VARCHAR, P_MAX_TS VARCHAR):TABLE: (ROW_CNT NUMBER, MAX_TS TIMESTAMP_LTZ, RESULT_ARR ARRAY)",DOP_P_MONITOR_ADMIN,True,2021-02-26T04:40:41.2410000-08:00,2021-02-26T12:40:41.2410000Z
USAGE,FUNCTION,"DOP_P_DEMO.MONITOR.""SAU_SVLS_PIPE_CREDITS_FN(P_CREDITS_USED VARCHAR, P_VARIANCE_PCT VARCHAR, P_MAX_TS VARCHAR):TABLE: (ROW_CNT NUMBER, MAX_TS TIMESTAMP_LTZ, RESULT_ARR ARRAY)""",_AC_R_DOP_P_DEMO_MONITOR,DOP_P_DEMO,MONITOR,"SAU_SVLS_PIPE_CREDITS_FN(P_CREDITS_USED VARCHAR, P_VARIANCE_PCT VARCHAR, P_MAX_TS VARCHAR):TABLE: (ROW_CNT NUMBER, MAX_TS TIMESTAMP_LTZ, RESULT_ARR ARRAY)",DOP_P_MONITOR_ADMIN,False,2021-02-26T04:40:31.2310000-08:00,2021-02-26T12:40:31.2310000Z
OWNERSHIP,FUNCTION,"DOP_P_DEMO.MONITOR.""SAU_SVLS_PIPE_CREDITS_FN(P_CREDITS_USED VARCHAR, P_VARIANCE_PCT VARCHAR, P_MAX_TS VARCHAR):TABLE: (ROW_CNT NUMBER, MAX_TS TIMESTAMP_LTZ, RESULT_ARR ARRAY)""",DOP_P_MONITOR_ADMIN,DOP_P_DEMO,MONITOR,"SAU_SVLS_PIPE_CREDITS_FN(P_CREDITS_USED VARCHAR, P_VARIANCE_PCT VARCHAR, P_MAX_TS VARCHAR):TABLE: (ROW_CNT NUMBER, MAX_TS TIMESTAMP_LTZ, RESULT_ARR ARRAY)",DOP_P_MONITOR_ADMIN,True,2021-02-26T04:40:31.2310000-08:00,2021-02-26T12:40:31.2310000Z
USAGE,FUNCTION,"DOP_P_DEMO.MONITOR.""SAU_SVLS_REPL_CREDITS_FN(P_CREDITS_USED VARCHAR, P_VARIANCE_PCT VARCHAR, P_MAX_TS VARCHAR):TABLE: (ROW_CNT NUMBER, MAX_TS TIMESTAMP_LTZ, RESULT_ARR ARRAY)""",_AC_R_DOP_P_DEMO_MONITOR,DOP_P_DEMO,MONITOR,"SAU_SVLS_REPL_CREDITS_FN(P_CREDITS_USED VARCHAR, P_VARIANCE_PCT VARCHAR, P_MAX_TS VARCHAR):TABLE: (ROW_CNT NUMBER, MAX_TS TIMESTAMP_LTZ, RESULT_ARR ARRAY)",DOP_P_MONITOR_ADMIN,False,2021-03-01T18:19:02.5420000-08:00,2021-03-02T02:19:02.5420000Z
OWNERSHIP,FUNCTION,"DOP_P_DEMO.MONITOR.""SAU_SVLS_REPL_CREDITS_FN(P_CREDITS_USED VARCHAR, P_VARIANCE_PCT VARCHAR, P_MAX_TS VARCHAR):TABLE: (ROW_CNT NUMBER, MAX_TS TIMESTAMP_LTZ, RESULT_ARR ARRAY)""",DOP_P_MONITOR_ADMIN,DOP_P_DEMO,MONITOR,"SAU_SVLS_REPL_CREDITS_FN(P_CREDITS_USED VARCHAR, P_VARIANCE_PCT VARCHAR, P_MAX_TS VARCHAR):TABLE: (ROW_CNT NUMBER, MAX_TS TIMESTAMP_LTZ, RESULT_ARR ARRAY)",DOP_P_MONITOR_ADMIN,True,2021-03-01T18:19:02.5420000-08:00,2021-03-02T02:19:02.5420000Z
USAGE,FUNCTION,"DOP_P_DEMO.MONITOR.""SAU_SVLS_SOS_CREDITS_FN(P_CREDITS_USED VARCHAR, P_VARIANCE_PCT VARCHAR, P_MAX_TS VARCHAR):TABLE: (ROW_CNT NUMBER, MAX_TS TIMESTAMP_LTZ, RESULT_ARR ARRAY)""",_AC_R_DOP_P_DEMO_MONITOR,DOP_P_DEMO,MONITOR,"SAU_SVLS_SOS_CREDITS_FN(P_CREDITS_USED VARCHAR, P_VARIANCE_PCT VARCHAR, P_MAX_TS VARCHAR):TABLE: (ROW_CNT NUMBER, MAX_TS TIMESTAMP_LTZ, RESULT_ARR ARRAY)",DOP_P_MONITOR_ADMIN,False,2021-02-26T04:40:12.2120000-08:00,2021-02-26T12:40:12.2120000Z
OWNERSHIP,FUNCTION,"DOP_P_DEMO.MONITOR.""SAU_SVLS_SOS_CREDITS_FN(P_CREDITS_USED VARCHAR, P_VARIANCE_PCT VARCHAR, P_MAX_TS VARCHAR):TABLE: (ROW_CNT NUMBER, MAX_TS TIMESTAMP_LTZ, RESULT_ARR ARRAY)""",DOP_P_MONITOR_ADMIN,DOP_P_DEMO,MONITOR,"SAU_SVLS_SOS_CREDITS_FN(P_CREDITS_USED VARCHAR, P_VARIANCE_PCT VARCHAR, P_MAX_TS VARCHAR):TABLE: (ROW_CNT NUMBER, MAX_TS TIMESTAMP_LTZ, RESULT_ARR ARRAY)",DOP_P_MONITOR_ADMIN,True,2021-02-26T04:40:12.2120000-08:00,2021-02-26T12:40:12.2120000Z
USAGE,FUNCTION,"DOP_P_DEMO.MONITOR.""SAU_USER_FAILED_LOGIN_FN(P_FAILED_CNT VARCHAR, P_LOOKBACK_HR VARCHAR, P_MAX_TS VARCHAR):TABLE: (ROW_CNT NUMBER, MAX_TS TIMESTAMP_LTZ, RESULT_ARR ARRAY)""",_AC_R_DOP_P_DEMO_MONITOR,DOP_P_DEMO,MONITOR,"SAU_USER_FAILED_LOGIN_FN(P_FAILED_CNT VARCHAR, P_LOOKBACK_HR VARCHAR, P_MAX_TS VARCHAR):TABLE: (ROW_CNT NUMBER, MAX_TS TIMESTAMP_LTZ, RESULT_ARR ARRAY)",DOP_P_MONITOR_ADMIN,False,2021-03-01T18:07:02.8220000-08:00,2021-03-02T02:07:02.8220000Z
OWNERSHIP,FUNCTION,"DOP_P_DEMO.MONITOR.""SAU_USER_FAILED_LOGIN_FN(P_FAILED_CNT VARCHAR, P_LOOKBACK_HR VARCHAR, P_MAX_TS VARCHAR):TABLE: (ROW_CNT NUMBER, MAX_TS TIMESTAMP_LTZ, RESULT_ARR ARRAY)""",DOP_P_MONITOR_ADMIN,DOP_P_DEMO,MONITOR,"SAU_USER_FAILED_LOGIN_FN(P_FAILED_CNT VARCHAR, P_LOOKBACK_HR VARCHAR, P_MAX_TS VARCHAR):TABLE: (ROW_CNT NUMBER, MAX_TS TIMESTAMP_LTZ, RESULT_ARR ARRAY)",DOP_P_MONITOR_ADMIN,True,2021-03-01T18:07:02.8220000-08:00,2021-03-02T02:07:02.8220000Z
USAGE,FUNCTION,"DOP_P_DEMO.MONITOR.""SAU_USER_IP_BLOCKED_LOGIN_FN(P_LOOKBACK_DAY VARCHAR, P_MAX_TS VARCHAR):TABLE: (ROW_CNT NUMBER, MAX_TS TIMESTAMP_LTZ, RESULT_ARR ARRAY)""",_AC_R_DOP_P_DEMO_MONITOR,DOP_P_DEMO,MONITOR,"SAU_USER_IP_BLOCKED_LOGIN_FN(P_LOOKBACK_DAY VARCHAR, P_MAX_TS VARCHAR):TABLE: (ROW_CNT NUMBER, MAX_TS TIMESTAMP_LTZ, RESULT_ARR ARRAY)",DOP_P_MONITOR_ADMIN,False,2021-02-26T04:41:59.3190000-08:00,2021-02-26T12:41:59.3190000Z
OWNERSHIP,FUNCTION,"DOP_P_DEMO.MONITOR.""SAU_USER_IP_BLOCKED_LOGIN_FN(P_LOOKBACK_DAY VARCHAR, P_MAX_TS VARCHAR):TABLE: (ROW_CNT NUMBER, MAX_TS TIMESTAMP_LTZ, RESULT_ARR ARRAY)""",DOP_P_MONITOR_ADMIN,DOP_P_DEMO,MONITOR,"SAU_USER_IP_BLOCKED_LOGIN_FN(P_LOOKBACK_DAY VARCHAR, P_MAX_TS VARCHAR):TABLE: (ROW_CNT NUMBER, MAX_TS TIMESTAMP_LTZ, RESULT_ARR ARRAY)",DOP_P_MONITOR_ADMIN,True,2021-02-26T04:41:59.3190000-08:00,2021-02-26T12:41:59.3190000Z
USAGE,FUNCTION,"DOP_P_DEMO.MONITOR.""SAU_USER_LAST_LOGIN_FN(P_DAYS_NUM VARCHAR, P_MAX_TS VARCHAR):TABLE: (ROW_CNT NUMBER, MAX_TS TIMESTAMP_LTZ, RESULT_ARR ARRAY)""",_AC_R_DOP_P_DEMO_MONITOR,DOP_P_DEMO,MONITOR,"SAU_USER_LAST_LOGIN_FN(P_DAYS_NUM VARCHAR, P_MAX_TS VARCHAR):TABLE: (ROW_CNT NUMBER, MAX_TS TIMESTAMP_LTZ, RESULT_ARR ARRAY)",DOP_P_MONITOR_ADMIN,False,2021-02-26T04:41:47.3070000-08:00,2021-02-26T12:41:47.3070000Z
OWNERSHIP,FUNCTION,"DOP_P_DEMO.MONITOR.""SAU_USER_LAST_LOGIN_FN(P_DAYS_NUM VARCHAR, P_MAX_TS VARCHAR):TABLE: (ROW_CNT NUMBER, MAX_TS TIMESTAMP_LTZ, RESULT_ARR ARRAY)""",DOP_P_MONITOR_ADMIN,DOP_P_DEMO,MONITOR,"SAU_USER_LAST_LOGIN_FN(P_DAYS_NUM VARCHAR, P_MAX_TS VARCHAR):TABLE: (ROW_CNT NUMBER, MAX_TS TIMESTAMP_LTZ, RESULT_ARR ARRAY)",DOP_P_MONITOR_ADMIN,True,2021-02-26T04:41:47.3070000-08:00,2021-02-26T12:41:47.3070000Z
USAGE,FUNCTION,"DOP_P_DEMO.MONITOR.""SAU_USER_NONMFA_LOGIN_FN(P_MAX_TS VARCHAR):TABLE: (ROW_CNT NUMBER, MAX_TS TIMESTAMP_LTZ, RESULT_ARR ARRAY)""",_AC_R_DOP_P_DEMO_MONITOR,DOP_P_DEMO,MONITOR,"SAU_USER_NONMFA_LOGIN_FN(P_MAX_TS VARCHAR):TABLE: (ROW_CNT NUMBER, MAX_TS TIMESTAMP_LTZ, RESULT_ARR ARRAY)",DOP_P_MONITOR_ADMIN,False,2021-02-26T04:41:39.2990000-08:00,2021-02-26T12:41:39.2990000Z
OWNERSHIP,FUNCTION,"DOP_P_DEMO.MONITOR.""SAU_USER_NONMFA_LOGIN_FN(P_MAX_TS VARCHAR):TABLE: (ROW_CNT NUMBER, MAX_TS TIMESTAMP_LTZ, RESULT_ARR ARRAY)""",DOP_P_MONITOR_ADMIN,DOP_P_DEMO,MONITOR,"SAU_USER_NONMFA_LOGIN_FN(P_MAX_TS VARCHAR):TABLE: (ROW_CNT NUMBER, MAX_TS TIMESTAMP_LTZ, RESULT_ARR ARRAY)",DOP_P_MONITOR_ADMIN,True,2021-02-26T04:41:39.2990000-08:00,2021-02-26T12:41:39.2990000Z
USAGE,FUNCTION,"DOP_P_DEMO.MONITOR.""SAU_USER_QUERY_VARIANCE_FN(P_LOOKBACK_DAY VARCHAR, P_VARIANCE_PCT VARCHAR, P_MAX_TS VARCHAR):TABLE: (ROW_CNT NUMBER, MAX_TS TIMESTAMP_LTZ, RESULT_ARR ARRAY)""",_AC_R_DOP_P_DEMO_MONITOR,DOP_P_DEMO,MONITOR,"SAU_USER_QUERY_VARIANCE_FN(P_LOOKBACK_DAY VARCHAR, P_VARIANCE_PCT VARCHAR, P_MAX_TS VARCHAR):TABLE: (ROW_CNT NUMBER, MAX_TS TIMESTAMP_LTZ, RESULT_ARR ARRAY)",DOP_P_MONITOR_ADMIN,False,2021-02-26T04:41:29.2890000-08:00,2021-02-26T12:41:29.2890000Z
OWNERSHIP,FUNCTION,"DOP_P_DEMO.MONITOR.""SAU_USER_QUERY_VARIANCE_FN(P_LOOKBACK_DAY VARCHAR, P_VARIANCE_PCT VARCHAR, P_MAX_TS VARCHAR):TABLE: (ROW_CNT NUMBER, MAX_TS TIMESTAMP_LTZ, RESULT_ARR ARRAY)""",DOP_P_MONITOR_ADMIN,DOP_P_DEMO,MONITOR,"SAU_USER_QUERY_VARIANCE_FN(P_LOOKBACK_DAY VARCHAR, P_VARIANCE_PCT VARCHAR, P_MAX_TS VARCHAR):TABLE: (ROW_CNT NUMBER, MAX_TS TIMESTAMP_LTZ, RESULT_ARR ARRAY)",DOP_P_MONITOR_ADMIN,True,2021-02-26T04:41:29.2890000-08:00,2021-02-26T12:41:29.2890000Z
USAGE,FUNCTION,"DOP_P_DEMO.MONITOR.""SAU_WH_CLOUDSVCS_CREDITS_FN(P_CREDITS_USED VARCHAR, P_CLOUDSVCS_PCT VARCHAR, P_MAX_TS VARCHAR):TABLE: (ROW_CNT NUMBER, MAX_TS TIMESTAMP_LTZ, RESULT_ARR ARRAY)""",_AC_R_DOP_P_DEMO_MONITOR,DOP_P_DEMO,MONITOR,"SAU_WH_CLOUDSVCS_CREDITS_FN(P_CREDITS_USED VARCHAR, P_CLOUDSVCS_PCT VARCHAR, P_MAX_TS VARCHAR):TABLE: (ROW_CNT NUMBER, MAX_TS TIMESTAMP_LTZ, RESULT_ARR ARRAY)",DOP_P_MONITOR_ADMIN,False,2021-02-26T04:43:01.3810000-08:00,2021-02-26T12:43:01.3810000Z
OWNERSHIP,FUNCTION,"DOP_P_DEMO.MONITOR.""SAU_WH_CLOUDSVCS_CREDITS_FN(P_CREDITS_USED VARCHAR, P_CLOUDSVCS_PCT VARCHAR, P_MAX_TS VARCHAR):TABLE: (ROW_CNT NUMBER, MAX_TS TIMESTAMP_LTZ, RESULT_ARR ARRAY)""",DOP_P_MONITOR_ADMIN,DOP_P_DEMO,MONITOR,"SAU_WH_CLOUDSVCS_CREDITS_FN(P_CREDITS_USED VARCHAR, P_CLOUDSVCS_PCT VARCHAR, P_MAX_TS VARCHAR):TABLE: (ROW_CNT NUMBER, MAX_TS TIMESTAMP_LTZ, RESULT_ARR ARRAY)",DOP_P_MONITOR_ADMIN,True,2021-02-26T04:43:01.3810000-08:00,2021-02-26T12:43:01.3810000Z
USAGE,FUNCTION,"DOP_P_DEMO.MONITOR.""SAU_WH_USAGE_VARIANCE_FN(P_CREDITS_USED VARCHAR, P_VARIANCE_PCT VARCHAR, P_MAX_TS VARCHAR):TABLE: (ROW_CNT NUMBER, MAX_TS TIMESTAMP_LTZ, RESULT_ARR ARRAY)""",_AC_R_DOP_P_DEMO_MONITOR,DOP_P_DEMO,MONITOR,"SAU_WH_USAGE_VARIANCE_FN(P_CREDITS_USED VARCHAR, P_VARIANCE_PCT VARCHAR, P_MAX_TS VARCHAR):TABLE: (ROW_CNT NUMBER, MAX_TS TIMESTAMP_LTZ, RESULT_ARR ARRAY)",DOP_P_MONITOR_ADMIN,False,2021-02-26T04:42:50.3700000-08:00,2021-02-26T12:42:50.3700000Z
OWNERSHIP,FUNCTION,"DOP_P_DEMO.MONITOR.""SAU_WH_USAGE_VARIANCE_FN(P_CREDITS_USED VARCHAR, P_VARIANCE_PCT VARCHAR, P_MAX_TS VARCHAR):TABLE: (ROW_CNT NUMBER, MAX_TS TIMESTAMP_LTZ, RESULT_ARR ARRAY)""",DOP_P_MONITOR_ADMIN,DOP_P_DEMO,MONITOR,"SAU_WH_USAGE_VARIANCE_FN(P_CREDITS_USED VARCHAR, P_VARIANCE_PCT VARCHAR, P_MAX_TS VARCHAR):TABLE: (ROW_CNT NUMBER, MAX_TS TIMESTAMP_LTZ, RESULT_ARR ARRAY)",DOP_P_MONITOR_ADMIN,True,2021-02-26T04:42:50.3700000-08:00,2021-02-26T12:42:50.3700000Z
USAGE,FUNCTION,"DOP_P_DEMO.MONITOR.""SIS_IQRY_LONG_QUEUED_FN(P_QUEUED_SEC VARCHAR, P_LOOKBACK_MIN VARCHAR, P_MAX_TS VARCHAR):TABLE: (ROW_CNT NUMBER, MAX_TS TIMESTAMP_LTZ, RESULT_ARR ARRAY)""",_AC_R_DOP_P_DEMO_MONITOR,DOP_P_DEMO,MONITOR,"SIS_IQRY_LONG_QUEUED_FN(P_QUEUED_SEC VARCHAR, P_LOOKBACK_MIN VARCHAR, P_MAX_TS VARCHAR):TABLE: (ROW_CNT NUMBER, MAX_TS TIMESTAMP_LTZ, RESULT_ARR ARRAY)",DOP_P_MONITOR_ADMIN,False,2021-02-26T04:43:26.4060000-08:00,2021-02-26T12:43:26.4060000Z
OWNERSHIP,FUNCTION,"DOP_P_DEMO.MONITOR.""SIS_IQRY_LONG_QUEUED_FN(P_QUEUED_SEC VARCHAR, P_LOOKBACK_MIN VARCHAR, P_MAX_TS VARCHAR):TABLE: (ROW_CNT NUMBER, MAX_TS TIMESTAMP_LTZ, RESULT_ARR ARRAY)""",DOP_P_MONITOR_ADMIN,DOP_P_DEMO,MONITOR,"SIS_IQRY_LONG_QUEUED_FN(P_QUEUED_SEC VARCHAR, P_LOOKBACK_MIN VARCHAR, P_MAX_TS VARCHAR):TABLE: (ROW_CNT NUMBER, MAX_TS TIMESTAMP_LTZ, RESULT_ARR ARRAY)",DOP_P_MONITOR_ADMIN,True,2021-02-26T04:43:26.4060000-08:00,2021-02-26T12:43:26.4060000Z
USAGE,FUNCTION,"DOP_P_DEMO.MONITOR.""SIS_IQRY_LONG_RUNNING_FN(P_DURATION_SEC VARCHAR, P_LOOKBACK_MIN VARCHAR, P_MAX_TS VARCHAR):TABLE: (ROW_CNT NUMBER, MAX_TS TIMESTAMP_LTZ, RESULT_ARR ARRAY)""",_AC_R_DOP_P_DEMO_MONITOR,DOP_P_DEMO,MONITOR,"SIS_IQRY_LONG_RUNNING_FN(P_DURATION_SEC VARCHAR, P_LOOKBACK_MIN VARCHAR, P_MAX_TS VARCHAR):TABLE: (ROW_CNT NUMBER, MAX_TS TIMESTAMP_LTZ, RESULT_ARR ARRAY)",DOP_P_MONITOR_ADMIN,False,2021-02-26T04:43:18.3980000-08:00,2021-02-26T12:43:18.3980000Z
OWNERSHIP,FUNCTION,"DOP_P_DEMO.MONITOR.""SIS_IQRY_LONG_RUNNING_FN(P_DURATION_SEC VARCHAR, P_LOOKBACK_MIN VARCHAR, P_MAX_TS VARCHAR):TABLE: (ROW_CNT NUMBER, MAX_TS TIMESTAMP_LTZ, RESULT_ARR ARRAY)""",DOP_P_MONITOR_ADMIN,DOP_P_DEMO,MONITOR,"SIS_IQRY_LONG_RUNNING_FN(P_DURATION_SEC VARCHAR, P_LOOKBACK_MIN VARCHAR, P_MAX_TS VARCHAR):TABLE: (ROW_CNT NUMBER, MAX_TS TIMESTAMP_LTZ, RESULT_ARR ARRAY)",DOP_P_MONITOR_ADMIN,True,2021-02-26T04:43:18.3980000-08:00,2021-02-26T12:43:18.3980000Z
USAGE,FUNCTION,"DSC_P_DEMO.SENTIMENT.""ANALYZE_SENTIMENT(CHECK_STRING VARCHAR, LOCALES VARCHAR):VARIANT""",_AC_R_DSC_P_DEMO_SENTIMENT,DSC_P_DEMO,SENTIMENT,"ANALYZE_SENTIMENT(CHECK_STRING VARCHAR, LOCALES VARCHAR):VARIANT",ACCOUNTADMIN,False,2021-02-27T03:46:31.3910000-08:00,2021-02-27T11:46:31.3910000Z
OWNERSHIP,FUNCTION,"DSC_P_DEMO.SENTIMENT.""ANALYZE_SENTIMENT(CHECK_STRING VARCHAR, LOCALES VARCHAR):VARIANT""",ACCOUNTADMIN,DSC_P_DEMO,SENTIMENT,"ANALYZE_SENTIMENT(CHECK_STRING VARCHAR, LOCALES VARCHAR):VARIANT",ACCOUNTADMIN,True,2021-02-27T03:42:08.1280000-08:00,2021-02-27T11:42:08.1280000Z
USAGE,FUNCTION,"DSC_P_DEMO.TWITTER.""GET_TWITTER_FEED(KEYWORD_SEARCH VARCHAR, FROM_DATE DATE, SEARCH_COUNT NUMBER):VARIANT""",_AC_R_DSC_P_DEMO_TWITTER,DSC_P_DEMO,TWITTER,"GET_TWITTER_FEED(KEYWORD_SEARCH VARCHAR, FROM_DATE DATE, SEARCH_COUNT NUMBER):VARIANT",ACCOUNTADMIN,False,2021-02-27T03:46:32.3920000-08:00,2021-02-27T11:46:32.3920000Z
OWNERSHIP,FUNCTION,"DSC_P_DEMO.TWITTER.""GET_TWITTER_FEED(KEYWORD_SEARCH VARCHAR, FROM_DATE DATE, SEARCH_COUNT NUMBER):VARIANT""",ACCOUNTADMIN,DSC_P_DEMO,TWITTER,"GET_TWITTER_FEED(KEYWORD_SEARCH VARCHAR, FROM_DATE DATE, SEARCH_COUNT NUMBER):VARIANT",ACCOUNTADMIN,True,2021-02-27T03:42:08.1280000-08:00,2021-02-27T11:42:08.1280000Z
USAGE,FUNCTION,"ENG_P_DEMO.DATAGEN.""FAKE(LOCALES VARCHAR, PROVIDER VARCHAR, PARAMETERS VARCHAR):VARIANT""",_AC_R_ENG_P_DEMO_DATAGEN,ENG_P_DEMO,DATAGEN,"FAKE(LOCALES VARCHAR, PROVIDER VARCHAR, PARAMETERS VARCHAR):VARIANT",ACCOUNTADMIN,False,2021-02-27T10:58:37.3170000-08:00,2021-02-27T18:58:37.3170000Z
OWNERSHIP,FUNCTION,"ENG_P_DEMO.DATAGEN.""FAKE(LOCALES VARCHAR, PROVIDER VARCHAR, PARAMETERS VARCHAR):VARIANT""",ACCOUNTADMIN,ENG_P_DEMO,DATAGEN,"FAKE(LOCALES VARCHAR, PROVIDER VARCHAR, PARAMETERS VARCHAR):VARIANT",ACCOUNTADMIN,True,2021-02-27T10:58:37.3170000-08:00,2021-02-27T18:58:37.3170000Z
USAGE,FUNCTION,"ENG_P_DEMO.DATAGEN.""FAKE(LOCALES VARCHAR, PROVIDER VARCHAR):VARCHAR(16777216)""",_AC_R_ENG_P_DEMO_DATAGEN,ENG_P_DEMO,DATAGEN,"FAKE(LOCALES VARCHAR, PROVIDER VARCHAR):VARCHAR(16777216)",ACCOUNTADMIN,False,2021-02-27T10:58:37.3170000-08:00,2021-02-27T18:58:37.3170000Z
OWNERSHIP,FUNCTION,"ENG_P_DEMO.DATAGEN.""FAKE(LOCALES VARCHAR, PROVIDER VARCHAR):VARCHAR(16777216)""",ACCOUNTADMIN,ENG_P_DEMO,DATAGEN,"FAKE(LOCALES VARCHAR, PROVIDER VARCHAR):VARCHAR(16777216)",ACCOUNTADMIN,True,2021-02-27T10:58:37.3170000-08:00,2021-02-27T18:58:37.3170000Z
USAGE,FUNCTION,"ENG_P_DEMO.XML_TO_JSON.""CONVERT_XML_TO_JSON(XML_STR VARCHAR):VARIANT""",_AC_R_ENG_P_DEMO_XML_TO_JSON,ENG_P_DEMO,XML_TO_JSON,CONVERT_XML_TO_JSON(XML_STR VARCHAR):VARIANT,ACCOUNTADMIN,False,2021-02-27T03:45:38.3380000-08:00,2021-02-27T11:45:38.3380000Z
OWNERSHIP,FUNCTION,"ENG_P_DEMO.XML_TO_JSON.""CONVERT_XML_TO_JSON(XML_STR VARCHAR):VARIANT""",ACCOUNTADMIN,ENG_P_DEMO,XML_TO_JSON,CONVERT_XML_TO_JSON(XML_STR VARCHAR):VARIANT,ACCOUNTADMIN,True,2021-02-27T03:42:08.1280000-08:00,2021-02-27T11:42:08.1280000Z
USAGE,FUNCTION,"SOP_P_DEMO.RBAC_GEN.""PAD(P_TXT VARCHAR, P_LEN NUMBER):VARCHAR(16777216)""",_AC_R_SOP_P_DEMO_RBAC_GEN,SOP_P_DEMO,RBAC_GEN,"PAD(P_TXT VARCHAR, P_LEN NUMBER):VARCHAR(16777216)",SYSADMIN,False,2021-02-26T12:30:16.4160000-08:00,2021-02-26T20:30:16.4160000Z
OWNERSHIP,FUNCTION,"SOP_P_DEMO.RBAC_GEN.""PAD(P_TXT VARCHAR, P_LEN NUMBER):VARCHAR(16777216)""",SYSADMIN,SOP_P_DEMO,RBAC_GEN,"PAD(P_TXT VARCHAR, P_LEN NUMBER):VARCHAR(16777216)",SYSADMIN,True,2021-02-22T03:46:05.3650000-08:00,2021-02-22T11:46:05.3650000Z
USAGE,FUNCTION,"SOP_P_DEMO.RLS.""DATE_MP_UDF(P_VAL DATE):DATE""",_AC_R_SOP_P_DEMO_RLS,SOP_P_DEMO,RLS,DATE_MP_UDF(P_VAL DATE):DATE,SOP_P_RLS_ADMIN,False,2021-03-01T06:34:38.2780000-08:00,2021-03-01T14:34:38.2780000Z
OWNERSHIP,FUNCTION,"SOP_P_DEMO.RLS.""DATE_MP_UDF(P_VAL DATE):DATE""",SOP_P_RLS_ADMIN,SOP_P_DEMO,RLS,DATE_MP_UDF(P_VAL DATE):DATE,SOP_P_RLS_ADMIN,True,2021-03-01T06:34:38.2780000-08:00,2021-03-01T14:34:38.2780000Z
USAGE,FUNCTION,"SOP_P_DEMO.RLS.""EMPLOYEE_PII_MP_UDF(P_VAL VARCHAR):VARCHAR(16777216)""",_AC_R_SOP_P_DEMO_RLS,SOP_P_DEMO,RLS,EMPLOYEE_PII_MP_UDF(P_VAL VARCHAR):VARCHAR(16777216),SOP_P_RLS_ADMIN,False,2021-03-01T13:51:30.4900000-08:00,2021-03-01T21:51:30.4900000Z
OWNERSHIP,FUNCTION,"SOP_P_DEMO.RLS.""EMPLOYEE_PII_MP_UDF(P_VAL VARCHAR):VARCHAR(16777216)""",SOP_P_RLS_ADMIN,SOP_P_DEMO,RLS,EMPLOYEE_PII_MP_UDF(P_VAL VARCHAR):VARCHAR(16777216),SOP_P_RLS_ADMIN,True,2021-03-01T13:51:30.4900000-08:00,2021-03-01T21:51:30.4900000Z
USAGE,FUNCTION,"SOP_P_DEMO.RLS.""USER_GRANTED_ROLE_UDF(P_ROLE_NM VARCHAR):BOOLEAN""",_AC_R_SOP_P_DEMO_RLS,SOP_P_DEMO,RLS,USER_GRANTED_ROLE_UDF(P_ROLE_NM VARCHAR):BOOLEAN,SOP_P_RLS_ADMIN,False,2021-03-01T05:46:52.4120000-08:00,2021-03-01T13:46:52.4120000Z
OWNERSHIP,FUNCTION,"SOP_P_DEMO.RLS.""USER_GRANTED_ROLE_UDF(P_ROLE_NM VARCHAR):BOOLEAN""",SOP_P_RLS_ADMIN,SOP_P_DEMO,RLS,USER_GRANTED_ROLE_UDF(P_ROLE_NM VARCHAR):BOOLEAN,SOP_P_RLS_ADMIN,True,2021-03-01T05:46:52.4120000-08:00,2021-03-01T13:46:52.4120000Z
