ObjectType,ObjectName,GrantedTo,DBName,SchemaName,EntityName,OWNERSHIP,SELECT
VIEW,DOP_P_DEMO.MONITOR.SAU_SVLS_DAILY_AUTOCLUSTER_V,_AC_R_DOP_P_DEMO_MONITOR,DOP_P_DEMO,MONITOR,SAU_SVLS_DAILY_AUTOCLUSTER_V,,X
VIEW,DOP_P_DEMO.MONITOR.SAU_SVLS_DAILY_AUTOCLUSTER_V,DOP_P_MONITOR_ADMIN,DOP_P_DEMO,MONITOR,SAU_SVLS_DAILY_AUTOCLUSTER_V,X+,
VIEW,DOP_P_DEMO.MONITOR.SAU_SVLS_DAILY_MVIEW_V,_AC_R_DOP_P_DEMO_MONITOR,DOP_P_DEMO,MONITOR,SAU_SVLS_DAILY_MVIEW_V,,X
VIEW,DOP_P_DEMO.MONITOR.SAU_SVLS_DAILY_MVIEW_V,DOP_P_MONITOR_ADMIN,DOP_P_DEMO,MONITOR,SAU_SVLS_DAILY_MVIEW_V,X+,
VIEW,DOP_P_DEMO.MONITOR.SAU_SVLS_DAILY_PIPE_V,_AC_R_DOP_P_DEMO_MONITOR,DOP_P_DEMO,MONITOR,SAU_SVLS_DAILY_PIPE_V,,X
VIEW,DOP_P_DEMO.MONITOR.SAU_SVLS_DAILY_PIPE_V,DOP_P_MONITOR_ADMIN,DOP_P_DEMO,MONITOR,SAU_SVLS_DAILY_PIPE_V,X+,
VIEW,DOP_P_DEMO.MONITOR.SAU_SVLS_DAILY_REPL_V,_AC_R_DOP_P_DEMO_MONITOR,DOP_P_DEMO,MONITOR,SAU_SVLS_DAILY_REPL_V,,X
VIEW,DOP_P_DEMO.MONITOR.SAU_SVLS_DAILY_REPL_V,DOP_P_MONITOR_ADMIN,DOP_P_DEMO,MONITOR,SAU_SVLS_DAILY_REPL_V,X+,
VIEW,DOP_P_DEMO.MONITOR.SAU_SVLS_DAILY_SOS_V,_AC_R_DOP_P_DEMO_MONITOR,DOP_P_DEMO,MONITOR,SAU_SVLS_DAILY_SOS_V,,X
VIEW,DOP_P_DEMO.MONITOR.SAU_SVLS_DAILY_SOS_V,DOP_P_MONITOR_ADMIN,DOP_P_DEMO,MONITOR,SAU_SVLS_DAILY_SOS_V,X+,
VIEW,DOP_P_DEMO.MONITOR.SAU_USER_DAILY_QUERY_V,_AC_R_DOP_P_DEMO_MONITOR,DOP_P_DEMO,MONITOR,SAU_USER_DAILY_QUERY_V,,X
VIEW,DOP_P_DEMO.MONITOR.SAU_USER_DAILY_QUERY_V,DOP_P_MONITOR_ADMIN,DOP_P_DEMO,MONITOR,SAU_USER_DAILY_QUERY_V,X+,
VIEW,DOP_P_DEMO.MONITOR.SAU_WH_DAILY_USAGE_V,_AC_R_DOP_P_DEMO_MONITOR,DOP_P_DEMO,MONITOR,SAU_WH_DAILY_USAGE_V,,X
VIEW,DOP_P_DEMO.MONITOR.SAU_WH_DAILY_USAGE_V,DOP_P_MONITOR_ADMIN,DOP_P_DEMO,MONITOR,SAU_WH_DAILY_USAGE_V,X+,
VIEW,SOP_P_DEMO.RBAC_GEN.CREATE_RL_V,_AC_R_SOP_P_DEMO_RBAC_GEN,SOP_P_DEMO,RBAC_GEN,CREATE_RL_V,,X
VIEW,SOP_P_DEMO.RBAC_GEN.CREATE_RL_V,SYSADMIN,SOP_P_DEMO,RBAC_GEN,CREATE_RL_V,X+,
VIEW,SOP_P_DEMO.RBAC_GEN.DB_SCH_AC_LIST_V,_AC_R_SOP_P_DEMO_RBAC_GEN,SOP_P_DEMO,RBAC_GEN,DB_SCH_AC_LIST_V,,X
VIEW,SOP_P_DEMO.RBAC_GEN.DB_SCH_AC_LIST_V,SYSADMIN,SOP_P_DEMO,RBAC_GEN,DB_SCH_AC_LIST_V,X+,
VIEW,SOP_P_DEMO.RBAC_GEN.FR_GRANT_MAP_V,_AC_R_SOP_P_DEMO_RBAC_GEN,SOP_P_DEMO,RBAC_GEN,FR_GRANT_MAP_V,,X
VIEW,SOP_P_DEMO.RBAC_GEN.FR_GRANT_MAP_V,SYSADMIN,SOP_P_DEMO,RBAC_GEN,FR_GRANT_MAP_V,X+,
VIEW,SOP_P_DEMO.RBAC_GEN.GRANT_PRIV_V,_AC_R_SOP_P_DEMO_RBAC_GEN,SOP_P_DEMO,RBAC_GEN,GRANT_PRIV_V,,X
VIEW,SOP_P_DEMO.RBAC_GEN.GRANT_PRIV_V,SYSADMIN,SOP_P_DEMO,RBAC_GEN,GRANT_PRIV_V,X+,
VIEW,SOP_P_DEMO.RBAC_GEN.MASTER_V,_AC_R_SOP_P_DEMO_RBAC_GEN,SOP_P_DEMO,RBAC_GEN,MASTER_V,,X
VIEW,SOP_P_DEMO.RBAC_GEN.MASTER_V,SYSADMIN,SOP_P_DEMO,RBAC_GEN,MASTER_V,X+,
VIEW,SOP_P_DEMO.RBAC_GEN.RL_HIER_V,_AC_R_SOP_P_DEMO_RBAC_GEN,SOP_P_DEMO,RBAC_GEN,RL_HIER_V,,X
VIEW,SOP_P_DEMO.RBAC_GEN.RL_HIER_V,SYSADMIN,SOP_P_DEMO,RBAC_GEN,RL_HIER_V,X+,
VIEW,SOP_P_DEMO.RBAC_GEN.WH_AC_LIST_V,_AC_R_SOP_P_DEMO_RBAC_GEN,SOP_P_DEMO,RBAC_GEN,WH_AC_LIST_V,,X
VIEW,SOP_P_DEMO.RBAC_GEN.WH_AC_LIST_V,SYSADMIN,SOP_P_DEMO,RBAC_GEN,WH_AC_LIST_V,X+,
VIEW,SOP_P_DEMO.RLS.RS_CUSTOMER_SV,_AC_R_SOP_P_DEMO_RLS,SOP_P_DEMO,RLS,RS_CUSTOMER_SV,,X
VIEW,SOP_P_DEMO.RLS.RS_CUSTOMER_SV,SOP_P_RLS_ADMIN,SOP_P_DEMO,RLS,RS_CUSTOMER_SV,X+,
VIEW,SOP_P_DEMO.RLS.RS_CUSTOMER_V,_AC_R_SOP_P_DEMO_RLS,SOP_P_DEMO,RLS,RS_CUSTOMER_V,,X
VIEW,SOP_P_DEMO.RLS.RS_CUSTOMER_V,SOP_P_RLS_ADMIN,SOP_P_DEMO,RLS,RS_CUSTOMER_V,X+,
VIEW,SOP_P_DEMO.RLS.RS_EMPLOYEE_V,_AC_R_SOP_P_DEMO_RLS,SOP_P_DEMO,RLS,RS_EMPLOYEE_V,,X
VIEW,SOP_P_DEMO.RLS.RS_EMPLOYEE_V,SOP_P_RLS_ADMIN,SOP_P_DEMO,RLS,RS_EMPLOYEE_V,X+,
VIEW,SOP_P_DEMO.RLS.RS_STATE_V,_AC_R_SOP_P_DEMO_RLS,SOP_P_DEMO,RLS,RS_STATE_V,,X
VIEW,SOP_P_DEMO.RLS.RS_STATE_V,SOP_P_RLS_ADMIN,SOP_P_DEMO,RLS,RS_STATE_V,X+,
