ObjectType,ObjectName,GrantedTo,DBName,SchemaName,EntityName,OWNERSHIP
USER,A.RAJOLAPESCARINI,OKTA_PROVISIONER,A,RAJOLAPESCARINI,RAJOLAPESCARINI,X+
USER,ABHITEJ.GOPIREDDY,OKTA_PROVISIONER,ABHITEJ,GOPIREDDY,GOPIREDDY,X+
USER,ADAM.CROSBY,OKTA_PROVISIONER,ADAM,CROSBY,CROSBY,X+
USER,ALBIE.KOTZE,OKTA_PROVISIONER,ALBIE,KOTZE,KOTZE,X+
USER,ALEXANDER.KHOKHLOV,OKTA_PROVISIONER,ALEXANDER,KHOKHLOV,KHOKHLOV,X+
USER,ALINA.ESQUIVEL,OKTA_PROVISIONER,ALINA,ESQUIVEL,ESQUIVEL,X+
USER,ALISTAIR.JAYNE-COUPE,OKTA_PROVISIONER,ALISTAIR,JAYNE-COUPE,JAYNE-COUPE,X+
USER,AMAR.AVULA,OKTA_PROVISIONER,AMAR,AVULA,AVULA,X+
USER,ANDRAS.FEHER,OKTA_PROVISIONER,ANDRAS,FEHER,FEHER,X+
USER,ANDREAS.LISKES,OKTA_PROVISIONER,ANDREAS,LISKES,LISKES,X+
USER,ANDREW.OH,OKTA_PROVISIONER,ANDREW,OH,OH,X+
USER,ANDY.BLANCO,OKTA_PROVISIONER,ANDY,BLANCO,BLANCO,X+
USER,ANNE.SIDARI,OKTA_PROVISIONER,ANNE,SIDARI,SIDARI,X+
USER,ANTHONY.FOOTE,OKTA_PROVISIONER,ANTHONY,FOOTE,FOOTE,X+
USER,ARIHANT.JAIN,OKTA_PROVISIONER,ARIHANT,JAIN,JAIN,X+
USER,ARINDAM.GUHA,OKTA_PROVISIONER,ARINDAM,GUHA,GUHA,X+
USER,ARUN.MUNIYANDI,OKTA_PROVISIONER,ARUN,MUNIYANDI,MUNIYANDI,X+
USER,AVINASH.SINGH,OKTA_PROVISIONER,AVINASH,SINGH,SINGH,X+
USER,BALA.SHANKAR,OKTA_PROVISIONER,BALA,SHANKAR,SHANKAR,X+
USER,BEN.STATON,OKTA_PROVISIONER,BEN,STATON,STATON,X+
USER,BENEDIKT.ENGEL,OKTA_PROVISIONER,BENEDIKT,ENGEL,ENGEL,X+
USER,BING.CHEN,OKTA_PROVISIONER,BING,CHEN,CHEN,X+
USER,BISHAM.HARAH,OKTA_PROVISIONER,BISHAM,HARAH,HARAH,X+
USER,BMORRISON_SKE,ACCOUNTADMIN,,,BMORRISON_SKE,X+
USER,BOB.MORRISON,OKTA_PROVISIONER,BOB,MORRISON,MORRISON,X+
USER,BRETT.BALOUN,OKTA_PROVISIONER,BRETT,BALOUN,BALOUN,X+
USER,BROOKE.BOWIE,OKTA_PROVISIONER,BROOKE,BOWIE,BOWIE,X+
USER,BRYAN.PLANTES,OKTA_PROVISIONER,BRYAN,PLANTES,PLANTES,X+
USER,C.BRETSCHNEIDER,OKTA_PROVISIONER,C,BRETSCHNEIDER,BRETSCHNEIDER,X+
USER,C.CHRISTOPHORIDIS,OKTA_PROVISIONER,C,CHRISTOPHORIDIS,CHRISTOPHORIDIS,X+
USER,CARL.MARTIN,OKTA_PROVISIONER,CARL,MARTIN,MARTIN,X+
USER,CARRIE.GOTT,OKTA_PROVISIONER,CARRIE,GOTT,GOTT,X+
USER,CATALIN.BOBARNAC,OKTA_PROVISIONER,CATALIN,BOBARNAC,BOBARNAC,X+
USER,CHASE.ROMANO,OKTA_PROVISIONER,CHASE,ROMANO,ROMANO,X+
USER,CHRISTIAN.BRAUN,OKTA_PROVISIONER,CHRISTIAN,BRAUN,BRAUN,X+
USER,CHUCK.DIEWALD,OKTA_PROVISIONER,CHUCK,DIEWALD,DIEWALD,X+
USER,COLLIN.CANNON,OKTA_PROVISIONER,COLLIN,CANNON,CANNON,X+
USER,CUONG.NGUYENTIEN,OKTA_PROVISIONER,CUONG,NGUYENTIEN,NGUYENTIEN,X+
USER,DAN.FLIPPO,OKTA_PROVISIONER,DAN,FLIPPO,FLIPPO,X+
USER,DANIEL.ODIEVICH,OKTA_PROVISIONER,DANIEL,ODIEVICH,ODIEVICH,X+
USER,DANIEL.SANDLER,OKTA_PROVISIONER,DANIEL,SANDLER,SANDLER,X+
USER,DANNY.BRYANT,OKTA_PROVISIONER,DANNY,BRYANT,BRYANT,X+
USER,DARIN.BRISKMAN,OKTA_PROVISIONER,DARIN,BRISKMAN,BRISKMAN,X+
USER,DAVID.TEPLOW,OKTA_PROVISIONER,DAVID,TEPLOW,TEPLOW,X+
USER,DELAN.DESILVA,OKTA_PROVISIONER,DELAN,DESILVA,DESILVA,X+
USER,DENNIS.PARTIN,OKTA_PROVISIONER,DENNIS,PARTIN,PARTIN,X+
USER,DEREK.CARLSON,OKTA_PROVISIONER,DEREK,CARLSON,CARLSON,X+
USER,DHARMENDRA.SHAVKANI,OKTA_PROVISIONER,DHARMENDRA,SHAVKANI,SHAVKANI,X+
USER,DONNA.ALCANTARA,OKTA_PROVISIONER,DONNA,ALCANTARA,ALCANTARA,X+
USER,DUSTY.MANGUM,OKTA_PROVISIONER,DUSTY,MANGUM,MANGUM,X+
USER,ELENA.GORYAINOVA,OKTA_PROVISIONER,ELENA,GORYAINOVA,GORYAINOVA,X+
USER,ERIC.BELL,OKTA_PROVISIONER,ERIC,BELL,BELL,X+
USER,ERIC.LETHIER,OKTA_PROVISIONER,ERIC,LETHIER,LETHIER,X+
USER,ERICK.ROESCH,OKTA_PROVISIONER,ERICK,ROESCH,ROESCH,X+
USER,ERIKA.BAKSE,OKTA_PROVISIONER,ERIKA,BAKSE,BAKSE,X+
USER,EROESCH_SKE,ACCOUNTADMIN,,,EROESCH_SKE,X+
USER,GAUTAM.BHAWSAR,OKTA_PROVISIONER,GAUTAM,BHAWSAR,BHAWSAR,X+
USER,GENE.FURIBONDO,OKTA_PROVISIONER,GENE,FURIBONDO,FURIBONDO,X+
USER,GINA.BLAND,OKTA_PROVISIONER,GINA,BLAND,BLAND,X+
USER,GINNY.WONG,OKTA_PROVISIONER,GINNY,WONG,WONG,X+
USER,GOVARDHAN.KATIREDDY,OKTA_PROVISIONER,GOVARDHAN,KATIREDDY,KATIREDDY,X+
USER,GREG.MARRON,OKTA_PROVISIONER,GREG,MARRON,MARRON,X+
USER,GREGORY.SITZMAN,OKTA_PROVISIONER,GREGORY,SITZMAN,SITZMAN,X+
USER,GURSOY.YERLI,OKTA_PROVISIONER,GURSOY,YERLI,YERLI,X+
USER,HARISH.PARAMESWARAN,OKTA_PROVISIONER,HARISH,PARAMESWARAN,PARAMESWARAN,X+
USER,HILDA.DAVIES,OKTA_PROVISIONER,HILDA,DAVIES,DAVIES,X+
USER,IAN.FICKLING,OKTA_PROVISIONER,IAN,FICKLING,FICKLING,X+
USER,IHOR.KARBOVSKYY,OKTA_PROVISIONER,IHOR,KARBOVSKYY,KARBOVSKYY,X+
USER,JAAKKO.LEVOMAKI,OKTA_PROVISIONER,JAAKKO,LEVOMAKI,LEVOMAKI,X+
USER,JACKIE.CHANDLER,OKTA_PROVISIONER,JACKIE,CHANDLER,CHANDLER,X+
USER,JAI.PARMAR,OKTA_PROVISIONER,JAI,PARMAR,PARMAR,X+
USER,JAMES.BRODY,OKTA_PROVISIONER,JAMES,BRODY,BRODY,X+
USER,JAMEY.PHILLIPS,OKTA_PROVISIONER,JAMEY,PHILLIPS,PHILLIPS,X+
USER,JASON.SNYDER,OKTA_PROVISIONER,JASON,SNYDER,SNYDER,X+
USER,JBRODY_SKE,ACCOUNTADMIN,,,JBRODY_SKE,X+
USER,JEDIDIAH.RAJBHUSHAN,OKTA_PROVISIONER,JEDIDIAH,RAJBHUSHAN,RAJBHUSHAN,X+
USER,JERRY.LOCKE,OKTA_PROVISIONER,JERRY,LOCKE,LOCKE,X+
USER,JIM.DEMITRIOU,OKTA_PROVISIONER,JIM,DEMITRIOU,DEMITRIOU,X+
USER,JOANNA.JOHNSTON,OKTA_PROVISIONER,JOANNA,JOHNSTON,JOHNSTON,X+
USER,JOHN.ADAMS,OKTA_PROVISIONER,JOHN,ADAMS,ADAMS,X+
USER,JOHN.DACOSTA,OKTA_PROVISIONER,JOHN,DACOSTA,DACOSTA,X+
USER,JOHN.RYAN,OKTA_PROVISIONER,JOHN,RYAN,RYAN,X+
USER,JOSHUA.SKARPHOL,OKTA_PROVISIONER,JOSHUA,SKARPHOL,SKARPHOL,X+
USER,JUSTINE.MCGONAGLE,OKTA_PROVISIONER,JUSTINE,MCGONAGLE,MCGONAGLE,X+
USER,KALA.GOVINDARAJAN,OKTA_PROVISIONER,KALA,GOVINDARAJAN,GOVINDARAJAN,X+
USER,KEITH.HOYLE,OKTA_PROVISIONER,KEITH,HOYLE,HOYLE,X+
USER,KEITH.SMITH,OKTA_PROVISIONER,KEITH,SMITH,SMITH,X+
USER,KETAN.JANI,OKTA_PROVISIONER,KETAN,JANI,JANI,X+
USER,KHALID.REHMAN,OKTA_PROVISIONER,KHALID,REHMAN,REHMAN,X+
USER,KIM.TE,OKTA_PROVISIONER,KIM,TE,TE,X+
USER,KISHORE.TATAVARTHI,OKTA_PROVISIONER,KISHORE,TATAVARTHI,TATAVARTHI,X+
USER,KUMARAN.RAGHUNATHAN,OKTA_PROVISIONER,KUMARAN,RAGHUNATHAN,RAGHUNATHAN,X+
USER,LISA.CARDER,OKTA_PROVISIONER,LISA,CARDER,CARDER,X+
USER,LYDIA.MANCINI,OKTA_PROVISIONER,LYDIA,MANCINI,MANCINI,X+
USER,MAGNUS.HOOK,OKTA_PROVISIONER,MAGNUS,HOOK,HOOK,X+
USER,MAHE.DURAISWAMI,OKTA_PROVISIONER,MAHE,DURAISWAMI,DURAISWAMI,X+
USER,MARC.HENDERSON,OKTA_PROVISIONER,MARC,HENDERSON,HENDERSON,X+
USER,MARCEL.MARRAS,OKTA_PROVISIONER,MARCEL,MARRAS,MARRAS,X+
USER,MARCIN.KULAKOWSKI,OKTA_PROVISIONER,MARCIN,KULAKOWSKI,KULAKOWSKI,X+
USER,MARION.BROWN,OKTA_PROVISIONER,MARION,BROWN,BROWN,X+
USER,MARK.MAYO,OKTA_PROVISIONER,MARK,MAYO,MAYO,X+
USER,MARTEN.PAULSSON,OKTA_PROVISIONER,MARTEN,PAULSSON,PAULSSON,X+
USER,MARTIN.BADROCK,OKTA_PROVISIONER,MARTIN,BADROCK,BADROCK,X+
USER,MATT.BRADY,OKTA_PROVISIONER,MATT,BRADY,BRADY,X+
USER,MATT.PROCTOR,OKTA_PROVISIONER,MATT,PROCTOR,PROCTOR,X+
USER,MATTHEW.KVANCZ,OKTA_PROVISIONER,MATTHEW,KVANCZ,KVANCZ,X+
USER,MATTHEW.STORA,OKTA_PROVISIONER,MATTHEW,STORA,STORA,X+
USER,MATTHEW.WIDEMAN,OKTA_PROVISIONER,MATTHEW,WIDEMAN,WIDEMAN,X+
USER,MAURICE.SAAH,OKTA_PROVISIONER,MAURICE,SAAH,SAAH,X+
USER,MEI.LEE,OKTA_PROVISIONER,MEI,LEE,LEE,X+
USER,MELINDA.WEBSTER,OKTA_PROVISIONER,MELINDA,WEBSTER,WEBSTER,X+
USER,MICHAEL.GOODMAN,OKTA_PROVISIONER,MICHAEL,GOODMAN,GOODMAN,X+
USER,MICHAEL.HENSON,OKTA_PROVISIONER,MICHAEL,HENSON,HENSON,X+
USER,MICHAEL.RAINEY,OKTA_PROVISIONER,MICHAEL,RAINEY,RAINEY,X+
USER,MICHAEL.VANFOSSEN,OKTA_PROVISIONER,MICHAEL,VANFOSSEN,VANFOSSEN,X+
USER,MICHAEL.WALTON,OKTA_PROVISIONER,MICHAEL,WALTON,WALTON,X+
USER,MIKE.DONOVAN,OKTA_PROVISIONER,MIKE,DONOVAN,DONOVAN,X+
USER,MIKE.GOHL,OKTA_PROVISIONER,MIKE,GOHL,GOHL,X+
USER,MIKHAIL.FERNANDEZ,OKTA_PROVISIONER,MIKHAIL,FERNANDEZ,FERNANDEZ,X+
USER,MINEAKI.MOTOHASHI,OKTA_PROVISIONER,MINEAKI,MOTOHASHI,MOTOHASHI,X+
USER,MRIDUL.JHUNJHUNWALA,OKTA_PROVISIONER,MRIDUL,JHUNJHUNWALA,JHUNJHUNWALA,X+
USER,MURALI.MADHUSUDANA,OKTA_PROVISIONER,MURALI,MADHUSUDANA,MADHUSUDANA,X+
USER,NAVEEN.CHINTHAPALLY,OKTA_PROVISIONER,NAVEEN,CHINTHAPALLY,CHINTHAPALLY,X+
USER,OMAR.AKIL,OKTA_PROVISIONER,OMAR,AKIL,AKIL,X+
USER,P.PURUSHOTHAMAN,OKTA_PROVISIONER,P,PURUSHOTHAMAN,PURUSHOTHAMAN,X+
USER,PARESH.ADHIA,OKTA_PROVISIONER,PARESH,ADHIA,ADHIA,X+
USER,PAUL.MARIC,OKTA_PROVISIONER,PAUL,MARIC,MARIC,X+
USER,PETER.CAULFIELD,OKTA_PROVISIONER,PETER,CAULFIELD,CAULFIELD,X+
USER,PETR.NEJTEK,OKTA_PROVISIONER,PETR,NEJTEK,NEJTEK,X+
USER,PHILIPPE.TORRES,OKTA_PROVISIONER,PHILIPPE,TORRES,TORRES,X+
USER,PRATEEK.PARASHAR,OKTA_PROVISIONER,PRATEEK,PARASHAR,PARASHAR,X+
USER,R.SREENIVASAN,OKTA_PROVISIONER,R,SREENIVASAN,SREENIVASAN,X+
USER,RADX.RADHAKRISHNAN,OKTA_PROVISIONER,RADX,RADHAKRISHNAN,RADHAKRISHNAN,X+
USER,RALPH.DREILICH,OKTA_PROVISIONER,RALPH,DREILICH,DREILICH,X+
USER,RAMAK.AFLATOONI,OKTA_PROVISIONER,RAMAK,AFLATOONI,AFLATOONI,X+
USER,RANDY.SEERDEN,OKTA_PROVISIONER,RANDY,SEERDEN,SEERDEN,X+
USER,RATHEESH.NELLIKAL,OKTA_PROVISIONER,RATHEESH,NELLIKAL,NELLIKAL,X+
USER,RAUL.GONZALEZ,OKTA_PROVISIONER,RAUL,GONZALEZ,GONZALEZ,X+
USER,RAVI.KRISHNASWAMI,OKTA_PROVISIONER,RAVI,KRISHNASWAMI,KRISHNASWAMI,X+
USER,REDA.BERRADA,OKTA_PROVISIONER,REDA,BERRADA,BERRADA,X+
USER,RICARDO.ALVAREZ,OKTA_PROVISIONER,RICARDO,ALVAREZ,ALVAREZ,X+
USER,RICHARD.MORWOOD,OKTA_PROVISIONER,RICHARD,MORWOOD,MORWOOD,X+
USER,RICHARD.MURNANE,OKTA_PROVISIONER,RICHARD,MURNANE,MURNANE,X+
USER,ROBERT.TRENKAMP,OKTA_PROVISIONER,ROBERT,TRENKAMP,TRENKAMP,X+
USER,RYAN.BARNES,OKTA_PROVISIONER,RYAN,BARNES,BARNES,X+
USER,SALVADOR.MARTINEZ,OKTA_PROVISIONER,SALVADOR,MARTINEZ,MARTINEZ,X+
USER,SAMIT.JAIN,OKTA_PROVISIONER,SAMIT,JAIN,JAIN,X+
USER,SANKEY.ALEXANDER,OKTA_PROVISIONER,SANKEY,ALEXANDER,ALEXANDER,X+
USER,SCOOMBES_SKE,ACCOUNTADMIN,,,SCOOMBES_SKE,X+
USER,SCOTT.REDDING,OKTA_PROVISIONER,SCOTT,REDDING,REDDING,X+
USER,SEAN.HICKEY,OKTA_PROVISIONER,SEAN,HICKEY,HICKEY,X+
USER,SHARVAN.KUMAR,OKTA_PROVISIONER,SHARVAN,KUMAR,KUMAR,X+
USER,SHAWN.RAMSEY,OKTA_PROVISIONER,SHAWN,RAMSEY,RAMSEY,X+
USER,SIMON.COOMBES,OKTA_PROVISIONER,SIMON,COOMBES,COOMBES,X+
USER,SUBHASH.BANDLA,OKTA_PROVISIONER,SUBHASH,BANDLA,BANDLA,X+
USER,SUNNY.MALIK,OKTA_PROVISIONER,SUNNY,MALIK,MALIK,X+
USER,SURAJ.RAJAN,OKTA_PROVISIONER,SURAJ,RAJAN,RAJAN,X+
USER,TED.BRACKIN,OKTA_PROVISIONER,TED,BRACKIN,BRACKIN,X+
USER,TED.READYHOUGH,OKTA_PROVISIONER,TED,READYHOUGH,READYHOUGH,X+
USER,THOMAS.CHURCHILL,OKTA_PROVISIONER,THOMAS,CHURCHILL,CHURCHILL,X+
USER,THOMAS.MOORE,OKTA_PROVISIONER,THOMAS,MOORE,MOORE,X+
USER,TIM.SALCH,OKTA_PROVISIONER,TIM,SALCH,SALCH,X+
USER,TRAVIS.STERNER,OKTA_PROVISIONER,TRAVIS,STERNER,STERNER,X+
USER,UDAY.KALATHIA,OKTA_PROVISIONER,UDAY,KALATHIA,KALATHIA,X+
USER,UWE.HALBAUER,OKTA_PROVISIONER,UWE,HALBAUER,HALBAUER,X+
USER,VINCENT.DELANY,OKTA_PROVISIONER,VINCENT,DELANY,DELANY,X+
USER,VIVEK.DIWADE,OKTA_PROVISIONER,VIVEK,DIWADE,DIWADE,X+
USER,WILL.RILEY,OKTA_PROVISIONER,WILL,RILEY,RILEY,X+
USER,WRAY.FUCCI,OKTA_PROVISIONER,WRAY,FUCCI,FUCCI,X+
USER,YANG.LIU,OKTA_PROVISIONER,YANG,LIU,LIU,X+
USER,ZACK.HOWE,OKTA_PROVISIONER,ZACK,HOWE,HOWE,X+
USER,ZHENG.LI,OKTA_PROVISIONER,ZHENG,LI,LI,X+
