ObjectType,ObjectName,GrantedTo,DBName,SchemaName,EntityName,OWNERSHIP,DELETE,INSERT,SELECT,TRUNCATE,UPDATE
TABLE,DOP_P_DEMO.MONITOR.ALRT_CHANNEL_D,_AC_R_DOP_P_DEMO_MONITOR,DOP_P_DEMO,MONITOR,ALRT_CHANNEL_D,,,,X,,
TABLE,DOP_P_DEMO.MONITOR.ALRT_CHANNEL_D,_AC_W_DOP_P_DEMO_MONITOR,DOP_P_DEMO,MONITOR,ALRT_CHANNEL_D,,X,X,,X,X
TABLE,DOP_P_DEMO.MONITOR.ALRT_CHANNEL_D,DOP_P_MONITOR_ADMIN,DOP_P_DEMO,MONITOR,ALRT_CHANNEL_D,X+,,,,,
TABLE,DOP_P_DEMO.MONITOR.ALRT_CHANNEL_PARAM_D,_AC_R_DOP_P_DEMO_MONITOR,DOP_P_DEMO,MONITOR,ALRT_CHANNEL_PARAM_D,,,,X,,
TABLE,DOP_P_DEMO.MONITOR.ALRT_CHANNEL_PARAM_D,_AC_W_DOP_P_DEMO_MONITOR,DOP_P_DEMO,MONITOR,ALRT_CHANNEL_PARAM_D,,X,X,,X,X
TABLE,DOP_P_DEMO.MONITOR.ALRT_CHANNEL_PARAM_D,DOP_P_MONITOR_ADMIN,DOP_P_DEMO,MONITOR,ALRT_CHANNEL_PARAM_D,X+,,,,,
TABLE,DOP_P_DEMO.MONITOR.ALRT_STEP_CHANNEL_D,_AC_R_DOP_P_DEMO_MONITOR,DOP_P_DEMO,MONITOR,ALRT_STEP_CHANNEL_D,,,,X,,
TABLE,DOP_P_DEMO.MONITOR.ALRT_STEP_CHANNEL_D,_AC_W_DOP_P_DEMO_MONITOR,DOP_P_DEMO,MONITOR,ALRT_STEP_CHANNEL_D,,X,X,,X,X
TABLE,DOP_P_DEMO.MONITOR.ALRT_STEP_CHANNEL_D,DOP_P_MONITOR_ADMIN,DOP_P_DEMO,MONITOR,ALRT_STEP_CHANNEL_D,X+,,,,,
TABLE,DOP_P_DEMO.MONITOR.MNTR_PACK_D,_AC_R_DOP_P_DEMO_MONITOR,DOP_P_DEMO,MONITOR,MNTR_PACK_D,,,,X,,
TABLE,DOP_P_DEMO.MONITOR.MNTR_PACK_D,_AC_W_DOP_P_DEMO_MONITOR,DOP_P_DEMO,MONITOR,MNTR_PACK_D,,X,X,,X,X
TABLE,DOP_P_DEMO.MONITOR.MNTR_PACK_D,DOP_P_MONITOR_ADMIN,DOP_P_DEMO,MONITOR,MNTR_PACK_D,X+,,,,,
TABLE,DOP_P_DEMO.MONITOR.MNTR_PACK_RUN_F,_AC_R_DOP_P_DEMO_MONITOR,DOP_P_DEMO,MONITOR,MNTR_PACK_RUN_F,,,,X,,
TABLE,DOP_P_DEMO.MONITOR.MNTR_PACK_RUN_F,_AC_W_DOP_P_DEMO_MONITOR,DOP_P_DEMO,MONITOR,MNTR_PACK_RUN_F,,X,X,,X,X
TABLE,DOP_P_DEMO.MONITOR.MNTR_PACK_RUN_F,DOP_P_MONITOR_ADMIN,DOP_P_DEMO,MONITOR,MNTR_PACK_RUN_F,X+,,,,,
TABLE,DOP_P_DEMO.MONITOR.MNTR_PACK_STEP_LOG_H,_AC_R_DOP_P_DEMO_MONITOR,DOP_P_DEMO,MONITOR,MNTR_PACK_STEP_LOG_H,,,,X,,
TABLE,DOP_P_DEMO.MONITOR.MNTR_PACK_STEP_LOG_H,_AC_W_DOP_P_DEMO_MONITOR,DOP_P_DEMO,MONITOR,MNTR_PACK_STEP_LOG_H,,X,X,,X,X
TABLE,DOP_P_DEMO.MONITOR.MNTR_PACK_STEP_LOG_H,DOP_P_MONITOR_ADMIN,DOP_P_DEMO,MONITOR,MNTR_PACK_STEP_LOG_H,X+,,,,,
TABLE,DOP_P_DEMO.MONITOR.MNTR_STEP_D,_AC_R_DOP_P_DEMO_MONITOR,DOP_P_DEMO,MONITOR,MNTR_STEP_D,,,,X,,
TABLE,DOP_P_DEMO.MONITOR.MNTR_STEP_D,_AC_W_DOP_P_DEMO_MONITOR,DOP_P_DEMO,MONITOR,MNTR_STEP_D,,X,X,,X,X
TABLE,DOP_P_DEMO.MONITOR.MNTR_STEP_D,DOP_P_MONITOR_ADMIN,DOP_P_DEMO,MONITOR,MNTR_STEP_D,X+,,,,,
TABLE,DOP_P_DEMO.MONITOR.MNTR_STEP_PARAM_D,_AC_R_DOP_P_DEMO_MONITOR,DOP_P_DEMO,MONITOR,MNTR_STEP_PARAM_D,,,,X,,
TABLE,DOP_P_DEMO.MONITOR.MNTR_STEP_PARAM_D,_AC_W_DOP_P_DEMO_MONITOR,DOP_P_DEMO,MONITOR,MNTR_STEP_PARAM_D,,X,X,,X,X
TABLE,DOP_P_DEMO.MONITOR.MNTR_STEP_PARAM_D,DOP_P_MONITOR_ADMIN,DOP_P_DEMO,MONITOR,MNTR_STEP_PARAM_D,X+,,,,,
TABLE,DOP_P_DEMO.MONITOR.MNTR_STEP_PARAM_H,_AC_R_DOP_P_DEMO_MONITOR,DOP_P_DEMO,MONITOR,MNTR_STEP_PARAM_H,,,,X,,
TABLE,DOP_P_DEMO.MONITOR.MNTR_STEP_PARAM_H,_AC_W_DOP_P_DEMO_MONITOR,DOP_P_DEMO,MONITOR,MNTR_STEP_PARAM_H,,X,X,,X,X
TABLE,DOP_P_DEMO.MONITOR.MNTR_STEP_PARAM_H,DOP_P_MONITOR_ADMIN,DOP_P_DEMO,MONITOR,MNTR_STEP_PARAM_H,X+,,,,,
TABLE,SNOWFLAKE_SAMPLE_DATA.TPCDS_SF100TCL.CALL_CENTER,ACCOUNTADMIN,SNOWFLAKE_SAMPLE_DATA,TPCDS_SF100TCL,CALL_CENTER,,,,X,,
TABLE,SNOWFLAKE_SAMPLE_DATA.TPCDS_SF100TCL.CALL_CENTER,PUBLIC,SNOWFLAKE_SAMPLE_DATA,TPCDS_SF100TCL,CALL_CENTER,,,,X,,
TABLE,SNOWFLAKE_SAMPLE_DATA.TPCDS_SF100TCL.CATALOG_PAGE,ACCOUNTADMIN,SNOWFLAKE_SAMPLE_DATA,TPCDS_SF100TCL,CATALOG_PAGE,,,,X,,
TABLE,SNOWFLAKE_SAMPLE_DATA.TPCDS_SF100TCL.CATALOG_PAGE,PUBLIC,SNOWFLAKE_SAMPLE_DATA,TPCDS_SF100TCL,CATALOG_PAGE,,,,X,,
TABLE,SNOWFLAKE_SAMPLE_DATA.TPCDS_SF100TCL.CATALOG_RETURNS,ACCOUNTADMIN,SNOWFLAKE_SAMPLE_DATA,TPCDS_SF100TCL,CATALOG_RETURNS,,,,X,,
TABLE,SNOWFLAKE_SAMPLE_DATA.TPCDS_SF100TCL.CATALOG_RETURNS,PUBLIC,SNOWFLAKE_SAMPLE_DATA,TPCDS_SF100TCL,CATALOG_RETURNS,,,,X,,
TABLE,SNOWFLAKE_SAMPLE_DATA.TPCDS_SF100TCL.CATALOG_SALES,ACCOUNTADMIN,SNOWFLAKE_SAMPLE_DATA,TPCDS_SF100TCL,CATALOG_SALES,,,,X,,
TABLE,SNOWFLAKE_SAMPLE_DATA.TPCDS_SF100TCL.CATALOG_SALES,PUBLIC,SNOWFLAKE_SAMPLE_DATA,TPCDS_SF100TCL,CATALOG_SALES,,,,X,,
TABLE,SNOWFLAKE_SAMPLE_DATA.TPCDS_SF100TCL.CUSTOMER,ACCOUNTADMIN,SNOWFLAKE_SAMPLE_DATA,TPCDS_SF100TCL,CUSTOMER,,,,X,,
TABLE,SNOWFLAKE_SAMPLE_DATA.TPCDS_SF100TCL.CUSTOMER,PUBLIC,SNOWFLAKE_SAMPLE_DATA,TPCDS_SF100TCL,CUSTOMER,,,,X,,
TABLE,SNOWFLAKE_SAMPLE_DATA.TPCDS_SF100TCL.CUSTOMER_ADDRESS,ACCOUNTADMIN,SNOWFLAKE_SAMPLE_DATA,TPCDS_SF100TCL,CUSTOMER_ADDRESS,,,,X,,
TABLE,SNOWFLAKE_SAMPLE_DATA.TPCDS_SF100TCL.CUSTOMER_ADDRESS,PUBLIC,SNOWFLAKE_SAMPLE_DATA,TPCDS_SF100TCL,CUSTOMER_ADDRESS,,,,X,,
TABLE,SNOWFLAKE_SAMPLE_DATA.TPCDS_SF100TCL.CUSTOMER_DEMOGRAPHICS,ACCOUNTADMIN,SNOWFLAKE_SAMPLE_DATA,TPCDS_SF100TCL,CUSTOMER_DEMOGRAPHICS,,,,X,,
TABLE,SNOWFLAKE_SAMPLE_DATA.TPCDS_SF100TCL.CUSTOMER_DEMOGRAPHICS,PUBLIC,SNOWFLAKE_SAMPLE_DATA,TPCDS_SF100TCL,CUSTOMER_DEMOGRAPHICS,,,,X,,
TABLE,SNOWFLAKE_SAMPLE_DATA.TPCDS_SF100TCL.DATE_DIM,ACCOUNTADMIN,SNOWFLAKE_SAMPLE_DATA,TPCDS_SF100TCL,DATE_DIM,,,,X,,
TABLE,SNOWFLAKE_SAMPLE_DATA.TPCDS_SF100TCL.DATE_DIM,PUBLIC,SNOWFLAKE_SAMPLE_DATA,TPCDS_SF100TCL,DATE_DIM,,,,X,,
TABLE,SNOWFLAKE_SAMPLE_DATA.TPCDS_SF100TCL.DBGEN_VERSION,ACCOUNTADMIN,SNOWFLAKE_SAMPLE_DATA,TPCDS_SF100TCL,DBGEN_VERSION,,,,X,,
TABLE,SNOWFLAKE_SAMPLE_DATA.TPCDS_SF100TCL.DBGEN_VERSION,PUBLIC,SNOWFLAKE_SAMPLE_DATA,TPCDS_SF100TCL,DBGEN_VERSION,,,,X,,
TABLE,SNOWFLAKE_SAMPLE_DATA.TPCDS_SF100TCL.HOUSEHOLD_DEMOGRAPHICS,ACCOUNTADMIN,SNOWFLAKE_SAMPLE_DATA,TPCDS_SF100TCL,HOUSEHOLD_DEMOGRAPHICS,,,,X,,
TABLE,SNOWFLAKE_SAMPLE_DATA.TPCDS_SF100TCL.HOUSEHOLD_DEMOGRAPHICS,PUBLIC,SNOWFLAKE_SAMPLE_DATA,TPCDS_SF100TCL,HOUSEHOLD_DEMOGRAPHICS,,,,X,,
TABLE,SNOWFLAKE_SAMPLE_DATA.TPCDS_SF100TCL.INCOME_BAND,ACCOUNTADMIN,SNOWFLAKE_SAMPLE_DATA,TPCDS_SF100TCL,INCOME_BAND,,,,X,,
TABLE,SNOWFLAKE_SAMPLE_DATA.TPCDS_SF100TCL.INCOME_BAND,PUBLIC,SNOWFLAKE_SAMPLE_DATA,TPCDS_SF100TCL,INCOME_BAND,,,,X,,
TABLE,SNOWFLAKE_SAMPLE_DATA.TPCDS_SF100TCL.INVENTORY,ACCOUNTADMIN,SNOWFLAKE_SAMPLE_DATA,TPCDS_SF100TCL,INVENTORY,,,,X,,
TABLE,SNOWFLAKE_SAMPLE_DATA.TPCDS_SF100TCL.INVENTORY,PUBLIC,SNOWFLAKE_SAMPLE_DATA,TPCDS_SF100TCL,INVENTORY,,,,X,,
TABLE,SNOWFLAKE_SAMPLE_DATA.TPCDS_SF100TCL.ITEM,ACCOUNTADMIN,SNOWFLAKE_SAMPLE_DATA,TPCDS_SF100TCL,ITEM,,,,X,,
TABLE,SNOWFLAKE_SAMPLE_DATA.TPCDS_SF100TCL.ITEM,PUBLIC,SNOWFLAKE_SAMPLE_DATA,TPCDS_SF100TCL,ITEM,,,,X,,
TABLE,SNOWFLAKE_SAMPLE_DATA.TPCDS_SF100TCL.PROMOTION,ACCOUNTADMIN,SNOWFLAKE_SAMPLE_DATA,TPCDS_SF100TCL,PROMOTION,,,,X,,
TABLE,SNOWFLAKE_SAMPLE_DATA.TPCDS_SF100TCL.PROMOTION,PUBLIC,SNOWFLAKE_SAMPLE_DATA,TPCDS_SF100TCL,PROMOTION,,,,X,,
TABLE,SNOWFLAKE_SAMPLE_DATA.TPCDS_SF100TCL.REASON,ACCOUNTADMIN,SNOWFLAKE_SAMPLE_DATA,TPCDS_SF100TCL,REASON,,,,X,,
TABLE,SNOWFLAKE_SAMPLE_DATA.TPCDS_SF100TCL.REASON,PUBLIC,SNOWFLAKE_SAMPLE_DATA,TPCDS_SF100TCL,REASON,,,,X,,
TABLE,SNOWFLAKE_SAMPLE_DATA.TPCDS_SF100TCL.SHIP_MODE,ACCOUNTADMIN,SNOWFLAKE_SAMPLE_DATA,TPCDS_SF100TCL,SHIP_MODE,,,,X,,
TABLE,SNOWFLAKE_SAMPLE_DATA.TPCDS_SF100TCL.SHIP_MODE,PUBLIC,SNOWFLAKE_SAMPLE_DATA,TPCDS_SF100TCL,SHIP_MODE,,,,X,,
TABLE,SNOWFLAKE_SAMPLE_DATA.TPCDS_SF100TCL.STORE,ACCOUNTADMIN,SNOWFLAKE_SAMPLE_DATA,TPCDS_SF100TCL,STORE,,,,X,,
TABLE,SNOWFLAKE_SAMPLE_DATA.TPCDS_SF100TCL.STORE,PUBLIC,SNOWFLAKE_SAMPLE_DATA,TPCDS_SF100TCL,STORE,,,,X,,
TABLE,SNOWFLAKE_SAMPLE_DATA.TPCDS_SF100TCL.STORE_RETURNS,ACCOUNTADMIN,SNOWFLAKE_SAMPLE_DATA,TPCDS_SF100TCL,STORE_RETURNS,,,,X,,
TABLE,SNOWFLAKE_SAMPLE_DATA.TPCDS_SF100TCL.STORE_RETURNS,PUBLIC,SNOWFLAKE_SAMPLE_DATA,TPCDS_SF100TCL,STORE_RETURNS,,,,X,,
TABLE,SNOWFLAKE_SAMPLE_DATA.TPCDS_SF100TCL.STORE_SALES,ACCOUNTADMIN,SNOWFLAKE_SAMPLE_DATA,TPCDS_SF100TCL,STORE_SALES,,,,X,,
TABLE,SNOWFLAKE_SAMPLE_DATA.TPCDS_SF100TCL.STORE_SALES,PUBLIC,SNOWFLAKE_SAMPLE_DATA,TPCDS_SF100TCL,STORE_SALES,,,,X,,
TABLE,SNOWFLAKE_SAMPLE_DATA.TPCDS_SF100TCL.TIME_DIM,ACCOUNTADMIN,SNOWFLAKE_SAMPLE_DATA,TPCDS_SF100TCL,TIME_DIM,,,,X,,
TABLE,SNOWFLAKE_SAMPLE_DATA.TPCDS_SF100TCL.TIME_DIM,PUBLIC,SNOWFLAKE_SAMPLE_DATA,TPCDS_SF100TCL,TIME_DIM,,,,X,,
TABLE,SNOWFLAKE_SAMPLE_DATA.TPCDS_SF100TCL.WAREHOUSE,ACCOUNTADMIN,SNOWFLAKE_SAMPLE_DATA,TPCDS_SF100TCL,WAREHOUSE,,,,X,,
TABLE,SNOWFLAKE_SAMPLE_DATA.TPCDS_SF100TCL.WAREHOUSE,PUBLIC,SNOWFLAKE_SAMPLE_DATA,TPCDS_SF100TCL,WAREHOUSE,,,,X,,
TABLE,SNOWFLAKE_SAMPLE_DATA.TPCDS_SF100TCL.WEB_PAGE,ACCOUNTADMIN,SNOWFLAKE_SAMPLE_DATA,TPCDS_SF100TCL,WEB_PAGE,,,,X,,
TABLE,SNOWFLAKE_SAMPLE_DATA.TPCDS_SF100TCL.WEB_PAGE,PUBLIC,SNOWFLAKE_SAMPLE_DATA,TPCDS_SF100TCL,WEB_PAGE,,,,X,,
TABLE,SNOWFLAKE_SAMPLE_DATA.TPCDS_SF100TCL.WEB_RETURNS,ACCOUNTADMIN,SNOWFLAKE_SAMPLE_DATA,TPCDS_SF100TCL,WEB_RETURNS,,,,X,,
TABLE,SNOWFLAKE_SAMPLE_DATA.TPCDS_SF100TCL.WEB_RETURNS,PUBLIC,SNOWFLAKE_SAMPLE_DATA,TPCDS_SF100TCL,WEB_RETURNS,,,,X,,
TABLE,SNOWFLAKE_SAMPLE_DATA.TPCDS_SF100TCL.WEB_SALES,ACCOUNTADMIN,SNOWFLAKE_SAMPLE_DATA,TPCDS_SF100TCL,WEB_SALES,,,,X,,
TABLE,SNOWFLAKE_SAMPLE_DATA.TPCDS_SF100TCL.WEB_SALES,PUBLIC,SNOWFLAKE_SAMPLE_DATA,TPCDS_SF100TCL,WEB_SALES,,,,X,,
TABLE,SNOWFLAKE_SAMPLE_DATA.TPCDS_SF100TCL.WEB_SITE,ACCOUNTADMIN,SNOWFLAKE_SAMPLE_DATA,TPCDS_SF100TCL,WEB_SITE,,,,X,,
TABLE,SNOWFLAKE_SAMPLE_DATA.TPCDS_SF100TCL.WEB_SITE,PUBLIC,SNOWFLAKE_SAMPLE_DATA,TPCDS_SF100TCL,WEB_SITE,,,,X,,
TABLE,SNOWFLAKE_SAMPLE_DATA.TPCDS_SF10TCL.CALL_CENTER,ACCOUNTADMIN,SNOWFLAKE_SAMPLE_DATA,TPCDS_SF10TCL,CALL_CENTER,,,,X,,
TABLE,SNOWFLAKE_SAMPLE_DATA.TPCDS_SF10TCL.CALL_CENTER,PUBLIC,SNOWFLAKE_SAMPLE_DATA,TPCDS_SF10TCL,CALL_CENTER,,,,X,,
TABLE,SNOWFLAKE_SAMPLE_DATA.TPCDS_SF10TCL.CATALOG_PAGE,ACCOUNTADMIN,SNOWFLAKE_SAMPLE_DATA,TPCDS_SF10TCL,CATALOG_PAGE,,,,X,,
TABLE,SNOWFLAKE_SAMPLE_DATA.TPCDS_SF10TCL.CATALOG_PAGE,PUBLIC,SNOWFLAKE_SAMPLE_DATA,TPCDS_SF10TCL,CATALOG_PAGE,,,,X,,
TABLE,SNOWFLAKE_SAMPLE_DATA.TPCDS_SF10TCL.CATALOG_RETURNS,ACCOUNTADMIN,SNOWFLAKE_SAMPLE_DATA,TPCDS_SF10TCL,CATALOG_RETURNS,,,,X,,
TABLE,SNOWFLAKE_SAMPLE_DATA.TPCDS_SF10TCL.CATALOG_RETURNS,PUBLIC,SNOWFLAKE_SAMPLE_DATA,TPCDS_SF10TCL,CATALOG_RETURNS,,,,X,,
TABLE,SNOWFLAKE_SAMPLE_DATA.TPCDS_SF10TCL.CATALOG_SALES,ACCOUNTADMIN,SNOWFLAKE_SAMPLE_DATA,TPCDS_SF10TCL,CATALOG_SALES,,,,X,,
TABLE,SNOWFLAKE_SAMPLE_DATA.TPCDS_SF10TCL.CATALOG_SALES,PUBLIC,SNOWFLAKE_SAMPLE_DATA,TPCDS_SF10TCL,CATALOG_SALES,,,,X,,
TABLE,SNOWFLAKE_SAMPLE_DATA.TPCDS_SF10TCL.CUSTOMER,ACCOUNTADMIN,SNOWFLAKE_SAMPLE_DATA,TPCDS_SF10TCL,CUSTOMER,,,,X,,
TABLE,SNOWFLAKE_SAMPLE_DATA.TPCDS_SF10TCL.CUSTOMER,PUBLIC,SNOWFLAKE_SAMPLE_DATA,TPCDS_SF10TCL,CUSTOMER,,,,X,,
TABLE,SNOWFLAKE_SAMPLE_DATA.TPCDS_SF10TCL.CUSTOMER_ADDRESS,ACCOUNTADMIN,SNOWFLAKE_SAMPLE_DATA,TPCDS_SF10TCL,CUSTOMER_ADDRESS,,,,X,,
TABLE,SNOWFLAKE_SAMPLE_DATA.TPCDS_SF10TCL.CUSTOMER_ADDRESS,PUBLIC,SNOWFLAKE_SAMPLE_DATA,TPCDS_SF10TCL,CUSTOMER_ADDRESS,,,,X,,
TABLE,SNOWFLAKE_SAMPLE_DATA.TPCDS_SF10TCL.CUSTOMER_DEMOGRAPHICS,ACCOUNTADMIN,SNOWFLAKE_SAMPLE_DATA,TPCDS_SF10TCL,CUSTOMER_DEMOGRAPHICS,,,,X,,
TABLE,SNOWFLAKE_SAMPLE_DATA.TPCDS_SF10TCL.CUSTOMER_DEMOGRAPHICS,PUBLIC,SNOWFLAKE_SAMPLE_DATA,TPCDS_SF10TCL,CUSTOMER_DEMOGRAPHICS,,,,X,,
TABLE,SNOWFLAKE_SAMPLE_DATA.TPCDS_SF10TCL.DATE_DIM,ACCOUNTADMIN,SNOWFLAKE_SAMPLE_DATA,TPCDS_SF10TCL,DATE_DIM,,,,X,,
TABLE,SNOWFLAKE_SAMPLE_DATA.TPCDS_SF10TCL.DATE_DIM,PUBLIC,SNOWFLAKE_SAMPLE_DATA,TPCDS_SF10TCL,DATE_DIM,,,,X,,
TABLE,SNOWFLAKE_SAMPLE_DATA.TPCDS_SF10TCL.DBGEN_VERSION,ACCOUNTADMIN,SNOWFLAKE_SAMPLE_DATA,TPCDS_SF10TCL,DBGEN_VERSION,,,,X,,
TABLE,SNOWFLAKE_SAMPLE_DATA.TPCDS_SF10TCL.DBGEN_VERSION,PUBLIC,SNOWFLAKE_SAMPLE_DATA,TPCDS_SF10TCL,DBGEN_VERSION,,,,X,,
TABLE,SNOWFLAKE_SAMPLE_DATA.TPCDS_SF10TCL.HOUSEHOLD_DEMOGRAPHICS,ACCOUNTADMIN,SNOWFLAKE_SAMPLE_DATA,TPCDS_SF10TCL,HOUSEHOLD_DEMOGRAPHICS,,,,X,,
TABLE,SNOWFLAKE_SAMPLE_DATA.TPCDS_SF10TCL.HOUSEHOLD_DEMOGRAPHICS,PUBLIC,SNOWFLAKE_SAMPLE_DATA,TPCDS_SF10TCL,HOUSEHOLD_DEMOGRAPHICS,,,,X,,
TABLE,SNOWFLAKE_SAMPLE_DATA.TPCDS_SF10TCL.INCOME_BAND,ACCOUNTADMIN,SNOWFLAKE_SAMPLE_DATA,TPCDS_SF10TCL,INCOME_BAND,,,,X,,
TABLE,SNOWFLAKE_SAMPLE_DATA.TPCDS_SF10TCL.INCOME_BAND,PUBLIC,SNOWFLAKE_SAMPLE_DATA,TPCDS_SF10TCL,INCOME_BAND,,,,X,,
TABLE,SNOWFLAKE_SAMPLE_DATA.TPCDS_SF10TCL.INVENTORY,ACCOUNTADMIN,SNOWFLAKE_SAMPLE_DATA,TPCDS_SF10TCL,INVENTORY,,,,X,,
TABLE,SNOWFLAKE_SAMPLE_DATA.TPCDS_SF10TCL.INVENTORY,PUBLIC,SNOWFLAKE_SAMPLE_DATA,TPCDS_SF10TCL,INVENTORY,,,,X,,
TABLE,SNOWFLAKE_SAMPLE_DATA.TPCDS_SF10TCL.ITEM,ACCOUNTADMIN,SNOWFLAKE_SAMPLE_DATA,TPCDS_SF10TCL,ITEM,,,,X,,
TABLE,SNOWFLAKE_SAMPLE_DATA.TPCDS_SF10TCL.ITEM,PUBLIC,SNOWFLAKE_SAMPLE_DATA,TPCDS_SF10TCL,ITEM,,,,X,,
TABLE,SNOWFLAKE_SAMPLE_DATA.TPCDS_SF10TCL.PROMOTION,ACCOUNTADMIN,SNOWFLAKE_SAMPLE_DATA,TPCDS_SF10TCL,PROMOTION,,,,X,,
TABLE,SNOWFLAKE_SAMPLE_DATA.TPCDS_SF10TCL.PROMOTION,PUBLIC,SNOWFLAKE_SAMPLE_DATA,TPCDS_SF10TCL,PROMOTION,,,,X,,
TABLE,SNOWFLAKE_SAMPLE_DATA.TPCDS_SF10TCL.REASON,ACCOUNTADMIN,SNOWFLAKE_SAMPLE_DATA,TPCDS_SF10TCL,REASON,,,,X,,
TABLE,SNOWFLAKE_SAMPLE_DATA.TPCDS_SF10TCL.REASON,PUBLIC,SNOWFLAKE_SAMPLE_DATA,TPCDS_SF10TCL,REASON,,,,X,,
TABLE,SNOWFLAKE_SAMPLE_DATA.TPCDS_SF10TCL.SHIP_MODE,ACCOUNTADMIN,SNOWFLAKE_SAMPLE_DATA,TPCDS_SF10TCL,SHIP_MODE,,,,X,,
TABLE,SNOWFLAKE_SAMPLE_DATA.TPCDS_SF10TCL.SHIP_MODE,PUBLIC,SNOWFLAKE_SAMPLE_DATA,TPCDS_SF10TCL,SHIP_MODE,,,,X,,
TABLE,SNOWFLAKE_SAMPLE_DATA.TPCDS_SF10TCL.STORE,ACCOUNTADMIN,SNOWFLAKE_SAMPLE_DATA,TPCDS_SF10TCL,STORE,,,,X,,
TABLE,SNOWFLAKE_SAMPLE_DATA.TPCDS_SF10TCL.STORE,PUBLIC,SNOWFLAKE_SAMPLE_DATA,TPCDS_SF10TCL,STORE,,,,X,,
TABLE,SNOWFLAKE_SAMPLE_DATA.TPCDS_SF10TCL.STORE_RETURNS,ACCOUNTADMIN,SNOWFLAKE_SAMPLE_DATA,TPCDS_SF10TCL,STORE_RETURNS,,,,X,,
TABLE,SNOWFLAKE_SAMPLE_DATA.TPCDS_SF10TCL.STORE_RETURNS,PUBLIC,SNOWFLAKE_SAMPLE_DATA,TPCDS_SF10TCL,STORE_RETURNS,,,,X,,
TABLE,SNOWFLAKE_SAMPLE_DATA.TPCDS_SF10TCL.STORE_SALES,ACCOUNTADMIN,SNOWFLAKE_SAMPLE_DATA,TPCDS_SF10TCL,STORE_SALES,,,,X,,
TABLE,SNOWFLAKE_SAMPLE_DATA.TPCDS_SF10TCL.STORE_SALES,PUBLIC,SNOWFLAKE_SAMPLE_DATA,TPCDS_SF10TCL,STORE_SALES,,,,X,,
TABLE,SNOWFLAKE_SAMPLE_DATA.TPCDS_SF10TCL.TIME_DIM,ACCOUNTADMIN,SNOWFLAKE_SAMPLE_DATA,TPCDS_SF10TCL,TIME_DIM,,,,X,,
TABLE,SNOWFLAKE_SAMPLE_DATA.TPCDS_SF10TCL.TIME_DIM,PUBLIC,SNOWFLAKE_SAMPLE_DATA,TPCDS_SF10TCL,TIME_DIM,,,,X,,
TABLE,SNOWFLAKE_SAMPLE_DATA.TPCDS_SF10TCL.WAREHOUSE,ACCOUNTADMIN,SNOWFLAKE_SAMPLE_DATA,TPCDS_SF10TCL,WAREHOUSE,,,,X,,
TABLE,SNOWFLAKE_SAMPLE_DATA.TPCDS_SF10TCL.WAREHOUSE,PUBLIC,SNOWFLAKE_SAMPLE_DATA,TPCDS_SF10TCL,WAREHOUSE,,,,X,,
TABLE,SNOWFLAKE_SAMPLE_DATA.TPCDS_SF10TCL.WEB_PAGE,ACCOUNTADMIN,SNOWFLAKE_SAMPLE_DATA,TPCDS_SF10TCL,WEB_PAGE,,,,X,,
TABLE,SNOWFLAKE_SAMPLE_DATA.TPCDS_SF10TCL.WEB_PAGE,PUBLIC,SNOWFLAKE_SAMPLE_DATA,TPCDS_SF10TCL,WEB_PAGE,,,,X,,
TABLE,SNOWFLAKE_SAMPLE_DATA.TPCDS_SF10TCL.WEB_RETURNS,ACCOUNTADMIN,SNOWFLAKE_SAMPLE_DATA,TPCDS_SF10TCL,WEB_RETURNS,,,,X,,
TABLE,SNOWFLAKE_SAMPLE_DATA.TPCDS_SF10TCL.WEB_RETURNS,PUBLIC,SNOWFLAKE_SAMPLE_DATA,TPCDS_SF10TCL,WEB_RETURNS,,,,X,,
TABLE,SNOWFLAKE_SAMPLE_DATA.TPCDS_SF10TCL.WEB_SALES,ACCOUNTADMIN,SNOWFLAKE_SAMPLE_DATA,TPCDS_SF10TCL,WEB_SALES,,,,X,,
TABLE,SNOWFLAKE_SAMPLE_DATA.TPCDS_SF10TCL.WEB_SALES,PUBLIC,SNOWFLAKE_SAMPLE_DATA,TPCDS_SF10TCL,WEB_SALES,,,,X,,
TABLE,SNOWFLAKE_SAMPLE_DATA.TPCDS_SF10TCL.WEB_SITE,ACCOUNTADMIN,SNOWFLAKE_SAMPLE_DATA,TPCDS_SF10TCL,WEB_SITE,,,,X,,
TABLE,SNOWFLAKE_SAMPLE_DATA.TPCDS_SF10TCL.WEB_SITE,PUBLIC,SNOWFLAKE_SAMPLE_DATA,TPCDS_SF10TCL,WEB_SITE,,,,X,,
TABLE,SNOWFLAKE_SAMPLE_DATA.TPCH_SF001.CUSTOMER,ACCOUNTADMIN,SNOWFLAKE_SAMPLE_DATA,TPCH_SF001,CUSTOMER,,,,X,,
TABLE,SNOWFLAKE_SAMPLE_DATA.TPCH_SF001.CUSTOMER,PUBLIC,SNOWFLAKE_SAMPLE_DATA,TPCH_SF001,CUSTOMER,,,,X,,
TABLE,SNOWFLAKE_SAMPLE_DATA.TPCH_SF001.JCUSTOMER,ACCOUNTADMIN,SNOWFLAKE_SAMPLE_DATA,TPCH_SF001,JCUSTOMER,,,,X,,
TABLE,SNOWFLAKE_SAMPLE_DATA.TPCH_SF001.JCUSTOMER,PUBLIC,SNOWFLAKE_SAMPLE_DATA,TPCH_SF001,JCUSTOMER,,,,X,,
TABLE,SNOWFLAKE_SAMPLE_DATA.TPCH_SF001.JLINEITEM,ACCOUNTADMIN,SNOWFLAKE_SAMPLE_DATA,TPCH_SF001,JLINEITEM,,,,X,,
TABLE,SNOWFLAKE_SAMPLE_DATA.TPCH_SF001.JLINEITEM,PUBLIC,SNOWFLAKE_SAMPLE_DATA,TPCH_SF001,JLINEITEM,,,,X,,
TABLE,SNOWFLAKE_SAMPLE_DATA.TPCH_SF001.JNATION,ACCOUNTADMIN,SNOWFLAKE_SAMPLE_DATA,TPCH_SF001,JNATION,,,,X,,
TABLE,SNOWFLAKE_SAMPLE_DATA.TPCH_SF001.JNATION,PUBLIC,SNOWFLAKE_SAMPLE_DATA,TPCH_SF001,JNATION,,,,X,,
TABLE,SNOWFLAKE_SAMPLE_DATA.TPCH_SF001.JORDERS,ACCOUNTADMIN,SNOWFLAKE_SAMPLE_DATA,TPCH_SF001,JORDERS,,,,X,,
TABLE,SNOWFLAKE_SAMPLE_DATA.TPCH_SF001.JORDERS,PUBLIC,SNOWFLAKE_SAMPLE_DATA,TPCH_SF001,JORDERS,,,,X,,
TABLE,SNOWFLAKE_SAMPLE_DATA.TPCH_SF001.JPART,ACCOUNTADMIN,SNOWFLAKE_SAMPLE_DATA,TPCH_SF001,JPART,,,,X,,
TABLE,SNOWFLAKE_SAMPLE_DATA.TPCH_SF001.JPART,PUBLIC,SNOWFLAKE_SAMPLE_DATA,TPCH_SF001,JPART,,,,X,,
TABLE,SNOWFLAKE_SAMPLE_DATA.TPCH_SF001.JPARTSUPP,ACCOUNTADMIN,SNOWFLAKE_SAMPLE_DATA,TPCH_SF001,JPARTSUPP,,,,X,,
TABLE,SNOWFLAKE_SAMPLE_DATA.TPCH_SF001.JPARTSUPP,PUBLIC,SNOWFLAKE_SAMPLE_DATA,TPCH_SF001,JPARTSUPP,,,,X,,
TABLE,SNOWFLAKE_SAMPLE_DATA.TPCH_SF001.JREGION,ACCOUNTADMIN,SNOWFLAKE_SAMPLE_DATA,TPCH_SF001,JREGION,,,,X,,
TABLE,SNOWFLAKE_SAMPLE_DATA.TPCH_SF001.JREGION,PUBLIC,SNOWFLAKE_SAMPLE_DATA,TPCH_SF001,JREGION,,,,X,,
TABLE,SNOWFLAKE_SAMPLE_DATA.TPCH_SF001.JSUPPLIER,ACCOUNTADMIN,SNOWFLAKE_SAMPLE_DATA,TPCH_SF001,JSUPPLIER,,,,X,,
TABLE,SNOWFLAKE_SAMPLE_DATA.TPCH_SF001.JSUPPLIER,PUBLIC,SNOWFLAKE_SAMPLE_DATA,TPCH_SF001,JSUPPLIER,,,,X,,
TABLE,SNOWFLAKE_SAMPLE_DATA.TPCH_SF001.LINEITEM,ACCOUNTADMIN,SNOWFLAKE_SAMPLE_DATA,TPCH_SF001,LINEITEM,,,,X,,
TABLE,SNOWFLAKE_SAMPLE_DATA.TPCH_SF001.LINEITEM,PUBLIC,SNOWFLAKE_SAMPLE_DATA,TPCH_SF001,LINEITEM,,,,X,,
TABLE,SNOWFLAKE_SAMPLE_DATA.TPCH_SF001.NATION,ACCOUNTADMIN,SNOWFLAKE_SAMPLE_DATA,TPCH_SF001,NATION,,,,X,,
TABLE,SNOWFLAKE_SAMPLE_DATA.TPCH_SF001.NATION,PUBLIC,SNOWFLAKE_SAMPLE_DATA,TPCH_SF001,NATION,,,,X,,
TABLE,SNOWFLAKE_SAMPLE_DATA.TPCH_SF001.ORDERS,ACCOUNTADMIN,SNOWFLAKE_SAMPLE_DATA,TPCH_SF001,ORDERS,,,,X,,
TABLE,SNOWFLAKE_SAMPLE_DATA.TPCH_SF001.ORDERS,PUBLIC,SNOWFLAKE_SAMPLE_DATA,TPCH_SF001,ORDERS,,,,X,,
TABLE,SNOWFLAKE_SAMPLE_DATA.TPCH_SF001.PART,ACCOUNTADMIN,SNOWFLAKE_SAMPLE_DATA,TPCH_SF001,PART,,,,X,,
TABLE,SNOWFLAKE_SAMPLE_DATA.TPCH_SF001.PART,PUBLIC,SNOWFLAKE_SAMPLE_DATA,TPCH_SF001,PART,,,,X,,
TABLE,SNOWFLAKE_SAMPLE_DATA.TPCH_SF001.PARTSUPP,ACCOUNTADMIN,SNOWFLAKE_SAMPLE_DATA,TPCH_SF001,PARTSUPP,,,,X,,
TABLE,SNOWFLAKE_SAMPLE_DATA.TPCH_SF001.PARTSUPP,PUBLIC,SNOWFLAKE_SAMPLE_DATA,TPCH_SF001,PARTSUPP,,,,X,,
TABLE,SNOWFLAKE_SAMPLE_DATA.TPCH_SF001.REGION,ACCOUNTADMIN,SNOWFLAKE_SAMPLE_DATA,TPCH_SF001,REGION,,,,X,,
TABLE,SNOWFLAKE_SAMPLE_DATA.TPCH_SF001.REGION,PUBLIC,SNOWFLAKE_SAMPLE_DATA,TPCH_SF001,REGION,,,,X,,
TABLE,SNOWFLAKE_SAMPLE_DATA.TPCH_SF001.SUPPLIER,ACCOUNTADMIN,SNOWFLAKE_SAMPLE_DATA,TPCH_SF001,SUPPLIER,,,,X,,
TABLE,SNOWFLAKE_SAMPLE_DATA.TPCH_SF001.SUPPLIER,PUBLIC,SNOWFLAKE_SAMPLE_DATA,TPCH_SF001,SUPPLIER,,,,X,,
TABLE,SNOWFLAKE_SAMPLE_DATA.TPCH_SF1.CUSTOMER,ACCOUNTADMIN,SNOWFLAKE_SAMPLE_DATA,TPCH_SF1,CUSTOMER,,,,X,,
TABLE,SNOWFLAKE_SAMPLE_DATA.TPCH_SF1.CUSTOMER,PUBLIC,SNOWFLAKE_SAMPLE_DATA,TPCH_SF1,CUSTOMER,,,,X,,
TABLE,SNOWFLAKE_SAMPLE_DATA.TPCH_SF1.JCUSTOMER,ACCOUNTADMIN,SNOWFLAKE_SAMPLE_DATA,TPCH_SF1,JCUSTOMER,,,,X,,
TABLE,SNOWFLAKE_SAMPLE_DATA.TPCH_SF1.JCUSTOMER,PUBLIC,SNOWFLAKE_SAMPLE_DATA,TPCH_SF1,JCUSTOMER,,,,X,,
TABLE,SNOWFLAKE_SAMPLE_DATA.TPCH_SF1.JLINEITEM,ACCOUNTADMIN,SNOWFLAKE_SAMPLE_DATA,TPCH_SF1,JLINEITEM,,,,X,,
TABLE,SNOWFLAKE_SAMPLE_DATA.TPCH_SF1.JLINEITEM,PUBLIC,SNOWFLAKE_SAMPLE_DATA,TPCH_SF1,JLINEITEM,,,,X,,
TABLE,SNOWFLAKE_SAMPLE_DATA.TPCH_SF1.JNATION,ACCOUNTADMIN,SNOWFLAKE_SAMPLE_DATA,TPCH_SF1,JNATION,,,,X,,
TABLE,SNOWFLAKE_SAMPLE_DATA.TPCH_SF1.JNATION,PUBLIC,SNOWFLAKE_SAMPLE_DATA,TPCH_SF1,JNATION,,,,X,,
TABLE,SNOWFLAKE_SAMPLE_DATA.TPCH_SF1.JORDERS,ACCOUNTADMIN,SNOWFLAKE_SAMPLE_DATA,TPCH_SF1,JORDERS,,,,X,,
TABLE,SNOWFLAKE_SAMPLE_DATA.TPCH_SF1.JORDERS,PUBLIC,SNOWFLAKE_SAMPLE_DATA,TPCH_SF1,JORDERS,,,,X,,
TABLE,SNOWFLAKE_SAMPLE_DATA.TPCH_SF1.JPART,ACCOUNTADMIN,SNOWFLAKE_SAMPLE_DATA,TPCH_SF1,JPART,,,,X,,
TABLE,SNOWFLAKE_SAMPLE_DATA.TPCH_SF1.JPART,PUBLIC,SNOWFLAKE_SAMPLE_DATA,TPCH_SF1,JPART,,,,X,,
TABLE,SNOWFLAKE_SAMPLE_DATA.TPCH_SF1.JPARTSUPP,ACCOUNTADMIN,SNOWFLAKE_SAMPLE_DATA,TPCH_SF1,JPARTSUPP,,,,X,,
TABLE,SNOWFLAKE_SAMPLE_DATA.TPCH_SF1.JPARTSUPP,PUBLIC,SNOWFLAKE_SAMPLE_DATA,TPCH_SF1,JPARTSUPP,,,,X,,
TABLE,SNOWFLAKE_SAMPLE_DATA.TPCH_SF1.JREGION,ACCOUNTADMIN,SNOWFLAKE_SAMPLE_DATA,TPCH_SF1,JREGION,,,,X,,
TABLE,SNOWFLAKE_SAMPLE_DATA.TPCH_SF1.JREGION,PUBLIC,SNOWFLAKE_SAMPLE_DATA,TPCH_SF1,JREGION,,,,X,,
TABLE,SNOWFLAKE_SAMPLE_DATA.TPCH_SF1.JSUPPLIER,ACCOUNTADMIN,SNOWFLAKE_SAMPLE_DATA,TPCH_SF1,JSUPPLIER,,,,X,,
TABLE,SNOWFLAKE_SAMPLE_DATA.TPCH_SF1.JSUPPLIER,PUBLIC,SNOWFLAKE_SAMPLE_DATA,TPCH_SF1,JSUPPLIER,,,,X,,
TABLE,SNOWFLAKE_SAMPLE_DATA.TPCH_SF1.LINEITEM,ACCOUNTADMIN,SNOWFLAKE_SAMPLE_DATA,TPCH_SF1,LINEITEM,,,,X,,
TABLE,SNOWFLAKE_SAMPLE_DATA.TPCH_SF1.LINEITEM,PUBLIC,SNOWFLAKE_SAMPLE_DATA,TPCH_SF1,LINEITEM,,,,X,,
TABLE,SNOWFLAKE_SAMPLE_DATA.TPCH_SF1.NATION,ACCOUNTADMIN,SNOWFLAKE_SAMPLE_DATA,TPCH_SF1,NATION,,,,X,,
TABLE,SNOWFLAKE_SAMPLE_DATA.TPCH_SF1.NATION,PUBLIC,SNOWFLAKE_SAMPLE_DATA,TPCH_SF1,NATION,,,,X,,
TABLE,SNOWFLAKE_SAMPLE_DATA.TPCH_SF1.ORDERS,ACCOUNTADMIN,SNOWFLAKE_SAMPLE_DATA,TPCH_SF1,ORDERS,,,,X,,
TABLE,SNOWFLAKE_SAMPLE_DATA.TPCH_SF1.ORDERS,PUBLIC,SNOWFLAKE_SAMPLE_DATA,TPCH_SF1,ORDERS,,,,X,,
TABLE,SNOWFLAKE_SAMPLE_DATA.TPCH_SF1.PART,ACCOUNTADMIN,SNOWFLAKE_SAMPLE_DATA,TPCH_SF1,PART,,,,X,,
TABLE,SNOWFLAKE_SAMPLE_DATA.TPCH_SF1.PART,PUBLIC,SNOWFLAKE_SAMPLE_DATA,TPCH_SF1,PART,,,,X,,
TABLE,SNOWFLAKE_SAMPLE_DATA.TPCH_SF1.PARTSUPP,ACCOUNTADMIN,SNOWFLAKE_SAMPLE_DATA,TPCH_SF1,PARTSUPP,,,,X,,
TABLE,SNOWFLAKE_SAMPLE_DATA.TPCH_SF1.PARTSUPP,PUBLIC,SNOWFLAKE_SAMPLE_DATA,TPCH_SF1,PARTSUPP,,,,X,,
TABLE,SNOWFLAKE_SAMPLE_DATA.TPCH_SF1.REGION,ACCOUNTADMIN,SNOWFLAKE_SAMPLE_DATA,TPCH_SF1,REGION,,,,X,,
TABLE,SNOWFLAKE_SAMPLE_DATA.TPCH_SF1.REGION,PUBLIC,SNOWFLAKE_SAMPLE_DATA,TPCH_SF1,REGION,,,,X,,
TABLE,SNOWFLAKE_SAMPLE_DATA.TPCH_SF1.SUPPLIER,ACCOUNTADMIN,SNOWFLAKE_SAMPLE_DATA,TPCH_SF1,SUPPLIER,,,,X,,
TABLE,SNOWFLAKE_SAMPLE_DATA.TPCH_SF1.SUPPLIER,PUBLIC,SNOWFLAKE_SAMPLE_DATA,TPCH_SF1,SUPPLIER,,,,X,,
TABLE,SNOWFLAKE_SAMPLE_DATA.TPCH_SF10.CUSTOMER,ACCOUNTADMIN,SNOWFLAKE_SAMPLE_DATA,TPCH_SF10,CUSTOMER,,,,X,,
TABLE,SNOWFLAKE_SAMPLE_DATA.TPCH_SF10.CUSTOMER,PUBLIC,SNOWFLAKE_SAMPLE_DATA,TPCH_SF10,CUSTOMER,,,,X,,
TABLE,SNOWFLAKE_SAMPLE_DATA.TPCH_SF10.JCUSTOMER,ACCOUNTADMIN,SNOWFLAKE_SAMPLE_DATA,TPCH_SF10,JCUSTOMER,,,,X,,
TABLE,SNOWFLAKE_SAMPLE_DATA.TPCH_SF10.JCUSTOMER,PUBLIC,SNOWFLAKE_SAMPLE_DATA,TPCH_SF10,JCUSTOMER,,,,X,,
TABLE,SNOWFLAKE_SAMPLE_DATA.TPCH_SF10.JLINEITEM,ACCOUNTADMIN,SNOWFLAKE_SAMPLE_DATA,TPCH_SF10,JLINEITEM,,,,X,,
TABLE,SNOWFLAKE_SAMPLE_DATA.TPCH_SF10.JLINEITEM,PUBLIC,SNOWFLAKE_SAMPLE_DATA,TPCH_SF10,JLINEITEM,,,,X,,
TABLE,SNOWFLAKE_SAMPLE_DATA.TPCH_SF10.JNATION,ACCOUNTADMIN,SNOWFLAKE_SAMPLE_DATA,TPCH_SF10,JNATION,,,,X,,
TABLE,SNOWFLAKE_SAMPLE_DATA.TPCH_SF10.JNATION,PUBLIC,SNOWFLAKE_SAMPLE_DATA,TPCH_SF10,JNATION,,,,X,,
TABLE,SNOWFLAKE_SAMPLE_DATA.TPCH_SF10.JORDERS,ACCOUNTADMIN,SNOWFLAKE_SAMPLE_DATA,TPCH_SF10,JORDERS,,,,X,,
TABLE,SNOWFLAKE_SAMPLE_DATA.TPCH_SF10.JORDERS,PUBLIC,SNOWFLAKE_SAMPLE_DATA,TPCH_SF10,JORDERS,,,,X,,
TABLE,SNOWFLAKE_SAMPLE_DATA.TPCH_SF10.JPART,ACCOUNTADMIN,SNOWFLAKE_SAMPLE_DATA,TPCH_SF10,JPART,,,,X,,
TABLE,SNOWFLAKE_SAMPLE_DATA.TPCH_SF10.JPART,PUBLIC,SNOWFLAKE_SAMPLE_DATA,TPCH_SF10,JPART,,,,X,,
TABLE,SNOWFLAKE_SAMPLE_DATA.TPCH_SF10.JPARTSUPP,ACCOUNTADMIN,SNOWFLAKE_SAMPLE_DATA,TPCH_SF10,JPARTSUPP,,,,X,,
TABLE,SNOWFLAKE_SAMPLE_DATA.TPCH_SF10.JPARTSUPP,PUBLIC,SNOWFLAKE_SAMPLE_DATA,TPCH_SF10,JPARTSUPP,,,,X,,
TABLE,SNOWFLAKE_SAMPLE_DATA.TPCH_SF10.JREGION,ACCOUNTADMIN,SNOWFLAKE_SAMPLE_DATA,TPCH_SF10,JREGION,,,,X,,
TABLE,SNOWFLAKE_SAMPLE_DATA.TPCH_SF10.JREGION,PUBLIC,SNOWFLAKE_SAMPLE_DATA,TPCH_SF10,JREGION,,,,X,,
TABLE,SNOWFLAKE_SAMPLE_DATA.TPCH_SF10.JSUPPLIER,ACCOUNTADMIN,SNOWFLAKE_SAMPLE_DATA,TPCH_SF10,JSUPPLIER,,,,X,,
TABLE,SNOWFLAKE_SAMPLE_DATA.TPCH_SF10.JSUPPLIER,PUBLIC,SNOWFLAKE_SAMPLE_DATA,TPCH_SF10,JSUPPLIER,,,,X,,
TABLE,SNOWFLAKE_SAMPLE_DATA.TPCH_SF10.LINEITEM,ACCOUNTADMIN,SNOWFLAKE_SAMPLE_DATA,TPCH_SF10,LINEITEM,,,,X,,
TABLE,SNOWFLAKE_SAMPLE_DATA.TPCH_SF10.LINEITEM,PUBLIC,SNOWFLAKE_SAMPLE_DATA,TPCH_SF10,LINEITEM,,,,X,,
TABLE,SNOWFLAKE_SAMPLE_DATA.TPCH_SF10.NATION,ACCOUNTADMIN,SNOWFLAKE_SAMPLE_DATA,TPCH_SF10,NATION,,,,X,,
TABLE,SNOWFLAKE_SAMPLE_DATA.TPCH_SF10.NATION,PUBLIC,SNOWFLAKE_SAMPLE_DATA,TPCH_SF10,NATION,,,,X,,
TABLE,SNOWFLAKE_SAMPLE_DATA.TPCH_SF10.ORDERS,ACCOUNTADMIN,SNOWFLAKE_SAMPLE_DATA,TPCH_SF10,ORDERS,,,,X,,
TABLE,SNOWFLAKE_SAMPLE_DATA.TPCH_SF10.ORDERS,PUBLIC,SNOWFLAKE_SAMPLE_DATA,TPCH_SF10,ORDERS,,,,X,,
TABLE,SNOWFLAKE_SAMPLE_DATA.TPCH_SF10.PART,ACCOUNTADMIN,SNOWFLAKE_SAMPLE_DATA,TPCH_SF10,PART,,,,X,,
TABLE,SNOWFLAKE_SAMPLE_DATA.TPCH_SF10.PART,PUBLIC,SNOWFLAKE_SAMPLE_DATA,TPCH_SF10,PART,,,,X,,
TABLE,SNOWFLAKE_SAMPLE_DATA.TPCH_SF10.PARTSUPP,ACCOUNTADMIN,SNOWFLAKE_SAMPLE_DATA,TPCH_SF10,PARTSUPP,,,,X,,
TABLE,SNOWFLAKE_SAMPLE_DATA.TPCH_SF10.PARTSUPP,PUBLIC,SNOWFLAKE_SAMPLE_DATA,TPCH_SF10,PARTSUPP,,,,X,,
TABLE,SNOWFLAKE_SAMPLE_DATA.TPCH_SF10.REGION,ACCOUNTADMIN,SNOWFLAKE_SAMPLE_DATA,TPCH_SF10,REGION,,,,X,,
TABLE,SNOWFLAKE_SAMPLE_DATA.TPCH_SF10.REGION,PUBLIC,SNOWFLAKE_SAMPLE_DATA,TPCH_SF10,REGION,,,,X,,
TABLE,SNOWFLAKE_SAMPLE_DATA.TPCH_SF10.SUPPLIER,ACCOUNTADMIN,SNOWFLAKE_SAMPLE_DATA,TPCH_SF10,SUPPLIER,,,,X,,
TABLE,SNOWFLAKE_SAMPLE_DATA.TPCH_SF10.SUPPLIER,PUBLIC,SNOWFLAKE_SAMPLE_DATA,TPCH_SF10,SUPPLIER,,,,X,,
TABLE,SNOWFLAKE_SAMPLE_DATA.TPCH_SF100.CUSTOMER,ACCOUNTADMIN,SNOWFLAKE_SAMPLE_DATA,TPCH_SF100,CUSTOMER,,,,X,,
TABLE,SNOWFLAKE_SAMPLE_DATA.TPCH_SF100.CUSTOMER,PUBLIC,SNOWFLAKE_SAMPLE_DATA,TPCH_SF100,CUSTOMER,,,,X,,
TABLE,SNOWFLAKE_SAMPLE_DATA.TPCH_SF100.JCUSTOMER,ACCOUNTADMIN,SNOWFLAKE_SAMPLE_DATA,TPCH_SF100,JCUSTOMER,,,,X,,
TABLE,SNOWFLAKE_SAMPLE_DATA.TPCH_SF100.JCUSTOMER,PUBLIC,SNOWFLAKE_SAMPLE_DATA,TPCH_SF100,JCUSTOMER,,,,X,,
TABLE,SNOWFLAKE_SAMPLE_DATA.TPCH_SF100.JLINEITEM,ACCOUNTADMIN,SNOWFLAKE_SAMPLE_DATA,TPCH_SF100,JLINEITEM,,,,X,,
TABLE,SNOWFLAKE_SAMPLE_DATA.TPCH_SF100.JLINEITEM,PUBLIC,SNOWFLAKE_SAMPLE_DATA,TPCH_SF100,JLINEITEM,,,,X,,
TABLE,SNOWFLAKE_SAMPLE_DATA.TPCH_SF100.JNATION,ACCOUNTADMIN,SNOWFLAKE_SAMPLE_DATA,TPCH_SF100,JNATION,,,,X,,
TABLE,SNOWFLAKE_SAMPLE_DATA.TPCH_SF100.JNATION,PUBLIC,SNOWFLAKE_SAMPLE_DATA,TPCH_SF100,JNATION,,,,X,,
TABLE,SNOWFLAKE_SAMPLE_DATA.TPCH_SF100.JORDERS,ACCOUNTADMIN,SNOWFLAKE_SAMPLE_DATA,TPCH_SF100,JORDERS,,,,X,,
TABLE,SNOWFLAKE_SAMPLE_DATA.TPCH_SF100.JORDERS,PUBLIC,SNOWFLAKE_SAMPLE_DATA,TPCH_SF100,JORDERS,,,,X,,
TABLE,SNOWFLAKE_SAMPLE_DATA.TPCH_SF100.JPART,ACCOUNTADMIN,SNOWFLAKE_SAMPLE_DATA,TPCH_SF100,JPART,,,,X,,
TABLE,SNOWFLAKE_SAMPLE_DATA.TPCH_SF100.JPART,PUBLIC,SNOWFLAKE_SAMPLE_DATA,TPCH_SF100,JPART,,,,X,,
TABLE,SNOWFLAKE_SAMPLE_DATA.TPCH_SF100.JPARTSUPP,ACCOUNTADMIN,SNOWFLAKE_SAMPLE_DATA,TPCH_SF100,JPARTSUPP,,,,X,,
TABLE,SNOWFLAKE_SAMPLE_DATA.TPCH_SF100.JPARTSUPP,PUBLIC,SNOWFLAKE_SAMPLE_DATA,TPCH_SF100,JPARTSUPP,,,,X,,
TABLE,SNOWFLAKE_SAMPLE_DATA.TPCH_SF100.JREGION,ACCOUNTADMIN,SNOWFLAKE_SAMPLE_DATA,TPCH_SF100,JREGION,,,,X,,
TABLE,SNOWFLAKE_SAMPLE_DATA.TPCH_SF100.JREGION,PUBLIC,SNOWFLAKE_SAMPLE_DATA,TPCH_SF100,JREGION,,,,X,,
TABLE,SNOWFLAKE_SAMPLE_DATA.TPCH_SF100.JSUPPLIER,ACCOUNTADMIN,SNOWFLAKE_SAMPLE_DATA,TPCH_SF100,JSUPPLIER,,,,X,,
TABLE,SNOWFLAKE_SAMPLE_DATA.TPCH_SF100.JSUPPLIER,PUBLIC,SNOWFLAKE_SAMPLE_DATA,TPCH_SF100,JSUPPLIER,,,,X,,
TABLE,SNOWFLAKE_SAMPLE_DATA.TPCH_SF100.LINEITEM,ACCOUNTADMIN,SNOWFLAKE_SAMPLE_DATA,TPCH_SF100,LINEITEM,,,,X,,
TABLE,SNOWFLAKE_SAMPLE_DATA.TPCH_SF100.LINEITEM,PUBLIC,SNOWFLAKE_SAMPLE_DATA,TPCH_SF100,LINEITEM,,,,X,,
TABLE,SNOWFLAKE_SAMPLE_DATA.TPCH_SF100.NATION,ACCOUNTADMIN,SNOWFLAKE_SAMPLE_DATA,TPCH_SF100,NATION,,,,X,,
TABLE,SNOWFLAKE_SAMPLE_DATA.TPCH_SF100.NATION,PUBLIC,SNOWFLAKE_SAMPLE_DATA,TPCH_SF100,NATION,,,,X,,
TABLE,SNOWFLAKE_SAMPLE_DATA.TPCH_SF100.ORDERS,ACCOUNTADMIN,SNOWFLAKE_SAMPLE_DATA,TPCH_SF100,ORDERS,,,,X,,
TABLE,SNOWFLAKE_SAMPLE_DATA.TPCH_SF100.ORDERS,PUBLIC,SNOWFLAKE_SAMPLE_DATA,TPCH_SF100,ORDERS,,,,X,,
TABLE,SNOWFLAKE_SAMPLE_DATA.TPCH_SF100.PART,ACCOUNTADMIN,SNOWFLAKE_SAMPLE_DATA,TPCH_SF100,PART,,,,X,,
TABLE,SNOWFLAKE_SAMPLE_DATA.TPCH_SF100.PART,PUBLIC,SNOWFLAKE_SAMPLE_DATA,TPCH_SF100,PART,,,,X,,
TABLE,SNOWFLAKE_SAMPLE_DATA.TPCH_SF100.PARTSUPP,ACCOUNTADMIN,SNOWFLAKE_SAMPLE_DATA,TPCH_SF100,PARTSUPP,,,,X,,
TABLE,SNOWFLAKE_SAMPLE_DATA.TPCH_SF100.PARTSUPP,PUBLIC,SNOWFLAKE_SAMPLE_DATA,TPCH_SF100,PARTSUPP,,,,X,,
TABLE,SNOWFLAKE_SAMPLE_DATA.TPCH_SF100.REGION,ACCOUNTADMIN,SNOWFLAKE_SAMPLE_DATA,TPCH_SF100,REGION,,,,X,,
TABLE,SNOWFLAKE_SAMPLE_DATA.TPCH_SF100.REGION,PUBLIC,SNOWFLAKE_SAMPLE_DATA,TPCH_SF100,REGION,,,,X,,
TABLE,SNOWFLAKE_SAMPLE_DATA.TPCH_SF100.SUPPLIER,ACCOUNTADMIN,SNOWFLAKE_SAMPLE_DATA,TPCH_SF100,SUPPLIER,,,,X,,
TABLE,SNOWFLAKE_SAMPLE_DATA.TPCH_SF100.SUPPLIER,PUBLIC,SNOWFLAKE_SAMPLE_DATA,TPCH_SF100,SUPPLIER,,,,X,,
TABLE,SNOWFLAKE_SAMPLE_DATA.TPCH_SF1000.CUSTOMER,ACCOUNTADMIN,SNOWFLAKE_SAMPLE_DATA,TPCH_SF1000,CUSTOMER,,,,X,,
TABLE,SNOWFLAKE_SAMPLE_DATA.TPCH_SF1000.CUSTOMER,PUBLIC,SNOWFLAKE_SAMPLE_DATA,TPCH_SF1000,CUSTOMER,,,,X,,
TABLE,SNOWFLAKE_SAMPLE_DATA.TPCH_SF1000.JCUSTOMER,ACCOUNTADMIN,SNOWFLAKE_SAMPLE_DATA,TPCH_SF1000,JCUSTOMER,,,,X,,
TABLE,SNOWFLAKE_SAMPLE_DATA.TPCH_SF1000.JCUSTOMER,PUBLIC,SNOWFLAKE_SAMPLE_DATA,TPCH_SF1000,JCUSTOMER,,,,X,,
TABLE,SNOWFLAKE_SAMPLE_DATA.TPCH_SF1000.JLINEITEM,ACCOUNTADMIN,SNOWFLAKE_SAMPLE_DATA,TPCH_SF1000,JLINEITEM,,,,X,,
TABLE,SNOWFLAKE_SAMPLE_DATA.TPCH_SF1000.JLINEITEM,PUBLIC,SNOWFLAKE_SAMPLE_DATA,TPCH_SF1000,JLINEITEM,,,,X,,
TABLE,SNOWFLAKE_SAMPLE_DATA.TPCH_SF1000.JNATION,ACCOUNTADMIN,SNOWFLAKE_SAMPLE_DATA,TPCH_SF1000,JNATION,,,,X,,
TABLE,SNOWFLAKE_SAMPLE_DATA.TPCH_SF1000.JNATION,PUBLIC,SNOWFLAKE_SAMPLE_DATA,TPCH_SF1000,JNATION,,,,X,,
TABLE,SNOWFLAKE_SAMPLE_DATA.TPCH_SF1000.JORDERS,ACCOUNTADMIN,SNOWFLAKE_SAMPLE_DATA,TPCH_SF1000,JORDERS,,,,X,,
TABLE,SNOWFLAKE_SAMPLE_DATA.TPCH_SF1000.JORDERS,PUBLIC,SNOWFLAKE_SAMPLE_DATA,TPCH_SF1000,JORDERS,,,,X,,
TABLE,SNOWFLAKE_SAMPLE_DATA.TPCH_SF1000.JPART,ACCOUNTADMIN,SNOWFLAKE_SAMPLE_DATA,TPCH_SF1000,JPART,,,,X,,
TABLE,SNOWFLAKE_SAMPLE_DATA.TPCH_SF1000.JPART,PUBLIC,SNOWFLAKE_SAMPLE_DATA,TPCH_SF1000,JPART,,,,X,,
TABLE,SNOWFLAKE_SAMPLE_DATA.TPCH_SF1000.JPARTSUPP,ACCOUNTADMIN,SNOWFLAKE_SAMPLE_DATA,TPCH_SF1000,JPARTSUPP,,,,X,,
TABLE,SNOWFLAKE_SAMPLE_DATA.TPCH_SF1000.JPARTSUPP,PUBLIC,SNOWFLAKE_SAMPLE_DATA,TPCH_SF1000,JPARTSUPP,,,,X,,
TABLE,SNOWFLAKE_SAMPLE_DATA.TPCH_SF1000.JREGION,ACCOUNTADMIN,SNOWFLAKE_SAMPLE_DATA,TPCH_SF1000,JREGION,,,,X,,
TABLE,SNOWFLAKE_SAMPLE_DATA.TPCH_SF1000.JREGION,PUBLIC,SNOWFLAKE_SAMPLE_DATA,TPCH_SF1000,JREGION,,,,X,,
TABLE,SNOWFLAKE_SAMPLE_DATA.TPCH_SF1000.JSUPPLIER,ACCOUNTADMIN,SNOWFLAKE_SAMPLE_DATA,TPCH_SF1000,JSUPPLIER,,,,X,,
TABLE,SNOWFLAKE_SAMPLE_DATA.TPCH_SF1000.JSUPPLIER,PUBLIC,SNOWFLAKE_SAMPLE_DATA,TPCH_SF1000,JSUPPLIER,,,,X,,
TABLE,SNOWFLAKE_SAMPLE_DATA.TPCH_SF1000.LINEITEM,ACCOUNTADMIN,SNOWFLAKE_SAMPLE_DATA,TPCH_SF1000,LINEITEM,,,,X,,
TABLE,SNOWFLAKE_SAMPLE_DATA.TPCH_SF1000.LINEITEM,PUBLIC,SNOWFLAKE_SAMPLE_DATA,TPCH_SF1000,LINEITEM,,,,X,,
TABLE,SNOWFLAKE_SAMPLE_DATA.TPCH_SF1000.NATION,ACCOUNTADMIN,SNOWFLAKE_SAMPLE_DATA,TPCH_SF1000,NATION,,,,X,,
TABLE,SNOWFLAKE_SAMPLE_DATA.TPCH_SF1000.NATION,PUBLIC,SNOWFLAKE_SAMPLE_DATA,TPCH_SF1000,NATION,,,,X,,
TABLE,SNOWFLAKE_SAMPLE_DATA.TPCH_SF1000.ORDERS,ACCOUNTADMIN,SNOWFLAKE_SAMPLE_DATA,TPCH_SF1000,ORDERS,,,,X,,
TABLE,SNOWFLAKE_SAMPLE_DATA.TPCH_SF1000.ORDERS,PUBLIC,SNOWFLAKE_SAMPLE_DATA,TPCH_SF1000,ORDERS,,,,X,,
TABLE,SNOWFLAKE_SAMPLE_DATA.TPCH_SF1000.PART,ACCOUNTADMIN,SNOWFLAKE_SAMPLE_DATA,TPCH_SF1000,PART,,,,X,,
TABLE,SNOWFLAKE_SAMPLE_DATA.TPCH_SF1000.PART,PUBLIC,SNOWFLAKE_SAMPLE_DATA,TPCH_SF1000,PART,,,,X,,
TABLE,SNOWFLAKE_SAMPLE_DATA.TPCH_SF1000.PARTSUPP,ACCOUNTADMIN,SNOWFLAKE_SAMPLE_DATA,TPCH_SF1000,PARTSUPP,,,,X,,
TABLE,SNOWFLAKE_SAMPLE_DATA.TPCH_SF1000.PARTSUPP,PUBLIC,SNOWFLAKE_SAMPLE_DATA,TPCH_SF1000,PARTSUPP,,,,X,,
TABLE,SNOWFLAKE_SAMPLE_DATA.TPCH_SF1000.REGION,ACCOUNTADMIN,SNOWFLAKE_SAMPLE_DATA,TPCH_SF1000,REGION,,,,X,,
TABLE,SNOWFLAKE_SAMPLE_DATA.TPCH_SF1000.REGION,PUBLIC,SNOWFLAKE_SAMPLE_DATA,TPCH_SF1000,REGION,,,,X,,
TABLE,SNOWFLAKE_SAMPLE_DATA.TPCH_SF1000.SUPPLIER,ACCOUNTADMIN,SNOWFLAKE_SAMPLE_DATA,TPCH_SF1000,SUPPLIER,,,,X,,
TABLE,SNOWFLAKE_SAMPLE_DATA.TPCH_SF1000.SUPPLIER,PUBLIC,SNOWFLAKE_SAMPLE_DATA,TPCH_SF1000,SUPPLIER,,,,X,,
TABLE,SNOWFLAKE_SAMPLE_DATA.TPCH_SF10000.CUSTOMER,ACCOUNTADMIN,SNOWFLAKE_SAMPLE_DATA,TPCH_SF10000,CUSTOMER,,,,X,,
TABLE,SNOWFLAKE_SAMPLE_DATA.TPCH_SF10000.CUSTOMER,PUBLIC,SNOWFLAKE_SAMPLE_DATA,TPCH_SF10000,CUSTOMER,,,,X,,
TABLE,SNOWFLAKE_SAMPLE_DATA.TPCH_SF10000.JCUSTOMER,ACCOUNTADMIN,SNOWFLAKE_SAMPLE_DATA,TPCH_SF10000,JCUSTOMER,,,,X,,
TABLE,SNOWFLAKE_SAMPLE_DATA.TPCH_SF10000.JCUSTOMER,PUBLIC,SNOWFLAKE_SAMPLE_DATA,TPCH_SF10000,JCUSTOMER,,,,X,,
TABLE,SNOWFLAKE_SAMPLE_DATA.TPCH_SF10000.JLINEITEM,ACCOUNTADMIN,SNOWFLAKE_SAMPLE_DATA,TPCH_SF10000,JLINEITEM,,,,X,,
TABLE,SNOWFLAKE_SAMPLE_DATA.TPCH_SF10000.JLINEITEM,PUBLIC,SNOWFLAKE_SAMPLE_DATA,TPCH_SF10000,JLINEITEM,,,,X,,
TABLE,SNOWFLAKE_SAMPLE_DATA.TPCH_SF10000.JNATION,ACCOUNTADMIN,SNOWFLAKE_SAMPLE_DATA,TPCH_SF10000,JNATION,,,,X,,
TABLE,SNOWFLAKE_SAMPLE_DATA.TPCH_SF10000.JNATION,PUBLIC,SNOWFLAKE_SAMPLE_DATA,TPCH_SF10000,JNATION,,,,X,,
TABLE,SNOWFLAKE_SAMPLE_DATA.TPCH_SF10000.JORDERS,ACCOUNTADMIN,SNOWFLAKE_SAMPLE_DATA,TPCH_SF10000,JORDERS,,,,X,,
TABLE,SNOWFLAKE_SAMPLE_DATA.TPCH_SF10000.JORDERS,PUBLIC,SNOWFLAKE_SAMPLE_DATA,TPCH_SF10000,JORDERS,,,,X,,
TABLE,SNOWFLAKE_SAMPLE_DATA.TPCH_SF10000.JPART,ACCOUNTADMIN,SNOWFLAKE_SAMPLE_DATA,TPCH_SF10000,JPART,,,,X,,
TABLE,SNOWFLAKE_SAMPLE_DATA.TPCH_SF10000.JPART,PUBLIC,SNOWFLAKE_SAMPLE_DATA,TPCH_SF10000,JPART,,,,X,,
TABLE,SNOWFLAKE_SAMPLE_DATA.TPCH_SF10000.JPARTSUPP,ACCOUNTADMIN,SNOWFLAKE_SAMPLE_DATA,TPCH_SF10000,JPARTSUPP,,,,X,,
TABLE,SNOWFLAKE_SAMPLE_DATA.TPCH_SF10000.JPARTSUPP,PUBLIC,SNOWFLAKE_SAMPLE_DATA,TPCH_SF10000,JPARTSUPP,,,,X,,
TABLE,SNOWFLAKE_SAMPLE_DATA.TPCH_SF10000.JREGION,ACCOUNTADMIN,SNOWFLAKE_SAMPLE_DATA,TPCH_SF10000,JREGION,,,,X,,
TABLE,SNOWFLAKE_SAMPLE_DATA.TPCH_SF10000.JREGION,PUBLIC,SNOWFLAKE_SAMPLE_DATA,TPCH_SF10000,JREGION,,,,X,,
TABLE,SNOWFLAKE_SAMPLE_DATA.TPCH_SF10000.JSUPPLIER,ACCOUNTADMIN,SNOWFLAKE_SAMPLE_DATA,TPCH_SF10000,JSUPPLIER,,,,X,,
TABLE,SNOWFLAKE_SAMPLE_DATA.TPCH_SF10000.JSUPPLIER,PUBLIC,SNOWFLAKE_SAMPLE_DATA,TPCH_SF10000,JSUPPLIER,,,,X,,
TABLE,SNOWFLAKE_SAMPLE_DATA.TPCH_SF10000.LINEITEM,ACCOUNTADMIN,SNOWFLAKE_SAMPLE_DATA,TPCH_SF10000,LINEITEM,,,,X,,
TABLE,SNOWFLAKE_SAMPLE_DATA.TPCH_SF10000.LINEITEM,PUBLIC,SNOWFLAKE_SAMPLE_DATA,TPCH_SF10000,LINEITEM,,,,X,,
TABLE,SNOWFLAKE_SAMPLE_DATA.TPCH_SF10000.NATION,ACCOUNTADMIN,SNOWFLAKE_SAMPLE_DATA,TPCH_SF10000,NATION,,,,X,,
TABLE,SNOWFLAKE_SAMPLE_DATA.TPCH_SF10000.NATION,PUBLIC,SNOWFLAKE_SAMPLE_DATA,TPCH_SF10000,NATION,,,,X,,
TABLE,SNOWFLAKE_SAMPLE_DATA.TPCH_SF10000.ORDERS,ACCOUNTADMIN,SNOWFLAKE_SAMPLE_DATA,TPCH_SF10000,ORDERS,,,,X,,
TABLE,SNOWFLAKE_SAMPLE_DATA.TPCH_SF10000.ORDERS,PUBLIC,SNOWFLAKE_SAMPLE_DATA,TPCH_SF10000,ORDERS,,,,X,,
TABLE,SNOWFLAKE_SAMPLE_DATA.TPCH_SF10000.PART,ACCOUNTADMIN,SNOWFLAKE_SAMPLE_DATA,TPCH_SF10000,PART,,,,X,,
TABLE,SNOWFLAKE_SAMPLE_DATA.TPCH_SF10000.PART,PUBLIC,SNOWFLAKE_SAMPLE_DATA,TPCH_SF10000,PART,,,,X,,
TABLE,SNOWFLAKE_SAMPLE_DATA.TPCH_SF10000.PARTSUPP,ACCOUNTADMIN,SNOWFLAKE_SAMPLE_DATA,TPCH_SF10000,PARTSUPP,,,,X,,
TABLE,SNOWFLAKE_SAMPLE_DATA.TPCH_SF10000.PARTSUPP,PUBLIC,SNOWFLAKE_SAMPLE_DATA,TPCH_SF10000,PARTSUPP,,,,X,,
TABLE,SNOWFLAKE_SAMPLE_DATA.TPCH_SF10000.REGION,ACCOUNTADMIN,SNOWFLAKE_SAMPLE_DATA,TPCH_SF10000,REGION,,,,X,,
TABLE,SNOWFLAKE_SAMPLE_DATA.TPCH_SF10000.REGION,PUBLIC,SNOWFLAKE_SAMPLE_DATA,TPCH_SF10000,REGION,,,,X,,
TABLE,SNOWFLAKE_SAMPLE_DATA.TPCH_SF10000.SUPPLIER,ACCOUNTADMIN,SNOWFLAKE_SAMPLE_DATA,TPCH_SF10000,SUPPLIER,,,,X,,
TABLE,SNOWFLAKE_SAMPLE_DATA.TPCH_SF10000.SUPPLIER,PUBLIC,SNOWFLAKE_SAMPLE_DATA,TPCH_SF10000,SUPPLIER,,,,X,,
TABLE,SOP_P_DEMO.RBAC_GEN.AC_HIER_D,_AC_R_SOP_P_DEMO_RBAC_GEN,SOP_P_DEMO,RBAC_GEN,AC_HIER_D,,,,X,,
TABLE,SOP_P_DEMO.RBAC_GEN.AC_HIER_D,_AC_W_SOP_P_DEMO_RBAC_GEN,SOP_P_DEMO,RBAC_GEN,AC_HIER_D,,X,X,,X,X
TABLE,SOP_P_DEMO.RBAC_GEN.AC_HIER_D,SYSADMIN,SOP_P_DEMO,RBAC_GEN,AC_HIER_D,X+,,,,,
TABLE,SOP_P_DEMO.RBAC_GEN.AC_PRIV_D,_AC_R_SOP_P_DEMO_RBAC_GEN,SOP_P_DEMO,RBAC_GEN,AC_PRIV_D,,,,X,,
TABLE,SOP_P_DEMO.RBAC_GEN.AC_PRIV_D,_AC_W_SOP_P_DEMO_RBAC_GEN,SOP_P_DEMO,RBAC_GEN,AC_PRIV_D,,X,X,,X,X
TABLE,SOP_P_DEMO.RBAC_GEN.AC_PRIV_D,SYSADMIN,SOP_P_DEMO,RBAC_GEN,AC_PRIV_D,X+,,,,,
TABLE,SOP_P_DEMO.RBAC_GEN.DB_SCH_D,_AC_R_SOP_P_DEMO_RBAC_GEN,SOP_P_DEMO,RBAC_GEN,DB_SCH_D,,,,X,,
TABLE,SOP_P_DEMO.RBAC_GEN.DB_SCH_D,_AC_W_SOP_P_DEMO_RBAC_GEN,SOP_P_DEMO,RBAC_GEN,DB_SCH_D,,X,X,,X,X
TABLE,SOP_P_DEMO.RBAC_GEN.DB_SCH_D,SYSADMIN,SOP_P_DEMO,RBAC_GEN,DB_SCH_D,X+,,,,,
TABLE,SOP_P_DEMO.RBAC_GEN.DS_D,_AC_R_SOP_P_DEMO_RBAC_GEN,SOP_P_DEMO,RBAC_GEN,DS_D,,,,X,,
TABLE,SOP_P_DEMO.RBAC_GEN.DS_D,_AC_W_SOP_P_DEMO_RBAC_GEN,SOP_P_DEMO,RBAC_GEN,DS_D,,X,X,,X,X
TABLE,SOP_P_DEMO.RBAC_GEN.DS_D,SYSADMIN,SOP_P_DEMO,RBAC_GEN,DS_D,X+,,,,,
TABLE,SOP_P_DEMO.RBAC_GEN.FR_D,_AC_R_SOP_P_DEMO_RBAC_GEN,SOP_P_DEMO,RBAC_GEN,FR_D,,,,X,,
TABLE,SOP_P_DEMO.RBAC_GEN.FR_D,_AC_W_SOP_P_DEMO_RBAC_GEN,SOP_P_DEMO,RBAC_GEN,FR_D,,X,X,,X,X
TABLE,SOP_P_DEMO.RBAC_GEN.FR_D,SYSADMIN,SOP_P_DEMO,RBAC_GEN,FR_D,X+,,,,,
TABLE,SOP_P_DEMO.RBAC_GEN.FR_GRANT_D,_AC_R_SOP_P_DEMO_RBAC_GEN,SOP_P_DEMO,RBAC_GEN,FR_GRANT_D,,,,X,,
TABLE,SOP_P_DEMO.RBAC_GEN.FR_GRANT_D,_AC_W_SOP_P_DEMO_RBAC_GEN,SOP_P_DEMO,RBAC_GEN,FR_GRANT_D,,X,X,,X,X
TABLE,SOP_P_DEMO.RBAC_GEN.FR_GRANT_D,SYSADMIN,SOP_P_DEMO,RBAC_GEN,FR_GRANT_D,X+,,,,,
TABLE,SOP_P_DEMO.RBAC_GEN.WH_D,_AC_R_SOP_P_DEMO_RBAC_GEN,SOP_P_DEMO,RBAC_GEN,WH_D,,,,X,,
TABLE,SOP_P_DEMO.RBAC_GEN.WH_D,_AC_W_SOP_P_DEMO_RBAC_GEN,SOP_P_DEMO,RBAC_GEN,WH_D,,X,X,,X,X
TABLE,SOP_P_DEMO.RBAC_GEN.WH_D,SYSADMIN,SOP_P_DEMO,RBAC_GEN,WH_D,X+,,,,,
TABLE,SOP_P_DEMO.RLS.EMPLOYEE_D,_AC_R_SOP_P_DEMO_RLS,SOP_P_DEMO,RLS,EMPLOYEE_D,,,,X,,
TABLE,SOP_P_DEMO.RLS.EMPLOYEE_D,_AC_W_SOP_P_DEMO_RLS,SOP_P_DEMO,RLS,EMPLOYEE_D,,X,X,,X,X
TABLE,SOP_P_DEMO.RLS.EMPLOYEE_D,SOP_P_RLS_ADMIN,SOP_P_DEMO,RLS,EMPLOYEE_D,X+,,,,,
TABLE,SOP_P_DEMO.RLS.RS_CTRL_D,_AC_R_SOP_P_DEMO_RLS,SOP_P_DEMO,RLS,RS_CTRL_D,,,,X,,
TABLE,SOP_P_DEMO.RLS.RS_CTRL_D,_AC_W_SOP_P_DEMO_RLS,SOP_P_DEMO,RLS,RS_CTRL_D,,X,X,,X,X
TABLE,SOP_P_DEMO.RLS.RS_CTRL_D,SOP_P_RLS_ADMIN,SOP_P_DEMO,RLS,RS_CTRL_D,X+,,,,,
TABLE,SOP_P_DEMO.RLS.STATE_D,_AC_R_SOP_P_DEMO_RLS,SOP_P_DEMO,RLS,STATE_D,,,,X,,
TABLE,SOP_P_DEMO.RLS.STATE_D,_AC_W_SOP_P_DEMO_RLS,SOP_P_DEMO,RLS,STATE_D,,X,X,,X,X
TABLE,SOP_P_DEMO.RLS.STATE_D,SOP_P_RLS_ADMIN,SOP_P_DEMO,RLS,STATE_D,X+,,,,,
