Privilege,ObjectType,ObjectName,GrantedTo,DBName,SchemaName,EntityName,GrantedBy,WithGrantOption,CreatedOn,CreatedOnUTC
EXECUTE TASK,ACCOUNT,SKE,_AC_X_TASK_ADMIN,,,SKE,ACCOUNTADMIN,False,2021-02-24T08:12:34.1540000-08:00,2021-02-24T16:12:34.1540000Z
APPLY MASKING POLICY,ACCOUNT,SKE,ACCOUNTADMIN,,,SKE,,True,2020-10-19T12:09:03.5430000-07:00,2020-10-19T19:09:03.5430000Z
CREATE ACCOUNT,ACCOUNT,SKE,ACCOUNTADMIN,,,SKE,,True,2020-10-19T12:09:03.5430000-07:00,2020-10-19T19:09:03.5430000Z
CREATE CREDENTIAL,ACCOUNT,SKE,ACCOUNTADMIN,,,SKE,,True,2020-10-19T12:09:03.5430000-07:00,2020-10-19T19:09:03.5430000Z
CREATE DATA EXCHANGE LISTING,ACCOUNT,SKE,ACCOUNTADMIN,,,SKE,,True,2020-10-19T12:09:03.5430000-07:00,2020-10-19T19:09:03.5430000Z
CREATE INTEGRATION,ACCOUNT,SKE,ACCOUNTADMIN,,,SKE,,True,2020-10-19T12:09:03.5430000-07:00,2020-10-19T19:09:03.5430000Z
CREATE SHARE,ACCOUNT,SKE,ACCOUNTADMIN,,,SKE,,True,2020-10-19T12:09:03.5430000-07:00,2020-10-19T19:09:03.5430000Z
EXECUTE MANAGED TASK,ACCOUNT,SKE,ACCOUNTADMIN,,,SKE,,True,2020-10-19T12:09:03.5430000-07:00,2020-10-19T19:09:03.5430000Z
EXECUTE TASK,ACCOUNT,SKE,ACCOUNTADMIN,,,SKE,,True,2020-10-19T12:09:03.5430000-07:00,2020-10-19T19:09:03.5430000Z
IMPORT SHARE,ACCOUNT,SKE,ACCOUNTADMIN,,,SKE,,True,2020-10-19T12:09:03.5430000-07:00,2020-10-19T19:09:03.5430000Z
MONITOR EXECUTION,ACCOUNT,SKE,ACCOUNTADMIN,,,SKE,,True,2020-10-19T12:09:03.5430000-07:00,2020-10-19T19:09:03.5430000Z
MONITOR SECURITY,ACCOUNT,SKE,ACCOUNTADMIN,,,SKE,,True,2020-10-19T12:09:03.5430000-07:00,2020-10-19T19:09:03.5430000Z
MONITOR USAGE,ACCOUNT,SKE,ACCOUNTADMIN,,,SKE,,True,2020-10-19T12:09:03.5430000-07:00,2020-10-19T19:09:03.5430000Z
OVERRIDE SHARE RESTRICTIONS,ACCOUNT,SKE,ACCOUNTADMIN,,,SKE,,True,2020-10-19T12:09:03.5430000-07:00,2020-10-19T19:09:03.5430000Z
EXECUTE TASK,ACCOUNT,SKE,DOP_P_CLOUDWATCH_ADMIN,,,SKE,ACCOUNTADMIN,False,2021-03-02T16:10:32.2320000-08:00,2021-03-03T00:10:32.2320000Z
CREATE ROLE,ACCOUNT,SKE,OKTA_PROVISIONER,,,SKE,USERADMIN,False,2021-02-26T10:51:02.4620000-08:00,2021-02-26T18:51:02.4620000Z
CREATE USER,ACCOUNT,SKE,OKTA_PROVISIONER,,,SKE,USERADMIN,False,2021-02-26T10:51:02.4620000-08:00,2021-02-26T18:51:02.4620000Z
MANAGE GRANTS,ACCOUNT,SKE,SECURITYADMIN,,,SKE,,True,2020-10-19T12:09:03.5430000-07:00,2020-10-19T19:09:03.5430000Z
CREATE DATABASE,ACCOUNT,SKE,SYSADMIN,,,SKE,,True,2020-10-19T12:09:03.5430000-07:00,2020-10-19T19:09:03.5430000Z
CREATE ROLE,ACCOUNT,SKE,SYSADMIN,,,SKE,USERADMIN,False,2020-12-10T11:37:08.0280000-08:00,2020-12-10T19:37:08.0280000Z
CREATE WAREHOUSE,ACCOUNT,SKE,SYSADMIN,,,SKE,,True,2020-10-19T12:09:03.5430000-07:00,2020-10-19T19:09:03.5430000Z
CREATE ROLE,ACCOUNT,SKE,USERADMIN,,,SKE,,True,2020-10-19T12:09:03.5430000-07:00,2020-10-19T19:09:03.5430000Z
CREATE USER,ACCOUNT,SKE,USERADMIN,,,SKE,,True,2020-10-19T12:09:03.5430000-07:00,2020-10-19T19:09:03.5430000Z
