Privilege,ObjectType,ObjectName,GrantedTo,DBName,SchemaName,EntityName,GrantedBy,WithGrantOption,CreatedOn,CreatedOnUTC
SELECT,VIEW,DOP_P_DEMO.MONITOR.SAU_SVLS_DAILY_AUTOCLUSTER_V,_AC_R_DOP_P_DEMO_MONITOR,DOP_P_DEMO,MONITOR,SAU_SVLS_DAILY_AUTOCLUSTER_V,DOP_P_MONITOR_ADMIN,False,2021-02-25T08:25:15.3150000-08:00,2021-02-25T16:25:15.3150000Z
OWNERSHIP,VIEW,DOP_P_DEMO.MONITOR.SAU_SVLS_DAILY_AUTOCLUSTER_V,DOP_P_MONITOR_ADMIN,DOP_P_DEMO,MONITOR,SAU_SVLS_DAILY_AUTOCLUSTER_V,DOP_P_MONITOR_ADMIN,True,2021-02-25T08:25:15.3150000-08:00,2021-02-25T16:25:15.3150000Z
SELECT,VIEW,DOP_P_DEMO.MONITOR.SAU_SVLS_DAILY_MVIEW_V,_AC_R_DOP_P_DEMO_MONITOR,DOP_P_DEMO,MONITOR,SAU_SVLS_DAILY_MVIEW_V,DOP_P_MONITOR_ADMIN,False,2021-02-25T08:25:04.3040000-08:00,2021-02-25T16:25:04.3040000Z
OWNERSHIP,VIEW,DOP_P_DEMO.MONITOR.SAU_SVLS_DAILY_MVIEW_V,DOP_P_MONITOR_ADMIN,DOP_P_DEMO,MONITOR,SAU_SVLS_DAILY_MVIEW_V,DOP_P_MONITOR_ADMIN,True,2021-02-25T08:25:04.3040000-08:00,2021-02-25T16:25:04.3040000Z
SELECT,VIEW,DOP_P_DEMO.MONITOR.SAU_SVLS_DAILY_PIPE_V,_AC_R_DOP_P_DEMO_MONITOR,DOP_P_DEMO,MONITOR,SAU_SVLS_DAILY_PIPE_V,DOP_P_MONITOR_ADMIN,False,2021-02-25T08:24:54.2940000-08:00,2021-02-25T16:24:54.2940000Z
OWNERSHIP,VIEW,DOP_P_DEMO.MONITOR.SAU_SVLS_DAILY_PIPE_V,DOP_P_MONITOR_ADMIN,DOP_P_DEMO,MONITOR,SAU_SVLS_DAILY_PIPE_V,DOP_P_MONITOR_ADMIN,True,2021-02-25T08:24:54.2940000-08:00,2021-02-25T16:24:54.2940000Z
SELECT,VIEW,DOP_P_DEMO.MONITOR.SAU_SVLS_DAILY_REPL_V,_AC_R_DOP_P_DEMO_MONITOR,DOP_P_DEMO,MONITOR,SAU_SVLS_DAILY_REPL_V,DOP_P_MONITOR_ADMIN,False,2021-02-25T08:24:44.2840000-08:00,2021-02-25T16:24:44.2840000Z
OWNERSHIP,VIEW,DOP_P_DEMO.MONITOR.SAU_SVLS_DAILY_REPL_V,DOP_P_MONITOR_ADMIN,DOP_P_DEMO,MONITOR,SAU_SVLS_DAILY_REPL_V,DOP_P_MONITOR_ADMIN,True,2021-02-25T08:24:43.2830000-08:00,2021-02-25T16:24:43.2830000Z
SELECT,VIEW,DOP_P_DEMO.MONITOR.SAU_SVLS_DAILY_SOS_V,_AC_R_DOP_P_DEMO_MONITOR,DOP_P_DEMO,MONITOR,SAU_SVLS_DAILY_SOS_V,DOP_P_MONITOR_ADMIN,False,2021-02-25T08:24:34.2740000-08:00,2021-02-25T16:24:34.2740000Z
OWNERSHIP,VIEW,DOP_P_DEMO.MONITOR.SAU_SVLS_DAILY_SOS_V,DOP_P_MONITOR_ADMIN,DOP_P_DEMO,MONITOR,SAU_SVLS_DAILY_SOS_V,DOP_P_MONITOR_ADMIN,True,2021-02-25T08:24:34.2740000-08:00,2021-02-25T16:24:34.2740000Z
SELECT,VIEW,DOP_P_DEMO.MONITOR.SAU_USER_DAILY_QUERY_V,_AC_R_DOP_P_DEMO_MONITOR,DOP_P_DEMO,MONITOR,SAU_USER_DAILY_QUERY_V,DOP_P_MONITOR_ADMIN,False,2021-02-25T08:24:24.2640000-08:00,2021-02-25T16:24:24.2640000Z
OWNERSHIP,VIEW,DOP_P_DEMO.MONITOR.SAU_USER_DAILY_QUERY_V,DOP_P_MONITOR_ADMIN,DOP_P_DEMO,MONITOR,SAU_USER_DAILY_QUERY_V,DOP_P_MONITOR_ADMIN,True,2021-02-25T08:24:24.2640000-08:00,2021-02-25T16:24:24.2640000Z
SELECT,VIEW,DOP_P_DEMO.MONITOR.SAU_WH_DAILY_USAGE_V,_AC_R_DOP_P_DEMO_MONITOR,DOP_P_DEMO,MONITOR,SAU_WH_DAILY_USAGE_V,DOP_P_MONITOR_ADMIN,False,2021-02-25T08:23:05.1850000-08:00,2021-02-25T16:23:05.1850000Z
OWNERSHIP,VIEW,DOP_P_DEMO.MONITOR.SAU_WH_DAILY_USAGE_V,DOP_P_MONITOR_ADMIN,DOP_P_DEMO,MONITOR,SAU_WH_DAILY_USAGE_V,DOP_P_MONITOR_ADMIN,True,2021-02-25T08:23:05.1850000-08:00,2021-02-25T16:23:05.1850000Z
SELECT,VIEW,SOP_P_DEMO.RBAC_GEN.CREATE_RL_V,_AC_R_SOP_P_DEMO_RBAC_GEN,SOP_P_DEMO,RBAC_GEN,CREATE_RL_V,SYSADMIN,False,2021-02-26T12:30:15.4150000-08:00,2021-02-26T20:30:15.4150000Z
OWNERSHIP,VIEW,SOP_P_DEMO.RBAC_GEN.CREATE_RL_V,SYSADMIN,SOP_P_DEMO,RBAC_GEN,CREATE_RL_V,SYSADMIN,True,2021-02-22T15:59:15.3550000-08:00,2021-02-22T23:59:15.3550000Z
SELECT,VIEW,SOP_P_DEMO.RBAC_GEN.DB_SCH_AC_LIST_V,_AC_R_SOP_P_DEMO_RBAC_GEN,SOP_P_DEMO,RBAC_GEN,DB_SCH_AC_LIST_V,SYSADMIN,False,2021-02-26T12:30:15.4150000-08:00,2021-02-26T20:30:15.4150000Z
OWNERSHIP,VIEW,SOP_P_DEMO.RBAC_GEN.DB_SCH_AC_LIST_V,SYSADMIN,SOP_P_DEMO,RBAC_GEN,DB_SCH_AC_LIST_V,SYSADMIN,True,2021-02-22T17:47:52.8720000-08:00,2021-02-23T01:47:52.8720000Z
SELECT,VIEW,SOP_P_DEMO.RBAC_GEN.FR_GRANT_MAP_V,_AC_R_SOP_P_DEMO_RBAC_GEN,SOP_P_DEMO,RBAC_GEN,FR_GRANT_MAP_V,SYSADMIN,False,2021-02-26T12:30:15.4150000-08:00,2021-02-26T20:30:15.4150000Z
OWNERSHIP,VIEW,SOP_P_DEMO.RBAC_GEN.FR_GRANT_MAP_V,SYSADMIN,SOP_P_DEMO,RBAC_GEN,FR_GRANT_MAP_V,SYSADMIN,True,2021-02-22T19:01:01.2610000-08:00,2021-02-23T03:01:01.2610000Z
SELECT,VIEW,SOP_P_DEMO.RBAC_GEN.GRANT_PRIV_V,_AC_R_SOP_P_DEMO_RBAC_GEN,SOP_P_DEMO,RBAC_GEN,GRANT_PRIV_V,SYSADMIN,False,2021-02-26T12:30:15.4150000-08:00,2021-02-26T20:30:15.4150000Z
OWNERSHIP,VIEW,SOP_P_DEMO.RBAC_GEN.GRANT_PRIV_V,SYSADMIN,SOP_P_DEMO,RBAC_GEN,GRANT_PRIV_V,SYSADMIN,True,2021-02-22T18:32:50.5700000-08:00,2021-02-23T02:32:50.5700000Z
SELECT,VIEW,SOP_P_DEMO.RBAC_GEN.MASTER_V,_AC_R_SOP_P_DEMO_RBAC_GEN,SOP_P_DEMO,RBAC_GEN,MASTER_V,SYSADMIN,False,2021-03-01T04:55:57.3570000-08:00,2021-03-01T12:55:57.3570000Z
OWNERSHIP,VIEW,SOP_P_DEMO.RBAC_GEN.MASTER_V,SYSADMIN,SOP_P_DEMO,RBAC_GEN,MASTER_V,SYSADMIN,True,2021-03-01T04:55:57.3570000-08:00,2021-03-01T12:55:57.3570000Z
SELECT,VIEW,SOP_P_DEMO.RBAC_GEN.RL_HIER_V,_AC_R_SOP_P_DEMO_RBAC_GEN,SOP_P_DEMO,RBAC_GEN,RL_HIER_V,SYSADMIN,False,2021-02-26T12:30:16.4160000-08:00,2021-02-26T20:30:16.4160000Z
OWNERSHIP,VIEW,SOP_P_DEMO.RBAC_GEN.RL_HIER_V,SYSADMIN,SOP_P_DEMO,RBAC_GEN,RL_HIER_V,SYSADMIN,True,2021-02-25T04:36:56.6160000-08:00,2021-02-25T12:36:56.6160000Z
SELECT,VIEW,SOP_P_DEMO.RBAC_GEN.WH_AC_LIST_V,_AC_R_SOP_P_DEMO_RBAC_GEN,SOP_P_DEMO,RBAC_GEN,WH_AC_LIST_V,SYSADMIN,False,2021-02-26T12:30:16.4160000-08:00,2021-02-26T20:30:16.4160000Z
OWNERSHIP,VIEW,SOP_P_DEMO.RBAC_GEN.WH_AC_LIST_V,SYSADMIN,SOP_P_DEMO,RBAC_GEN,WH_AC_LIST_V,SYSADMIN,True,2021-02-22T04:04:57.4970000-08:00,2021-02-22T12:04:57.4970000Z
SELECT,VIEW,SOP_P_DEMO.RLS.RS_CUSTOMER_SV,_AC_R_SOP_P_DEMO_RLS,SOP_P_DEMO,RLS,RS_CUSTOMER_SV,SOP_P_RLS_ADMIN,False,2021-02-28T19:32:02.5220000-08:00,2021-03-01T03:32:02.5220000Z
OWNERSHIP,VIEW,SOP_P_DEMO.RLS.RS_CUSTOMER_SV,SOP_P_RLS_ADMIN,SOP_P_DEMO,RLS,RS_CUSTOMER_SV,SOP_P_RLS_ADMIN,True,2021-02-28T19:32:02.5220000-08:00,2021-03-01T03:32:02.5220000Z
SELECT,VIEW,SOP_P_DEMO.RLS.RS_CUSTOMER_V,_AC_R_SOP_P_DEMO_RLS,SOP_P_DEMO,RLS,RS_CUSTOMER_V,SOP_P_RLS_ADMIN,False,2021-02-28T19:31:43.5030000-08:00,2021-03-01T03:31:43.5030000Z
OWNERSHIP,VIEW,SOP_P_DEMO.RLS.RS_CUSTOMER_V,SOP_P_RLS_ADMIN,SOP_P_DEMO,RLS,RS_CUSTOMER_V,SOP_P_RLS_ADMIN,True,2021-02-28T19:31:43.5030000-08:00,2021-03-01T03:31:43.5030000Z
SELECT,VIEW,SOP_P_DEMO.RLS.RS_EMPLOYEE_V,_AC_R_SOP_P_DEMO_RLS,SOP_P_DEMO,RLS,RS_EMPLOYEE_V,SOP_P_RLS_ADMIN,False,2021-02-28T18:04:12.2520000-08:00,2021-03-01T02:04:12.2520000Z
OWNERSHIP,VIEW,SOP_P_DEMO.RLS.RS_EMPLOYEE_V,SOP_P_RLS_ADMIN,SOP_P_DEMO,RLS,RS_EMPLOYEE_V,SOP_P_RLS_ADMIN,True,2021-02-28T18:04:12.2520000-08:00,2021-03-01T02:04:12.2520000Z
SELECT,VIEW,SOP_P_DEMO.RLS.RS_STATE_V,_AC_R_SOP_P_DEMO_RLS,SOP_P_DEMO,RLS,RS_STATE_V,SOP_P_RLS_ADMIN,False,2021-02-28T18:57:16.4360000-08:00,2021-03-01T02:57:16.4360000Z
OWNERSHIP,VIEW,SOP_P_DEMO.RLS.RS_STATE_V,SOP_P_RLS_ADMIN,SOP_P_DEMO,RLS,RS_STATE_V,SOP_P_RLS_ADMIN,True,2021-02-28T18:57:16.4360000-08:00,2021-03-01T02:57:16.4360000Z
