Privilege,ObjectType,ObjectName,GrantedTo,DBName,SchemaName,EntityName,GrantedBy,WithGrantOption,CreatedOn,CreatedOnUTC
OWNERSHIP,USER,A.RAJOLAPESCARINI,OKTA_PROVISIONER,A,RAJOLAPESCARINI,RAJOLAPESCARINI,OKTA_PROVISIONER,True,2021-03-03T09:25:33.3330000-08:00,2021-03-03T17:25:33.3330000Z
OWNERSHIP,USER,ABHITEJ.GOPIREDDY,OKTA_PROVISIONER,ABHITEJ,GOPIREDDY,GOPIREDDY,OKTA_PROVISIONER,True,2021-03-03T09:25:34.3340000-08:00,2021-03-03T17:25:34.3340000Z
OWNERSHIP,USER,ADAM.CROSBY,OKTA_PROVISIONER,ADAM,CROSBY,CROSBY,OKTA_PROVISIONER,True,2021-03-03T09:25:19.3190000-08:00,2021-03-03T17:25:19.3190000Z
OWNERSHIP,USER,ALBIE.KOTZE,OKTA_PROVISIONER,ALBIE,KOTZE,KOTZE,OKTA_PROVISIONER,True,2021-03-03T09:25:28.3280000-08:00,2021-03-03T17:25:28.3280000Z
OWNERSHIP,USER,ALEXANDER.KHOKHLOV,OKTA_PROVISIONER,ALEXANDER,KHOKHLOV,KHOKHLOV,OKTA_PROVISIONER,True,2021-03-03T09:25:33.3330000-08:00,2021-03-03T17:25:33.3330000Z
OWNERSHIP,USER,ALINA.ESQUIVEL,OKTA_PROVISIONER,ALINA,ESQUIVEL,ESQUIVEL,OKTA_PROVISIONER,True,2021-03-03T09:25:16.3160000-08:00,2021-03-03T17:25:16.3160000Z
OWNERSHIP,USER,ALISTAIR.JAYNE-COUPE,OKTA_PROVISIONER,ALISTAIR,JAYNE-COUPE,JAYNE-COUPE,OKTA_PROVISIONER,True,2021-03-03T09:25:17.3170000-08:00,2021-03-03T17:25:17.3170000Z
OWNERSHIP,USER,AMAR.AVULA,OKTA_PROVISIONER,AMAR,AVULA,AVULA,OKTA_PROVISIONER,True,2021-03-03T09:25:31.3310000-08:00,2021-03-03T17:25:31.3310000Z
OWNERSHIP,USER,ANDRAS.FEHER,OKTA_PROVISIONER,ANDRAS,FEHER,FEHER,OKTA_PROVISIONER,True,2021-03-03T09:25:16.3160000-08:00,2021-03-03T17:25:16.3160000Z
OWNERSHIP,USER,ANDREAS.LISKES,OKTA_PROVISIONER,ANDREAS,LISKES,LISKES,OKTA_PROVISIONER,True,2021-03-03T09:25:23.3230000-08:00,2021-03-03T17:25:23.3230000Z
OWNERSHIP,USER,ANDREW.OH,OKTA_PROVISIONER,ANDREW,OH,OH,OKTA_PROVISIONER,True,2021-03-03T09:25:29.3290000-08:00,2021-03-03T17:25:29.3290000Z
OWNERSHIP,USER,ANDY.BLANCO,OKTA_PROVISIONER,ANDY,BLANCO,BLANCO,OKTA_PROVISIONER,True,2021-02-26T11:14:53.8930000-08:00,2021-02-26T19:14:53.8930000Z
OWNERSHIP,USER,ANNE.SIDARI,OKTA_PROVISIONER,ANNE,SIDARI,SIDARI,OKTA_PROVISIONER,True,2021-03-03T09:25:27.3270000-08:00,2021-03-03T17:25:27.3270000Z
OWNERSHIP,USER,ANTHONY.FOOTE,OKTA_PROVISIONER,ANTHONY,FOOTE,FOOTE,OKTA_PROVISIONER,True,2021-03-03T09:25:18.3180000-08:00,2021-03-03T17:25:18.3180000Z
OWNERSHIP,USER,ARIHANT.JAIN,OKTA_PROVISIONER,ARIHANT,JAIN,JAIN,OKTA_PROVISIONER,True,2021-03-03T09:25:29.3290000-08:00,2021-03-03T17:25:29.3290000Z
OWNERSHIP,USER,ARINDAM.GUHA,OKTA_PROVISIONER,ARINDAM,GUHA,GUHA,OKTA_PROVISIONER,True,2021-03-03T09:25:28.3280000-08:00,2021-03-03T17:25:28.3280000Z
OWNERSHIP,USER,ARUN.MUNIYANDI,OKTA_PROVISIONER,ARUN,MUNIYANDI,MUNIYANDI,OKTA_PROVISIONER,True,2021-03-03T09:25:29.3290000-08:00,2021-03-03T17:25:29.3290000Z
OWNERSHIP,USER,AVINASH.SINGH,OKTA_PROVISIONER,AVINASH,SINGH,SINGH,OKTA_PROVISIONER,True,2021-03-03T09:25:22.3220000-08:00,2021-03-03T17:25:22.3220000Z
OWNERSHIP,USER,BALA.SHANKAR,OKTA_PROVISIONER,BALA,SHANKAR,SHANKAR,OKTA_PROVISIONER,True,2021-03-03T09:25:15.3150000-08:00,2021-03-03T17:25:15.3150000Z
OWNERSHIP,USER,BEN.STATON,OKTA_PROVISIONER,BEN,STATON,STATON,OKTA_PROVISIONER,True,2021-03-03T09:25:21.3210000-08:00,2021-03-03T17:25:21.3210000Z
OWNERSHIP,USER,BENEDIKT.ENGEL,OKTA_PROVISIONER,BENEDIKT,ENGEL,ENGEL,OKTA_PROVISIONER,True,2021-03-03T09:25:31.3310000-08:00,2021-03-03T17:25:31.3310000Z
OWNERSHIP,USER,BING.CHEN,OKTA_PROVISIONER,BING,CHEN,CHEN,OKTA_PROVISIONER,True,2021-03-03T09:25:24.3240000-08:00,2021-03-03T17:25:24.3240000Z
OWNERSHIP,USER,BISHAM.HARAH,OKTA_PROVISIONER,BISHAM,HARAH,HARAH,OKTA_PROVISIONER,True,2021-03-03T09:25:17.3170000-08:00,2021-03-03T17:25:17.3170000Z
OWNERSHIP,USER,BMORRISON_SKE,ACCOUNTADMIN,,,BMORRISON_SKE,ACCOUNTADMIN,True,2021-02-24T05:00:33.6330000-08:00,2021-02-24T13:00:33.6330000Z
OWNERSHIP,USER,BOB.MORRISON,OKTA_PROVISIONER,BOB,MORRISON,MORRISON,OKTA_PROVISIONER,True,2021-03-03T09:25:21.3210000-08:00,2021-03-03T17:25:21.3210000Z
OWNERSHIP,USER,BRETT.BALOUN,OKTA_PROVISIONER,BRETT,BALOUN,BALOUN,OKTA_PROVISIONER,True,2021-03-03T09:25:32.3320000-08:00,2021-03-03T17:25:32.3320000Z
OWNERSHIP,USER,BROOKE.BOWIE,OKTA_PROVISIONER,BROOKE,BOWIE,BOWIE,OKTA_PROVISIONER,True,2021-03-03T09:25:30.3300000-08:00,2021-03-03T17:25:30.3300000Z
OWNERSHIP,USER,BRYAN.PLANTES,OKTA_PROVISIONER,BRYAN,PLANTES,PLANTES,OKTA_PROVISIONER,True,2021-03-03T09:25:26.3260000-08:00,2021-03-03T17:25:26.3260000Z
OWNERSHIP,USER,C.BRETSCHNEIDER,OKTA_PROVISIONER,C,BRETSCHNEIDER,BRETSCHNEIDER,OKTA_PROVISIONER,True,2021-03-03T09:25:30.3300000-08:00,2021-03-03T17:25:30.3300000Z
OWNERSHIP,USER,C.CHRISTOPHORIDIS,OKTA_PROVISIONER,C,CHRISTOPHORIDIS,CHRISTOPHORIDIS,OKTA_PROVISIONER,True,2021-03-03T09:25:18.3180000-08:00,2021-03-03T17:25:18.3180000Z
OWNERSHIP,USER,CARL.MARTIN,OKTA_PROVISIONER,CARL,MARTIN,MARTIN,OKTA_PROVISIONER,True,2021-03-03T09:25:20.3200000-08:00,2021-03-03T17:25:20.3200000Z
OWNERSHIP,USER,CARRIE.GOTT,OKTA_PROVISIONER,CARRIE,GOTT,GOTT,OKTA_PROVISIONER,True,2021-03-03T09:25:32.3320000-08:00,2021-03-03T17:25:32.3320000Z
OWNERSHIP,USER,CATALIN.BOBARNAC,OKTA_PROVISIONER,CATALIN,BOBARNAC,BOBARNAC,OKTA_PROVISIONER,True,2021-03-03T09:25:28.3280000-08:00,2021-03-03T17:25:28.3280000Z
OWNERSHIP,USER,CHASE.ROMANO,OKTA_PROVISIONER,CHASE,ROMANO,ROMANO,OKTA_PROVISIONER,True,2021-03-03T09:25:24.3240000-08:00,2021-03-03T17:25:24.3240000Z
OWNERSHIP,USER,CHRISTIAN.BRAUN,OKTA_PROVISIONER,CHRISTIAN,BRAUN,BRAUN,OKTA_PROVISIONER,True,2021-03-03T09:25:23.3230000-08:00,2021-03-03T17:25:23.3230000Z
OWNERSHIP,USER,CHUCK.DIEWALD,OKTA_PROVISIONER,CHUCK,DIEWALD,DIEWALD,OKTA_PROVISIONER,True,2021-03-03T09:25:26.3260000-08:00,2021-03-03T17:25:26.3260000Z
OWNERSHIP,USER,COLLIN.CANNON,OKTA_PROVISIONER,COLLIN,CANNON,CANNON,OKTA_PROVISIONER,True,2021-03-03T09:25:25.3250000-08:00,2021-03-03T17:25:25.3250000Z
OWNERSHIP,USER,CUONG.NGUYENTIEN,OKTA_PROVISIONER,CUONG,NGUYENTIEN,NGUYENTIEN,OKTA_PROVISIONER,True,2021-03-03T09:25:21.3210000-08:00,2021-03-03T17:25:21.3210000Z
OWNERSHIP,USER,DAN.FLIPPO,OKTA_PROVISIONER,DAN,FLIPPO,FLIPPO,OKTA_PROVISIONER,True,2021-03-03T09:25:19.3190000-08:00,2021-03-03T17:25:19.3190000Z
OWNERSHIP,USER,DANIEL.ODIEVICH,OKTA_PROVISIONER,DANIEL,ODIEVICH,ODIEVICH,OKTA_PROVISIONER,True,2021-03-03T09:25:20.3200000-08:00,2021-03-03T17:25:20.3200000Z
OWNERSHIP,USER,DANIEL.SANDLER,OKTA_PROVISIONER,DANIEL,SANDLER,SANDLER,OKTA_PROVISIONER,True,2021-03-03T09:25:24.3240000-08:00,2021-03-03T17:25:24.3240000Z
OWNERSHIP,USER,DANNY.BRYANT,OKTA_PROVISIONER,DANNY,BRYANT,BRYANT,OKTA_PROVISIONER,True,2021-03-03T09:25:17.3170000-08:00,2021-03-03T17:25:17.3170000Z
OWNERSHIP,USER,DARIN.BRISKMAN,OKTA_PROVISIONER,DARIN,BRISKMAN,BRISKMAN,OKTA_PROVISIONER,True,2021-03-03T09:25:30.3300000-08:00,2021-03-03T17:25:30.3300000Z
OWNERSHIP,USER,DAVID.TEPLOW,OKTA_PROVISIONER,DAVID,TEPLOW,TEPLOW,OKTA_PROVISIONER,True,2021-03-03T09:25:28.3280000-08:00,2021-03-03T17:25:28.3280000Z
OWNERSHIP,USER,DELAN.DESILVA,OKTA_PROVISIONER,DELAN,DESILVA,DESILVA,OKTA_PROVISIONER,True,2021-03-03T09:25:33.3330000-08:00,2021-03-03T17:25:33.3330000Z
OWNERSHIP,USER,DENNIS.PARTIN,OKTA_PROVISIONER,DENNIS,PARTIN,PARTIN,OKTA_PROVISIONER,True,2021-03-03T09:25:20.3200000-08:00,2021-03-03T17:25:20.3200000Z
OWNERSHIP,USER,DEREK.CARLSON,OKTA_PROVISIONER,DEREK,CARLSON,CARLSON,OKTA_PROVISIONER,True,2021-03-03T09:25:17.3170000-08:00,2021-03-03T17:25:17.3170000Z
OWNERSHIP,USER,DHARMENDRA.SHAVKANI,OKTA_PROVISIONER,DHARMENDRA,SHAVKANI,SHAVKANI,OKTA_PROVISIONER,True,2021-03-03T09:25:26.3260000-08:00,2021-03-03T17:25:26.3260000Z
OWNERSHIP,USER,DONNA.ALCANTARA,OKTA_PROVISIONER,DONNA,ALCANTARA,ALCANTARA,OKTA_PROVISIONER,True,2021-03-03T09:25:27.3270000-08:00,2021-03-03T17:25:27.3270000Z
OWNERSHIP,USER,DUSTY.MANGUM,OKTA_PROVISIONER,DUSTY,MANGUM,MANGUM,OKTA_PROVISIONER,True,2021-03-03T09:25:24.3240000-08:00,2021-03-03T17:25:24.3240000Z
OWNERSHIP,USER,ELENA.GORYAINOVA,OKTA_PROVISIONER,ELENA,GORYAINOVA,GORYAINOVA,OKTA_PROVISIONER,True,2021-03-03T09:25:18.3180000-08:00,2021-03-03T17:25:18.3180000Z
OWNERSHIP,USER,ERIC.BELL,OKTA_PROVISIONER,ERIC,BELL,BELL,OKTA_PROVISIONER,True,2021-03-03T09:25:24.3240000-08:00,2021-03-03T17:25:24.3240000Z
OWNERSHIP,USER,ERIC.LETHIER,OKTA_PROVISIONER,ERIC,LETHIER,LETHIER,OKTA_PROVISIONER,True,2021-03-03T09:25:22.3220000-08:00,2021-03-03T17:25:22.3220000Z
OWNERSHIP,USER,ERICK.ROESCH,OKTA_PROVISIONER,ERICK,ROESCH,ROESCH,OKTA_PROVISIONER,True,2021-02-26T11:14:52.8920000-08:00,2021-02-26T19:14:52.8920000Z
OWNERSHIP,USER,ERIKA.BAKSE,OKTA_PROVISIONER,ERIKA,BAKSE,BAKSE,OKTA_PROVISIONER,True,2021-03-03T09:25:28.3280000-08:00,2021-03-03T17:25:28.3280000Z
OWNERSHIP,USER,EROESCH_SKE,ACCOUNTADMIN,,,EROESCH_SKE,ACCOUNTADMIN,True,2020-10-19T12:18:05.0850000-07:00,2020-10-19T19:18:05.0850000Z
OWNERSHIP,USER,GAUTAM.BHAWSAR,OKTA_PROVISIONER,GAUTAM,BHAWSAR,BHAWSAR,OKTA_PROVISIONER,True,2021-03-03T09:25:32.3320000-08:00,2021-03-03T17:25:32.3320000Z
OWNERSHIP,USER,GENE.FURIBONDO,OKTA_PROVISIONER,GENE,FURIBONDO,FURIBONDO,OKTA_PROVISIONER,True,2021-03-03T09:25:18.3180000-08:00,2021-03-03T17:25:18.3180000Z
OWNERSHIP,USER,GINA.BLAND,OKTA_PROVISIONER,GINA,BLAND,BLAND,OKTA_PROVISIONER,True,2021-03-03T09:25:27.3270000-08:00,2021-03-03T17:25:27.3270000Z
OWNERSHIP,USER,GINNY.WONG,OKTA_PROVISIONER,GINNY,WONG,WONG,OKTA_PROVISIONER,True,2021-03-03T09:25:23.3230000-08:00,2021-03-03T17:25:23.3230000Z
OWNERSHIP,USER,GOVARDHAN.KATIREDDY,OKTA_PROVISIONER,GOVARDHAN,KATIREDDY,KATIREDDY,OKTA_PROVISIONER,True,2021-03-03T09:25:17.3170000-08:00,2021-03-03T17:25:17.3170000Z
OWNERSHIP,USER,GREG.MARRON,OKTA_PROVISIONER,GREG,MARRON,MARRON,OKTA_PROVISIONER,True,2021-03-03T09:25:15.3150000-08:00,2021-03-03T17:25:15.3150000Z
OWNERSHIP,USER,GREGORY.SITZMAN,OKTA_PROVISIONER,GREGORY,SITZMAN,SITZMAN,OKTA_PROVISIONER,True,2021-03-03T09:25:26.3260000-08:00,2021-03-03T17:25:26.3260000Z
OWNERSHIP,USER,GURSOY.YERLI,OKTA_PROVISIONER,GURSOY,YERLI,YERLI,OKTA_PROVISIONER,True,2021-03-03T09:25:35.3350000-08:00,2021-03-03T17:25:35.3350000Z
OWNERSHIP,USER,HARISH.PARAMESWARAN,OKTA_PROVISIONER,HARISH,PARAMESWARAN,PARAMESWARAN,OKTA_PROVISIONER,True,2021-03-03T09:25:26.3260000-08:00,2021-03-03T17:25:26.3260000Z
OWNERSHIP,USER,HILDA.DAVIES,OKTA_PROVISIONER,HILDA,DAVIES,DAVIES,OKTA_PROVISIONER,True,2021-03-03T09:25:25.3250000-08:00,2021-03-03T17:25:25.3250000Z
OWNERSHIP,USER,IAN.FICKLING,OKTA_PROVISIONER,IAN,FICKLING,FICKLING,OKTA_PROVISIONER,True,2021-03-03T09:25:16.3160000-08:00,2021-03-03T17:25:16.3160000Z
OWNERSHIP,USER,IHOR.KARBOVSKYY,OKTA_PROVISIONER,IHOR,KARBOVSKYY,KARBOVSKYY,OKTA_PROVISIONER,True,2021-03-03T09:25:16.3160000-08:00,2021-03-03T17:25:16.3160000Z
OWNERSHIP,USER,JAAKKO.LEVOMAKI,OKTA_PROVISIONER,JAAKKO,LEVOMAKI,LEVOMAKI,OKTA_PROVISIONER,True,2021-03-03T09:25:21.3210000-08:00,2021-03-03T17:25:21.3210000Z
OWNERSHIP,USER,JACKIE.CHANDLER,OKTA_PROVISIONER,JACKIE,CHANDLER,CHANDLER,OKTA_PROVISIONER,True,2021-03-03T09:25:24.3240000-08:00,2021-03-03T17:25:24.3240000Z
OWNERSHIP,USER,JAI.PARMAR,OKTA_PROVISIONER,JAI,PARMAR,PARMAR,OKTA_PROVISIONER,True,2021-03-03T09:25:28.3280000-08:00,2021-03-03T17:25:28.3280000Z
OWNERSHIP,USER,JAMES.BRODY,OKTA_PROVISIONER,JAMES,BRODY,BRODY,OKTA_PROVISIONER,True,2021-03-03T09:25:25.3250000-08:00,2021-03-03T17:25:25.3250000Z
OWNERSHIP,USER,JAMEY.PHILLIPS,OKTA_PROVISIONER,JAMEY,PHILLIPS,PHILLIPS,OKTA_PROVISIONER,True,2021-03-03T09:25:32.3320000-08:00,2021-03-03T17:25:32.3320000Z
OWNERSHIP,USER,JASON.SNYDER,OKTA_PROVISIONER,JASON,SNYDER,SNYDER,OKTA_PROVISIONER,True,2021-03-03T09:25:31.3310000-08:00,2021-03-03T17:25:31.3310000Z
OWNERSHIP,USER,JBRODY_SKE,ACCOUNTADMIN,,,JBRODY_SKE,ACCOUNTADMIN,True,2021-03-01T18:51:55.5150000-08:00,2021-03-02T02:51:55.5150000Z
OWNERSHIP,USER,JEDIDIAH.RAJBHUSHAN,OKTA_PROVISIONER,JEDIDIAH,RAJBHUSHAN,RAJBHUSHAN,OKTA_PROVISIONER,True,2021-03-03T09:25:19.3190000-08:00,2021-03-03T17:25:19.3190000Z
OWNERSHIP,USER,JERRY.LOCKE,OKTA_PROVISIONER,JERRY,LOCKE,LOCKE,OKTA_PROVISIONER,True,2021-03-03T09:25:34.3340000-08:00,2021-03-03T17:25:34.3340000Z
OWNERSHIP,USER,JIM.DEMITRIOU,OKTA_PROVISIONER,JIM,DEMITRIOU,DEMITRIOU,OKTA_PROVISIONER,True,2021-03-03T09:25:31.3310000-08:00,2021-03-03T17:25:31.3310000Z
OWNERSHIP,USER,JOANNA.JOHNSTON,OKTA_PROVISIONER,JOANNA,JOHNSTON,JOHNSTON,OKTA_PROVISIONER,True,2021-03-03T09:25:29.3290000-08:00,2021-03-03T17:25:29.3290000Z
OWNERSHIP,USER,JOHN.ADAMS,OKTA_PROVISIONER,JOHN,ADAMS,ADAMS,OKTA_PROVISIONER,True,2021-03-03T09:25:31.3310000-08:00,2021-03-03T17:25:31.3310000Z
OWNERSHIP,USER,JOHN.DACOSTA,OKTA_PROVISIONER,JOHN,DACOSTA,DACOSTA,OKTA_PROVISIONER,True,2021-03-03T09:25:30.3300000-08:00,2021-03-03T17:25:30.3300000Z
OWNERSHIP,USER,JOHN.RYAN,OKTA_PROVISIONER,JOHN,RYAN,RYAN,OKTA_PROVISIONER,True,2021-03-03T09:25:25.3250000-08:00,2021-03-03T17:25:25.3250000Z
OWNERSHIP,USER,JOSHUA.SKARPHOL,OKTA_PROVISIONER,JOSHUA,SKARPHOL,SKARPHOL,OKTA_PROVISIONER,True,2021-03-03T09:25:20.3200000-08:00,2021-03-03T17:25:20.3200000Z
OWNERSHIP,USER,JUSTINE.MCGONAGLE,OKTA_PROVISIONER,JUSTINE,MCGONAGLE,MCGONAGLE,OKTA_PROVISIONER,True,2021-03-03T09:25:34.3340000-08:00,2021-03-03T17:25:34.3340000Z
OWNERSHIP,USER,KALA.GOVINDARAJAN,OKTA_PROVISIONER,KALA,GOVINDARAJAN,GOVINDARAJAN,OKTA_PROVISIONER,True,2021-03-03T09:25:26.3260000-08:00,2021-03-03T17:25:26.3260000Z
OWNERSHIP,USER,KEITH.HOYLE,OKTA_PROVISIONER,KEITH,HOYLE,HOYLE,OKTA_PROVISIONER,True,2021-03-03T09:25:26.3260000-08:00,2021-03-03T17:25:26.3260000Z
OWNERSHIP,USER,KEITH.SMITH,OKTA_PROVISIONER,KEITH,SMITH,SMITH,OKTA_PROVISIONER,True,2021-03-03T09:25:16.3160000-08:00,2021-03-03T17:25:16.3160000Z
OWNERSHIP,USER,KETAN.JANI,OKTA_PROVISIONER,KETAN,JANI,JANI,OKTA_PROVISIONER,True,2021-03-03T09:25:23.3230000-08:00,2021-03-03T17:25:23.3230000Z
OWNERSHIP,USER,KHALID.REHMAN,OKTA_PROVISIONER,KHALID,REHMAN,REHMAN,OKTA_PROVISIONER,True,2021-03-03T09:25:24.3240000-08:00,2021-03-03T17:25:24.3240000Z
OWNERSHIP,USER,KIM.TE,OKTA_PROVISIONER,KIM,TE,TE,OKTA_PROVISIONER,True,2021-03-03T09:25:24.3240000-08:00,2021-03-03T17:25:24.3240000Z
OWNERSHIP,USER,KISHORE.TATAVARTHI,OKTA_PROVISIONER,KISHORE,TATAVARTHI,TATAVARTHI,OKTA_PROVISIONER,True,2021-03-03T09:25:31.3310000-08:00,2021-03-03T17:25:31.3310000Z
OWNERSHIP,USER,KUMARAN.RAGHUNATHAN,OKTA_PROVISIONER,KUMARAN,RAGHUNATHAN,RAGHUNATHAN,OKTA_PROVISIONER,True,2021-03-03T09:25:20.3200000-08:00,2021-03-03T17:25:20.3200000Z
OWNERSHIP,USER,LISA.CARDER,OKTA_PROVISIONER,LISA,CARDER,CARDER,OKTA_PROVISIONER,True,2021-03-03T09:25:25.3250000-08:00,2021-03-03T17:25:25.3250000Z
OWNERSHIP,USER,LYDIA.MANCINI,OKTA_PROVISIONER,LYDIA,MANCINI,MANCINI,OKTA_PROVISIONER,True,2021-03-03T09:25:27.3270000-08:00,2021-03-03T17:25:27.3270000Z
OWNERSHIP,USER,MAGNUS.HOOK,OKTA_PROVISIONER,MAGNUS,HOOK,HOOK,OKTA_PROVISIONER,True,2021-03-03T09:25:27.3270000-08:00,2021-03-03T17:25:27.3270000Z
OWNERSHIP,USER,MAHE.DURAISWAMI,OKTA_PROVISIONER,MAHE,DURAISWAMI,DURAISWAMI,OKTA_PROVISIONER,True,2021-03-03T09:25:31.3310000-08:00,2021-03-03T17:25:31.3310000Z
OWNERSHIP,USER,MARC.HENDERSON,OKTA_PROVISIONER,MARC,HENDERSON,HENDERSON,OKTA_PROVISIONER,True,2021-03-03T09:25:35.3350000-08:00,2021-03-03T17:25:35.3350000Z
OWNERSHIP,USER,MARCEL.MARRAS,OKTA_PROVISIONER,MARCEL,MARRAS,MARRAS,OKTA_PROVISIONER,True,2021-03-03T09:25:31.3310000-08:00,2021-03-03T17:25:31.3310000Z
OWNERSHIP,USER,MARCIN.KULAKOWSKI,OKTA_PROVISIONER,MARCIN,KULAKOWSKI,KULAKOWSKI,OKTA_PROVISIONER,True,2021-03-03T09:25:21.3210000-08:00,2021-03-03T17:25:21.3210000Z
OWNERSHIP,USER,MARION.BROWN,OKTA_PROVISIONER,MARION,BROWN,BROWN,OKTA_PROVISIONER,True,2021-03-03T09:25:18.3180000-08:00,2021-03-03T17:25:18.3180000Z
OWNERSHIP,USER,MARK.MAYO,OKTA_PROVISIONER,MARK,MAYO,MAYO,OKTA_PROVISIONER,True,2021-03-03T09:25:29.3290000-08:00,2021-03-03T17:25:29.3290000Z
OWNERSHIP,USER,MARTEN.PAULSSON,OKTA_PROVISIONER,MARTEN,PAULSSON,PAULSSON,OKTA_PROVISIONER,True,2021-03-03T09:25:32.3320000-08:00,2021-03-03T17:25:32.3320000Z
OWNERSHIP,USER,MARTIN.BADROCK,OKTA_PROVISIONER,MARTIN,BADROCK,BADROCK,OKTA_PROVISIONER,True,2021-03-03T09:25:16.3160000-08:00,2021-03-03T17:25:16.3160000Z
OWNERSHIP,USER,MATT.BRADY,OKTA_PROVISIONER,MATT,BRADY,BRADY,OKTA_PROVISIONER,True,2021-03-03T09:25:22.3220000-08:00,2021-03-03T17:25:22.3220000Z
OWNERSHIP,USER,MATT.PROCTOR,OKTA_PROVISIONER,MATT,PROCTOR,PROCTOR,OKTA_PROVISIONER,True,2021-03-03T09:25:17.3170000-08:00,2021-03-03T17:25:17.3170000Z
OWNERSHIP,USER,MATTHEW.KVANCZ,OKTA_PROVISIONER,MATTHEW,KVANCZ,KVANCZ,OKTA_PROVISIONER,True,2021-03-03T09:25:18.3180000-08:00,2021-03-03T17:25:18.3180000Z
OWNERSHIP,USER,MATTHEW.STORA,OKTA_PROVISIONER,MATTHEW,STORA,STORA,OKTA_PROVISIONER,True,2021-03-03T09:25:17.3170000-08:00,2021-03-03T17:25:17.3170000Z
OWNERSHIP,USER,MATTHEW.WIDEMAN,OKTA_PROVISIONER,MATTHEW,WIDEMAN,WIDEMAN,OKTA_PROVISIONER,True,2021-03-03T09:25:34.3340000-08:00,2021-03-03T17:25:34.3340000Z
OWNERSHIP,USER,MAURICE.SAAH,OKTA_PROVISIONER,MAURICE,SAAH,SAAH,OKTA_PROVISIONER,True,2021-03-03T09:25:33.3330000-08:00,2021-03-03T17:25:33.3330000Z
OWNERSHIP,USER,MEI.LEE,OKTA_PROVISIONER,MEI,LEE,LEE,OKTA_PROVISIONER,True,2021-03-03T09:25:22.3220000-08:00,2021-03-03T17:25:22.3220000Z
OWNERSHIP,USER,MELINDA.WEBSTER,OKTA_PROVISIONER,MELINDA,WEBSTER,WEBSTER,OKTA_PROVISIONER,True,2021-03-03T09:25:18.3180000-08:00,2021-03-03T17:25:18.3180000Z
OWNERSHIP,USER,MICHAEL.GOODMAN,OKTA_PROVISIONER,MICHAEL,GOODMAN,GOODMAN,OKTA_PROVISIONER,True,2021-03-03T09:25:31.3310000-08:00,2021-03-03T17:25:31.3310000Z
OWNERSHIP,USER,MICHAEL.HENSON,OKTA_PROVISIONER,MICHAEL,HENSON,HENSON,OKTA_PROVISIONER,True,2021-03-03T09:25:24.3240000-08:00,2021-03-03T17:25:24.3240000Z
OWNERSHIP,USER,MICHAEL.RAINEY,OKTA_PROVISIONER,MICHAEL,RAINEY,RAINEY,OKTA_PROVISIONER,True,2021-03-03T09:25:32.3320000-08:00,2021-03-03T17:25:32.3320000Z
OWNERSHIP,USER,MICHAEL.VANFOSSEN,OKTA_PROVISIONER,MICHAEL,VANFOSSEN,VANFOSSEN,OKTA_PROVISIONER,True,2021-03-03T09:25:25.3250000-08:00,2021-03-03T17:25:25.3250000Z
OWNERSHIP,USER,MICHAEL.WALTON,OKTA_PROVISIONER,MICHAEL,WALTON,WALTON,OKTA_PROVISIONER,True,2021-03-03T09:25:28.3280000-08:00,2021-03-03T17:25:28.3280000Z
OWNERSHIP,USER,MIKE.DONOVAN,OKTA_PROVISIONER,MIKE,DONOVAN,DONOVAN,OKTA_PROVISIONER,True,2021-03-03T09:25:23.3230000-08:00,2021-03-03T17:25:23.3230000Z
OWNERSHIP,USER,MIKE.GOHL,OKTA_PROVISIONER,MIKE,GOHL,GOHL,OKTA_PROVISIONER,True,2021-03-03T09:25:22.3220000-08:00,2021-03-03T17:25:22.3220000Z
OWNERSHIP,USER,MIKHAIL.FERNANDEZ,OKTA_PROVISIONER,MIKHAIL,FERNANDEZ,FERNANDEZ,OKTA_PROVISIONER,True,2021-03-03T09:25:22.3220000-08:00,2021-03-03T17:25:22.3220000Z
OWNERSHIP,USER,MINEAKI.MOTOHASHI,OKTA_PROVISIONER,MINEAKI,MOTOHASHI,MOTOHASHI,OKTA_PROVISIONER,True,2021-03-03T09:25:19.3190000-08:00,2021-03-03T17:25:19.3190000Z
OWNERSHIP,USER,MRIDUL.JHUNJHUNWALA,OKTA_PROVISIONER,MRIDUL,JHUNJHUNWALA,JHUNJHUNWALA,OKTA_PROVISIONER,True,2021-03-03T09:25:34.3340000-08:00,2021-03-03T17:25:34.3340000Z
OWNERSHIP,USER,MURALI.MADHUSUDANA,OKTA_PROVISIONER,MURALI,MADHUSUDANA,MADHUSUDANA,OKTA_PROVISIONER,True,2021-03-03T09:25:21.3210000-08:00,2021-03-03T17:25:21.3210000Z
OWNERSHIP,USER,NAVEEN.CHINTHAPALLY,OKTA_PROVISIONER,NAVEEN,CHINTHAPALLY,CHINTHAPALLY,OKTA_PROVISIONER,True,2021-03-03T09:25:18.3180000-08:00,2021-03-03T17:25:18.3180000Z
OWNERSHIP,USER,OMAR.AKIL,OKTA_PROVISIONER,OMAR,AKIL,AKIL,OKTA_PROVISIONER,True,2021-03-03T09:25:30.3300000-08:00,2021-03-03T17:25:30.3300000Z
OWNERSHIP,USER,P.PURUSHOTHAMAN,OKTA_PROVISIONER,P,PURUSHOTHAMAN,PURUSHOTHAMAN,OKTA_PROVISIONER,True,2021-03-03T09:25:33.3330000-08:00,2021-03-03T17:25:33.3330000Z
OWNERSHIP,USER,PARESH.ADHIA,OKTA_PROVISIONER,PARESH,ADHIA,ADHIA,OKTA_PROVISIONER,True,2021-03-03T09:25:19.3190000-08:00,2021-03-03T17:25:19.3190000Z
OWNERSHIP,USER,PAUL.MARIC,OKTA_PROVISIONER,PAUL,MARIC,MARIC,OKTA_PROVISIONER,True,2021-03-03T09:25:25.3250000-08:00,2021-03-03T17:25:25.3250000Z
OWNERSHIP,USER,PETER.CAULFIELD,OKTA_PROVISIONER,PETER,CAULFIELD,CAULFIELD,OKTA_PROVISIONER,True,2021-03-03T09:25:27.3270000-08:00,2021-03-03T17:25:27.3270000Z
OWNERSHIP,USER,PETR.NEJTEK,OKTA_PROVISIONER,PETR,NEJTEK,NEJTEK,OKTA_PROVISIONER,True,2021-03-03T09:25:24.3240000-08:00,2021-03-03T17:25:24.3240000Z
OWNERSHIP,USER,PHILIPPE.TORRES,OKTA_PROVISIONER,PHILIPPE,TORRES,TORRES,OKTA_PROVISIONER,True,2021-03-03T09:25:19.3190000-08:00,2021-03-03T17:25:19.3190000Z
OWNERSHIP,USER,PRATEEK.PARASHAR,OKTA_PROVISIONER,PRATEEK,PARASHAR,PARASHAR,OKTA_PROVISIONER,True,2021-03-03T09:25:31.3310000-08:00,2021-03-03T17:25:31.3310000Z
OWNERSHIP,USER,R.SREENIVASAN,OKTA_PROVISIONER,R,SREENIVASAN,SREENIVASAN,OKTA_PROVISIONER,True,2021-03-03T09:25:27.3270000-08:00,2021-03-03T17:25:27.3270000Z
OWNERSHIP,USER,RADX.RADHAKRISHNAN,OKTA_PROVISIONER,RADX,RADHAKRISHNAN,RADHAKRISHNAN,OKTA_PROVISIONER,True,2021-03-03T09:25:21.3210000-08:00,2021-03-03T17:25:21.3210000Z
OWNERSHIP,USER,RALPH.DREILICH,OKTA_PROVISIONER,RALPH,DREILICH,DREILICH,OKTA_PROVISIONER,True,2021-03-03T09:25:28.3280000-08:00,2021-03-03T17:25:28.3280000Z
OWNERSHIP,USER,RAMAK.AFLATOONI,OKTA_PROVISIONER,RAMAK,AFLATOONI,AFLATOONI,OKTA_PROVISIONER,True,2021-03-03T09:25:29.3290000-08:00,2021-03-03T17:25:29.3290000Z
OWNERSHIP,USER,RANDY.SEERDEN,OKTA_PROVISIONER,RANDY,SEERDEN,SEERDEN,OKTA_PROVISIONER,True,2021-03-03T09:25:16.3160000-08:00,2021-03-03T17:25:16.3160000Z
OWNERSHIP,USER,RATHEESH.NELLIKAL,OKTA_PROVISIONER,RATHEESH,NELLIKAL,NELLIKAL,OKTA_PROVISIONER,True,2021-03-03T09:25:33.3330000-08:00,2021-03-03T17:25:33.3330000Z
OWNERSHIP,USER,RAUL.GONZALEZ,OKTA_PROVISIONER,RAUL,GONZALEZ,GONZALEZ,OKTA_PROVISIONER,True,2021-03-03T09:25:29.3290000-08:00,2021-03-03T17:25:29.3290000Z
OWNERSHIP,USER,RAVI.KRISHNASWAMI,OKTA_PROVISIONER,RAVI,KRISHNASWAMI,KRISHNASWAMI,OKTA_PROVISIONER,True,2021-03-03T09:25:30.3300000-08:00,2021-03-03T17:25:30.3300000Z
OWNERSHIP,USER,REDA.BERRADA,OKTA_PROVISIONER,REDA,BERRADA,BERRADA,OKTA_PROVISIONER,True,2021-03-03T09:25:32.3320000-08:00,2021-03-03T17:25:32.3320000Z
OWNERSHIP,USER,RICARDO.ALVAREZ,OKTA_PROVISIONER,RICARDO,ALVAREZ,ALVAREZ,OKTA_PROVISIONER,True,2021-03-03T09:25:22.3220000-08:00,2021-03-03T17:25:22.3220000Z
OWNERSHIP,USER,RICHARD.MORWOOD,OKTA_PROVISIONER,RICHARD,MORWOOD,MORWOOD,OKTA_PROVISIONER,True,2021-03-03T09:25:21.3210000-08:00,2021-03-03T17:25:21.3210000Z
OWNERSHIP,USER,RICHARD.MURNANE,OKTA_PROVISIONER,RICHARD,MURNANE,MURNANE,OKTA_PROVISIONER,True,2021-03-03T09:25:27.3270000-08:00,2021-03-03T17:25:27.3270000Z
OWNERSHIP,USER,ROBERT.TRENKAMP,OKTA_PROVISIONER,ROBERT,TRENKAMP,TRENKAMP,OKTA_PROVISIONER,True,2021-03-03T09:25:26.3260000-08:00,2021-03-03T17:25:26.3260000Z
OWNERSHIP,USER,RYAN.BARNES,OKTA_PROVISIONER,RYAN,BARNES,BARNES,OKTA_PROVISIONER,True,2021-03-03T09:25:33.3330000-08:00,2021-03-03T17:25:33.3330000Z
OWNERSHIP,USER,SALVADOR.MARTINEZ,OKTA_PROVISIONER,SALVADOR,MARTINEZ,MARTINEZ,OKTA_PROVISIONER,True,2021-03-03T09:25:16.3160000-08:00,2021-03-03T17:25:16.3160000Z
OWNERSHIP,USER,SAMIT.JAIN,OKTA_PROVISIONER,SAMIT,JAIN,JAIN,OKTA_PROVISIONER,True,2021-03-03T09:25:30.3300000-08:00,2021-03-03T17:25:30.3300000Z
OWNERSHIP,USER,SANKEY.ALEXANDER,OKTA_PROVISIONER,SANKEY,ALEXANDER,ALEXANDER,OKTA_PROVISIONER,True,2021-03-03T09:25:33.3330000-08:00,2021-03-03T17:25:33.3330000Z
OWNERSHIP,USER,SCOOMBES_SKE,ACCOUNTADMIN,,,SCOOMBES_SKE,ACCOUNTADMIN,True,2020-10-21T04:58:55.5350000-07:00,2020-10-21T11:58:55.5350000Z
OWNERSHIP,USER,SCOTT.REDDING,OKTA_PROVISIONER,SCOTT,REDDING,REDDING,OKTA_PROVISIONER,True,2021-03-03T09:25:18.3180000-08:00,2021-03-03T17:25:18.3180000Z
OWNERSHIP,USER,SEAN.HICKEY,OKTA_PROVISIONER,SEAN,HICKEY,HICKEY,OKTA_PROVISIONER,True,2021-03-03T09:25:20.3200000-08:00,2021-03-03T17:25:20.3200000Z
OWNERSHIP,USER,SHARVAN.KUMAR,OKTA_PROVISIONER,SHARVAN,KUMAR,KUMAR,OKTA_PROVISIONER,True,2021-03-03T09:25:28.3280000-08:00,2021-03-03T17:25:28.3280000Z
OWNERSHIP,USER,SHAWN.RAMSEY,OKTA_PROVISIONER,SHAWN,RAMSEY,RAMSEY,OKTA_PROVISIONER,True,2021-03-03T09:25:28.3280000-08:00,2021-03-03T17:25:28.3280000Z
OWNERSHIP,USER,SIMON.COOMBES,OKTA_PROVISIONER,SIMON,COOMBES,COOMBES,OKTA_PROVISIONER,True,2021-02-26T11:14:53.8930000-08:00,2021-02-26T19:14:53.8930000Z
OWNERSHIP,USER,SUBHASH.BANDLA,OKTA_PROVISIONER,SUBHASH,BANDLA,BANDLA,OKTA_PROVISIONER,True,2021-03-03T09:25:19.3190000-08:00,2021-03-03T17:25:19.3190000Z
OWNERSHIP,USER,SUNNY.MALIK,OKTA_PROVISIONER,SUNNY,MALIK,MALIK,OKTA_PROVISIONER,True,2021-03-03T09:25:16.3160000-08:00,2021-03-03T17:25:16.3160000Z
OWNERSHIP,USER,SURAJ.RAJAN,OKTA_PROVISIONER,SURAJ,RAJAN,RAJAN,OKTA_PROVISIONER,True,2021-03-03T09:25:21.3210000-08:00,2021-03-03T17:25:21.3210000Z
OWNERSHIP,USER,TED.BRACKIN,OKTA_PROVISIONER,TED,BRACKIN,BRACKIN,OKTA_PROVISIONER,True,2021-03-03T09:25:25.3250000-08:00,2021-03-03T17:25:25.3250000Z
OWNERSHIP,USER,TED.READYHOUGH,OKTA_PROVISIONER,TED,READYHOUGH,READYHOUGH,OKTA_PROVISIONER,True,2021-03-03T09:25:29.3290000-08:00,2021-03-03T17:25:29.3290000Z
OWNERSHIP,USER,THOMAS.CHURCHILL,OKTA_PROVISIONER,THOMAS,CHURCHILL,CHURCHILL,OKTA_PROVISIONER,True,2021-03-03T09:25:28.3280000-08:00,2021-03-03T17:25:28.3280000Z
OWNERSHIP,USER,THOMAS.MOORE,OKTA_PROVISIONER,THOMAS,MOORE,MOORE,OKTA_PROVISIONER,True,2021-03-03T09:25:27.3270000-08:00,2021-03-03T17:25:27.3270000Z
OWNERSHIP,USER,TIM.SALCH,OKTA_PROVISIONER,TIM,SALCH,SALCH,OKTA_PROVISIONER,True,2021-03-03T09:25:23.3230000-08:00,2021-03-03T17:25:23.3230000Z
OWNERSHIP,USER,TRAVIS.STERNER,OKTA_PROVISIONER,TRAVIS,STERNER,STERNER,OKTA_PROVISIONER,True,2021-03-03T09:25:26.3260000-08:00,2021-03-03T17:25:26.3260000Z
OWNERSHIP,USER,UDAY.KALATHIA,OKTA_PROVISIONER,UDAY,KALATHIA,KALATHIA,OKTA_PROVISIONER,True,2021-03-03T09:25:33.3330000-08:00,2021-03-03T17:25:33.3330000Z
OWNERSHIP,USER,UWE.HALBAUER,OKTA_PROVISIONER,UWE,HALBAUER,HALBAUER,OKTA_PROVISIONER,True,2021-03-03T09:25:35.3350000-08:00,2021-03-03T17:25:35.3350000Z
OWNERSHIP,USER,VINCENT.DELANY,OKTA_PROVISIONER,VINCENT,DELANY,DELANY,OKTA_PROVISIONER,True,2021-03-03T09:25:31.3310000-08:00,2021-03-03T17:25:31.3310000Z
OWNERSHIP,USER,VIVEK.DIWADE,OKTA_PROVISIONER,VIVEK,DIWADE,DIWADE,OKTA_PROVISIONER,True,2021-03-03T09:25:29.3290000-08:00,2021-03-03T17:25:29.3290000Z
OWNERSHIP,USER,WILL.RILEY,OKTA_PROVISIONER,WILL,RILEY,RILEY,OKTA_PROVISIONER,True,2021-03-03T09:25:22.3220000-08:00,2021-03-03T17:25:22.3220000Z
OWNERSHIP,USER,WRAY.FUCCI,OKTA_PROVISIONER,WRAY,FUCCI,FUCCI,OKTA_PROVISIONER,True,2021-03-03T09:25:21.3210000-08:00,2021-03-03T17:25:21.3210000Z
OWNERSHIP,USER,YANG.LIU,OKTA_PROVISIONER,YANG,LIU,LIU,OKTA_PROVISIONER,True,2021-03-03T09:25:27.3270000-08:00,2021-03-03T17:25:27.3270000Z
OWNERSHIP,USER,ZACK.HOWE,OKTA_PROVISIONER,ZACK,HOWE,HOWE,OKTA_PROVISIONER,True,2021-03-03T09:25:28.3280000-08:00,2021-03-03T17:25:28.3280000Z
OWNERSHIP,USER,ZHENG.LI,OKTA_PROVISIONER,ZHENG,LI,LI,OKTA_PROVISIONER,True,2021-03-03T09:25:30.3300000-08:00,2021-03-03T17:25:30.3300000Z
