Privilege,ObjectType,ObjectName,GrantedTo,DBName,SchemaName,EntityName,GrantedBy,WithGrantOption,CreatedOn,CreatedOnUTC
OWNERSHIP,ROLE,_AC_C_COM_P_UTIL,SECURITYADMIN,,,_AC_C_COM_P_UTIL,SECURITYADMIN,True,2021-02-27T03:55:43.9430000-08:00,2021-02-27T11:55:43.9430000Z
USAGE,ROLE,_AC_C_COM_P_UTIL,SKE_P_UTIL_ADMIN,,,_AC_C_COM_P_UTIL,SECURITYADMIN,False,2021-02-27T04:04:55.4950000-08:00,2021-02-27T12:04:55.4950000Z
USAGE,ROLE,_AC_C_COM_P_UTIL,SYSADMIN,,,_AC_C_COM_P_UTIL,SECURITYADMIN,False,2021-02-27T03:55:44.9440000-08:00,2021-02-27T11:55:44.9440000Z
OWNERSHIP,ROLE,_AC_C_COM_P_UTIL_DB_SCH_BR,SECURITYADMIN,,,_AC_C_COM_P_UTIL_DB_SCH_BR,SECURITYADMIN,True,2021-02-27T03:47:19.4390000-08:00,2021-02-27T11:47:19.4390000Z
USAGE,ROLE,_AC_C_COM_P_UTIL_DB_SCH_BR,SYSADMIN,,,_AC_C_COM_P_UTIL_DB_SCH_BR,SECURITYADMIN,False,2021-02-27T03:47:20.4400000-08:00,2021-02-27T11:47:20.4400000Z
USAGE,ROLE,_AC_C_DOP_P_DEMO_ALERTING,DOP_P_ALERTING_ADMIN,,,_AC_C_DOP_P_DEMO_ALERTING,SECURITYADMIN,False,2021-03-01T04:49:15.9550000-08:00,2021-03-01T12:49:15.9550000Z
OWNERSHIP,ROLE,_AC_C_DOP_P_DEMO_ALERTING,SECURITYADMIN,,,_AC_C_DOP_P_DEMO_ALERTING,SECURITYADMIN,True,2021-02-27T04:04:18.4580000-08:00,2021-02-27T12:04:18.4580000Z
USAGE,ROLE,_AC_C_DOP_P_DEMO_ALERTING,SYSADMIN,,,_AC_C_DOP_P_DEMO_ALERTING,SECURITYADMIN,False,2021-02-27T04:04:19.4590000-08:00,2021-02-27T12:04:19.4590000Z
USAGE,ROLE,_AC_C_DOP_P_DEMO_CLOUDWATCH,DOP_P_CLOUDWATCH_ADMIN,,,_AC_C_DOP_P_DEMO_CLOUDWATCH,SECURITYADMIN,False,2021-02-27T04:04:53.4930000-08:00,2021-02-27T12:04:53.4930000Z
OWNERSHIP,ROLE,_AC_C_DOP_P_DEMO_CLOUDWATCH,SECURITYADMIN,,,_AC_C_DOP_P_DEMO_CLOUDWATCH,SECURITYADMIN,True,2021-02-27T04:03:18.3980000-08:00,2021-02-27T12:03:18.3980000Z
USAGE,ROLE,_AC_C_DOP_P_DEMO_CLOUDWATCH,SYSADMIN,,,_AC_C_DOP_P_DEMO_CLOUDWATCH,SECURITYADMIN,False,2021-02-27T04:03:19.3990000-08:00,2021-02-27T12:03:19.3990000Z
USAGE,ROLE,_AC_C_DOP_P_DEMO_MONITOR,DOP_P_MONITOR_ADMIN,,,_AC_C_DOP_P_DEMO_MONITOR,SECURITYADMIN,False,2021-02-25T04:30:45.2450000-08:00,2021-02-25T12:30:45.2450000Z
OWNERSHIP,ROLE,_AC_C_DOP_P_DEMO_MONITOR,SECURITYADMIN,,,_AC_C_DOP_P_DEMO_MONITOR,SECURITYADMIN,True,2021-02-25T04:15:30.3300000-08:00,2021-02-25T12:15:30.3300000Z
USAGE,ROLE,_AC_C_DOP_P_DEMO_MONITOR,SYSADMIN,,,_AC_C_DOP_P_DEMO_MONITOR,SECURITYADMIN,False,2021-02-25T04:15:30.3300000-08:00,2021-02-25T12:15:30.3300000Z
USAGE,ROLE,_AC_C_DSC_P_DEMO_SENTIMENT,DSC_P_SENTIMENT_ADMIN,,,_AC_C_DSC_P_DEMO_SENTIMENT,SECURITYADMIN,False,2021-02-27T04:04:54.4940000-08:00,2021-02-27T12:04:54.4940000Z
OWNERSHIP,ROLE,_AC_C_DSC_P_DEMO_SENTIMENT,SECURITYADMIN,,,_AC_C_DSC_P_DEMO_SENTIMENT,SECURITYADMIN,True,2021-02-27T03:46:27.3870000-08:00,2021-02-27T11:46:27.3870000Z
USAGE,ROLE,_AC_C_DSC_P_DEMO_SENTIMENT,SYSADMIN,,,_AC_C_DSC_P_DEMO_SENTIMENT,SECURITYADMIN,False,2021-02-27T03:46:28.3880000-08:00,2021-02-27T11:46:28.3880000Z
USAGE,ROLE,_AC_C_DSC_P_DEMO_TWITTER,DSC_P_TWITTER_ADMIN,,,_AC_C_DSC_P_DEMO_TWITTER,SECURITYADMIN,False,2021-02-27T04:04:54.4940000-08:00,2021-02-27T12:04:54.4940000Z
OWNERSHIP,ROLE,_AC_C_DSC_P_DEMO_TWITTER,SECURITYADMIN,,,_AC_C_DSC_P_DEMO_TWITTER,SECURITYADMIN,True,2021-02-27T03:46:27.3870000-08:00,2021-02-27T11:46:27.3870000Z
USAGE,ROLE,_AC_C_DSC_P_DEMO_TWITTER,SYSADMIN,,,_AC_C_DSC_P_DEMO_TWITTER,SECURITYADMIN,False,2021-02-27T03:46:28.3880000-08:00,2021-02-27T11:46:28.3880000Z
USAGE,ROLE,_AC_C_ENG_P_DEMO_DATAGEN,ENG_P_DATAGEN_ADMIN,,,_AC_C_ENG_P_DEMO_DATAGEN,SECURITYADMIN,False,2021-02-27T04:04:54.4940000-08:00,2021-02-27T12:04:54.4940000Z
OWNERSHIP,ROLE,_AC_C_ENG_P_DEMO_DATAGEN,SECURITYADMIN,,,_AC_C_ENG_P_DEMO_DATAGEN,SECURITYADMIN,True,2021-02-27T03:45:33.3330000-08:00,2021-02-27T11:45:33.3330000Z
USAGE,ROLE,_AC_C_ENG_P_DEMO_DATAGEN,SYSADMIN,,,_AC_C_ENG_P_DEMO_DATAGEN,SECURITYADMIN,False,2021-02-27T03:45:34.3340000-08:00,2021-02-27T11:45:34.3340000Z
USAGE,ROLE,_AC_C_ENG_P_DEMO_XML_TO_JSON,ENG_P_XML_TO_JSON_ADMIN,,,_AC_C_ENG_P_DEMO_XML_TO_JSON,SECURITYADMIN,False,2021-02-27T03:58:08.0880000-08:00,2021-02-27T11:58:08.0880000Z
OWNERSHIP,ROLE,_AC_C_ENG_P_DEMO_XML_TO_JSON,SECURITYADMIN,,,_AC_C_ENG_P_DEMO_XML_TO_JSON,SECURITYADMIN,True,2021-02-27T03:45:33.3330000-08:00,2021-02-27T11:45:33.3330000Z
USAGE,ROLE,_AC_C_ENG_P_DEMO_XML_TO_JSON,SYSADMIN,,,_AC_C_ENG_P_DEMO_XML_TO_JSON,SECURITYADMIN,False,2021-02-27T03:45:34.3340000-08:00,2021-02-27T11:45:34.3340000Z
USAGE,ROLE,_AC_C_SKE_P_WRK,PST_WORKSPACE,,,_AC_C_SKE_P_WRK,SECURITYADMIN,False,2021-02-27T04:01:01.2610000-08:00,2021-02-27T12:01:01.2610000Z
OWNERSHIP,ROLE,_AC_C_SKE_P_WRK,SECURITYADMIN,,,_AC_C_SKE_P_WRK,SECURITYADMIN,True,2021-02-23T14:12:50.3700000-08:00,2021-02-23T22:12:50.3700000Z
USAGE,ROLE,_AC_C_SKE_P_WRK,SYSADMIN,,,_AC_C_SKE_P_WRK,SECURITYADMIN,False,2021-02-23T14:12:50.3700000-08:00,2021-02-23T22:12:50.3700000Z
OWNERSHIP,ROLE,_AC_C_SOP_P_DEMO_DDM,SECURITYADMIN,,,_AC_C_SOP_P_DEMO_DDM,SECURITYADMIN,True,2021-02-26T12:08:55.1350000-08:00,2021-02-26T20:08:55.1350000Z
USAGE,ROLE,_AC_C_SOP_P_DEMO_DDM,SOP_P_DDM_ADMIN,,,_AC_C_SOP_P_DEMO_DDM,SECURITYADMIN,False,2021-03-01T04:44:18.6580000-08:00,2021-03-01T12:44:18.6580000Z
USAGE,ROLE,_AC_C_SOP_P_DEMO_DDM,SYSADMIN,,,_AC_C_SOP_P_DEMO_DDM,SECURITYADMIN,False,2021-02-26T12:08:57.1370000-08:00,2021-02-26T20:08:57.1370000Z
OWNERSHIP,ROLE,_AC_C_SOP_P_DEMO_RBAC_GEN,SECURITYADMIN,,,_AC_C_SOP_P_DEMO_RBAC_GEN,SECURITYADMIN,True,2021-02-26T12:08:55.1350000-08:00,2021-02-26T20:08:55.1350000Z
USAGE,ROLE,_AC_C_SOP_P_DEMO_RBAC_GEN,SYSADMIN,,,_AC_C_SOP_P_DEMO_RBAC_GEN,SECURITYADMIN,False,2021-02-26T12:08:57.1370000-08:00,2021-02-26T20:08:57.1370000Z
OWNERSHIP,ROLE,_AC_C_SOP_P_DEMO_RLS,SECURITYADMIN,,,_AC_C_SOP_P_DEMO_RLS,SECURITYADMIN,True,2021-02-26T12:08:55.1350000-08:00,2021-02-26T20:08:55.1350000Z
USAGE,ROLE,_AC_C_SOP_P_DEMO_RLS,SOP_P_RLS_ADMIN,,,_AC_C_SOP_P_DEMO_RLS,SECURITYADMIN,False,2021-02-27T13:38:33.9130000-08:00,2021-02-27T21:38:33.9130000Z
USAGE,ROLE,_AC_C_SOP_P_DEMO_RLS,SYSADMIN,,,_AC_C_SOP_P_DEMO_RLS,SECURITYADMIN,False,2021-02-26T12:08:57.1370000-08:00,2021-02-26T20:08:57.1370000Z
OWNERSHIP,ROLE,_AC_C_SOP_P_MSTR_DDM,SECURITYADMIN,,,_AC_C_SOP_P_MSTR_DDM,SECURITYADMIN,True,2021-03-01T04:47:06.8260000-08:00,2021-03-01T12:47:06.8260000Z
USAGE,ROLE,_AC_C_SOP_P_MSTR_DDM,SYSADMIN,,,_AC_C_SOP_P_MSTR_DDM,SECURITYADMIN,False,2021-03-01T04:47:07.8270000-08:00,2021-03-01T12:47:07.8270000Z
OWNERSHIP,ROLE,_AC_O_SKE_P_ADHOC_BIG,SECURITYADMIN,,,_AC_O_SKE_P_ADHOC_BIG,SECURITYADMIN,True,2021-02-25T04:34:03.4430000-08:00,2021-02-25T12:34:03.4430000Z
USAGE,ROLE,_AC_O_SKE_P_ADHOC_BIG,SYSADMIN,,,_AC_O_SKE_P_ADHOC_BIG,SECURITYADMIN,False,2021-02-25T04:34:04.4440000-08:00,2021-02-25T12:34:04.4440000Z
OWNERSHIP,ROLE,_AC_O_SKE_P_ADHOC_TINY,SECURITYADMIN,,,_AC_O_SKE_P_ADHOC_TINY,SECURITYADMIN,True,2021-02-25T04:34:03.4430000-08:00,2021-02-25T12:34:03.4430000Z
USAGE,ROLE,_AC_O_SKE_P_ADHOC_TINY,SYSADMIN,,,_AC_O_SKE_P_ADHOC_TINY,SECURITYADMIN,False,2021-02-25T04:34:05.4450000-08:00,2021-02-25T12:34:05.4450000Z
USAGE,ROLE,_AC_O_SKE_P_ELT,DOP_P_ALERTING_ADMIN,,,_AC_O_SKE_P_ELT,SECURITYADMIN,False,2021-03-01T04:49:23.9630000-08:00,2021-03-01T12:49:23.9630000Z
USAGE,ROLE,_AC_O_SKE_P_ELT,DOP_P_CLOUDWATCH_ADMIN,,,_AC_O_SKE_P_ELT,SECURITYADMIN,False,2021-03-01T04:49:24.9640000-08:00,2021-03-01T12:49:24.9640000Z
USAGE,ROLE,_AC_O_SKE_P_ELT,DOP_P_MONITOR_ADMIN,,,_AC_O_SKE_P_ELT,SECURITYADMIN,False,2021-02-25T04:40:26.8260000-08:00,2021-02-25T12:40:26.8260000Z
USAGE,ROLE,_AC_O_SKE_P_ELT,DSC_P_SENTIMENT_ADMIN,,,_AC_O_SKE_P_ELT,SECURITYADMIN,False,2021-03-01T04:42:18.5380000-08:00,2021-03-01T12:42:18.5380000Z
USAGE,ROLE,_AC_O_SKE_P_ELT,DSC_P_TWITTER_ADMIN,,,_AC_O_SKE_P_ELT,SECURITYADMIN,False,2021-03-01T04:42:55.5750000-08:00,2021-03-01T12:42:55.5750000Z
USAGE,ROLE,_AC_O_SKE_P_ELT,ENG_P_DATAGEN_ADMIN,,,_AC_O_SKE_P_ELT,SECURITYADMIN,False,2021-03-01T04:36:55.2150000-08:00,2021-03-01T12:36:55.2150000Z
USAGE,ROLE,_AC_O_SKE_P_ELT,ENG_P_XML_TO_JSON_ADMIN,,,_AC_O_SKE_P_ELT,SECURITYADMIN,False,2021-03-01T04:42:59.5790000-08:00,2021-03-01T12:42:59.5790000Z
OWNERSHIP,ROLE,_AC_O_SKE_P_ELT,SECURITYADMIN,,,_AC_O_SKE_P_ELT,SECURITYADMIN,True,2021-02-25T04:34:04.4440000-08:00,2021-02-25T12:34:04.4440000Z
USAGE,ROLE,_AC_O_SKE_P_ELT,SOP_P_DDM_ADMIN,,,_AC_O_SKE_P_ELT,SECURITYADMIN,False,2021-03-01T04:44:59.6990000-08:00,2021-03-01T12:44:59.6990000Z
USAGE,ROLE,_AC_O_SKE_P_ELT,SOP_P_RBAC_GEN_ADMIN,,,_AC_O_SKE_P_ELT,SECURITYADMIN,False,2021-02-27T13:40:35.0350000-08:00,2021-02-27T21:40:35.0350000Z
USAGE,ROLE,_AC_O_SKE_P_ELT,SOP_P_RLS_ADMIN,,,_AC_O_SKE_P_ELT,SECURITYADMIN,False,2021-02-27T13:38:33.9130000-08:00,2021-02-27T21:38:33.9130000Z
USAGE,ROLE,_AC_O_SKE_P_ELT,SYSADMIN,,,_AC_O_SKE_P_ELT,SECURITYADMIN,False,2021-02-25T04:34:05.4450000-08:00,2021-02-25T12:34:05.4450000Z
USAGE,ROLE,_AC_R_COM_P_UTIL,_AC_W_COM_P_UTIL,,,_AC_R_COM_P_UTIL,SECURITYADMIN,False,2021-02-27T03:55:44.9440000-08:00,2021-02-27T11:55:44.9440000Z
OWNERSHIP,ROLE,_AC_R_COM_P_UTIL,SECURITYADMIN,,,_AC_R_COM_P_UTIL,SECURITYADMIN,True,2021-02-27T03:55:43.9430000-08:00,2021-02-27T11:55:43.9430000Z
USAGE,ROLE,_AC_R_COM_P_UTIL_DB_SCH_BR,_AC_W_COM_P_UTIL_DB_SCH_BR,,,_AC_R_COM_P_UTIL_DB_SCH_BR,SECURITYADMIN,False,2021-02-27T03:47:20.4400000-08:00,2021-02-27T11:47:20.4400000Z
OWNERSHIP,ROLE,_AC_R_COM_P_UTIL_DB_SCH_BR,SECURITYADMIN,,,_AC_R_COM_P_UTIL_DB_SCH_BR,SECURITYADMIN,True,2021-02-27T03:47:19.4390000-08:00,2021-02-27T11:47:19.4390000Z
USAGE,ROLE,_AC_R_DOP_P_DEMO_ALERTING,_AC_W_DOP_P_DEMO_ALERTING,,,_AC_R_DOP_P_DEMO_ALERTING,SECURITYADMIN,False,2021-02-27T04:04:19.4590000-08:00,2021-02-27T12:04:19.4590000Z
USAGE,ROLE,_AC_R_DOP_P_DEMO_ALERTING,DOP_P_MONITOR_ADMIN,,,_AC_R_DOP_P_DEMO_ALERTING,SECURITYADMIN,False,2021-03-03T14:43:07.3870000-08:00,2021-03-03T22:43:07.3870000Z
OWNERSHIP,ROLE,_AC_R_DOP_P_DEMO_ALERTING,SECURITYADMIN,,,_AC_R_DOP_P_DEMO_ALERTING,SECURITYADMIN,True,2021-02-27T04:04:18.4580000-08:00,2021-02-27T12:04:18.4580000Z
USAGE,ROLE,_AC_R_DOP_P_DEMO_ALERTING,SKE_P_DEMO,,,_AC_R_DOP_P_DEMO_ALERTING,SECURITYADMIN,False,2021-02-27T04:07:31.6510000-08:00,2021-02-27T12:07:31.6510000Z
USAGE,ROLE,_AC_R_DOP_P_DEMO_CLOUDWATCH,_AC_W_DOP_P_DEMO_CLOUDWATCH,,,_AC_R_DOP_P_DEMO_CLOUDWATCH,SECURITYADMIN,False,2021-02-27T04:03:19.3990000-08:00,2021-02-27T12:03:19.3990000Z
OWNERSHIP,ROLE,_AC_R_DOP_P_DEMO_CLOUDWATCH,SECURITYADMIN,,,_AC_R_DOP_P_DEMO_CLOUDWATCH,SECURITYADMIN,True,2021-02-27T04:03:19.3990000-08:00,2021-02-27T12:03:19.3990000Z
USAGE,ROLE,_AC_R_DOP_P_DEMO_CLOUDWATCH,SKE_P_DEMO,,,_AC_R_DOP_P_DEMO_CLOUDWATCH,SECURITYADMIN,False,2021-02-27T04:07:31.6510000-08:00,2021-02-27T12:07:31.6510000Z
USAGE,ROLE,_AC_R_DOP_P_DEMO_MONITOR,_AC_W_DOP_P_DEMO_MONITOR,,,_AC_R_DOP_P_DEMO_MONITOR,SECURITYADMIN,False,2021-02-25T04:15:30.3300000-08:00,2021-02-25T12:15:30.3300000Z
OWNERSHIP,ROLE,_AC_R_DOP_P_DEMO_MONITOR,SECURITYADMIN,,,_AC_R_DOP_P_DEMO_MONITOR,SECURITYADMIN,True,2021-02-25T04:15:29.3290000-08:00,2021-02-25T12:15:29.3290000Z
USAGE,ROLE,_AC_R_DOP_P_DEMO_MONITOR,SKE_P_DEMO,,,_AC_R_DOP_P_DEMO_MONITOR,SECURITYADMIN,False,2021-02-26T11:22:13.3330000-08:00,2021-02-26T19:22:13.3330000Z
USAGE,ROLE,_AC_R_DSC_P_DEMO_SENTIMENT,_AC_W_DSC_P_DEMO_SENTIMENT,,,_AC_R_DSC_P_DEMO_SENTIMENT,SECURITYADMIN,False,2021-02-27T03:46:28.3880000-08:00,2021-02-27T11:46:28.3880000Z
OWNERSHIP,ROLE,_AC_R_DSC_P_DEMO_SENTIMENT,SECURITYADMIN,,,_AC_R_DSC_P_DEMO_SENTIMENT,SECURITYADMIN,True,2021-02-27T03:46:27.3870000-08:00,2021-02-27T11:46:27.3870000Z
USAGE,ROLE,_AC_R_DSC_P_DEMO_SENTIMENT,SKE_P_DEMO,,,_AC_R_DSC_P_DEMO_SENTIMENT,SECURITYADMIN,False,2021-02-27T04:07:31.6510000-08:00,2021-02-27T12:07:31.6510000Z
USAGE,ROLE,_AC_R_DSC_P_DEMO_TWITTER,_AC_W_DSC_P_DEMO_TWITTER,,,_AC_R_DSC_P_DEMO_TWITTER,SECURITYADMIN,False,2021-02-27T03:46:28.3880000-08:00,2021-02-27T11:46:28.3880000Z
OWNERSHIP,ROLE,_AC_R_DSC_P_DEMO_TWITTER,SECURITYADMIN,,,_AC_R_DSC_P_DEMO_TWITTER,SECURITYADMIN,True,2021-02-27T03:46:27.3870000-08:00,2021-02-27T11:46:27.3870000Z
USAGE,ROLE,_AC_R_DSC_P_DEMO_TWITTER,SKE_P_DEMO,,,_AC_R_DSC_P_DEMO_TWITTER,SECURITYADMIN,False,2021-02-27T04:07:31.6510000-08:00,2021-02-27T12:07:31.6510000Z
USAGE,ROLE,_AC_R_ENG_P_DEMO_DATAGEN,_AC_W_ENG_P_DEMO_DATAGEN,,,_AC_R_ENG_P_DEMO_DATAGEN,SECURITYADMIN,False,2021-02-27T03:45:34.3340000-08:00,2021-02-27T11:45:34.3340000Z
OWNERSHIP,ROLE,_AC_R_ENG_P_DEMO_DATAGEN,SECURITYADMIN,,,_AC_R_ENG_P_DEMO_DATAGEN,SECURITYADMIN,True,2021-02-27T03:45:33.3330000-08:00,2021-02-27T11:45:33.3330000Z
USAGE,ROLE,_AC_R_ENG_P_DEMO_DATAGEN,SKE_P_DEMO,,,_AC_R_ENG_P_DEMO_DATAGEN,SECURITYADMIN,False,2021-02-27T04:07:31.6510000-08:00,2021-02-27T12:07:31.6510000Z
USAGE,ROLE,_AC_R_ENG_P_DEMO_DATAGEN,SOP_P_RLS_ADMIN,,,_AC_R_ENG_P_DEMO_DATAGEN,SECURITYADMIN,False,2021-02-28T17:51:19.4790000-08:00,2021-03-01T01:51:19.4790000Z
USAGE,ROLE,_AC_R_ENG_P_DEMO_XML_TO_JSON,_AC_W_ENG_P_DEMO_XML_TO_JSON,,,_AC_R_ENG_P_DEMO_XML_TO_JSON,SECURITYADMIN,False,2021-02-27T03:45:34.3340000-08:00,2021-02-27T11:45:34.3340000Z
OWNERSHIP,ROLE,_AC_R_ENG_P_DEMO_XML_TO_JSON,SECURITYADMIN,,,_AC_R_ENG_P_DEMO_XML_TO_JSON,SECURITYADMIN,True,2021-02-27T03:45:33.3330000-08:00,2021-02-27T11:45:33.3330000Z
USAGE,ROLE,_AC_R_ENG_P_DEMO_XML_TO_JSON,SKE_P_DEMO,,,_AC_R_ENG_P_DEMO_XML_TO_JSON,SECURITYADMIN,False,2021-02-27T04:07:31.6510000-08:00,2021-02-27T12:07:31.6510000Z
USAGE,ROLE,_AC_R_SKE_P_WRK,_AC_W_SKE_P_WRK,,,_AC_R_SKE_P_WRK,SECURITYADMIN,False,2021-02-23T14:12:50.3700000-08:00,2021-02-23T22:12:50.3700000Z
OWNERSHIP,ROLE,_AC_R_SKE_P_WRK,SECURITYADMIN,,,_AC_R_SKE_P_WRK,SECURITYADMIN,True,2021-02-23T14:12:50.3700000-08:00,2021-02-23T22:12:50.3700000Z
USAGE,ROLE,_AC_R_SOP_P_DEMO_DDM,_AC_W_SOP_P_DEMO_DDM,,,_AC_R_SOP_P_DEMO_DDM,SECURITYADMIN,False,2021-02-26T12:08:58.1380000-08:00,2021-02-26T20:08:58.1380000Z
OWNERSHIP,ROLE,_AC_R_SOP_P_DEMO_DDM,SECURITYADMIN,,,_AC_R_SOP_P_DEMO_DDM,SECURITYADMIN,True,2021-02-26T12:08:55.1350000-08:00,2021-02-26T20:08:55.1350000Z
USAGE,ROLE,_AC_R_SOP_P_DEMO_RBAC_GEN,_AC_W_SOP_P_DEMO_RBAC_GEN,,,_AC_R_SOP_P_DEMO_RBAC_GEN,SECURITYADMIN,False,2021-02-26T12:08:58.1380000-08:00,2021-02-26T20:08:58.1380000Z
OWNERSHIP,ROLE,_AC_R_SOP_P_DEMO_RBAC_GEN,SECURITYADMIN,,,_AC_R_SOP_P_DEMO_RBAC_GEN,SECURITYADMIN,True,2021-02-26T12:08:56.1360000-08:00,2021-02-26T20:08:56.1360000Z
USAGE,ROLE,_AC_R_SOP_P_DEMO_RBAC_GEN,SKE_P_DEMO,,,_AC_R_SOP_P_DEMO_RBAC_GEN,SECURITYADMIN,False,2021-02-26T12:34:52.6920000-08:00,2021-02-26T20:34:52.6920000Z
USAGE,ROLE,_AC_R_SOP_P_DEMO_RLS,_AC_W_SOP_P_DEMO_RLS,,,_AC_R_SOP_P_DEMO_RLS,SECURITYADMIN,False,2021-02-26T12:08:58.1380000-08:00,2021-02-26T20:08:58.1380000Z
OWNERSHIP,ROLE,_AC_R_SOP_P_DEMO_RLS,SECURITYADMIN,,,_AC_R_SOP_P_DEMO_RLS,SECURITYADMIN,True,2021-02-26T12:08:56.1360000-08:00,2021-02-26T20:08:56.1360000Z
USAGE,ROLE,_AC_R_SOP_P_DEMO_RLS,SKE_P_DEMO,,,_AC_R_SOP_P_DEMO_RLS,SECURITYADMIN,False,2021-02-26T12:34:54.6940000-08:00,2021-02-26T20:34:54.6940000Z
USAGE,ROLE,_AC_R_SOP_P_MSTR_DDM,_AC_W_SOP_P_MSTR_DDM,,,_AC_R_SOP_P_MSTR_DDM,SECURITYADMIN,False,2021-03-01T04:47:07.8270000-08:00,2021-03-01T12:47:07.8270000Z
OWNERSHIP,ROLE,_AC_R_SOP_P_MSTR_DDM,SECURITYADMIN,,,_AC_R_SOP_P_MSTR_DDM,SECURITYADMIN,True,2021-03-01T04:47:07.8270000-08:00,2021-03-01T12:47:07.8270000Z
USAGE,ROLE,_AC_U_SKE_P_ADHOC_BIG,_AC_O_SKE_P_ADHOC_BIG,,,_AC_U_SKE_P_ADHOC_BIG,SECURITYADMIN,False,2021-02-25T04:34:05.4450000-08:00,2021-02-25T12:34:05.4450000Z
OWNERSHIP,ROLE,_AC_U_SKE_P_ADHOC_BIG,SECURITYADMIN,,,_AC_U_SKE_P_ADHOC_BIG,SECURITYADMIN,True,2021-02-25T04:34:04.4440000-08:00,2021-02-25T12:34:04.4440000Z
USAGE,ROLE,_AC_U_SKE_P_ADHOC_BIG,SKE_P_DEMO,,,_AC_U_SKE_P_ADHOC_BIG,SECURITYADMIN,False,2021-02-26T12:05:12.9120000-08:00,2021-02-26T20:05:12.9120000Z
USAGE,ROLE,_AC_U_SKE_P_ADHOC_TINY,_AC_O_SKE_P_ADHOC_TINY,,,_AC_U_SKE_P_ADHOC_TINY,SECURITYADMIN,False,2021-02-25T04:37:32.6520000-08:00,2021-02-25T12:37:32.6520000Z
OWNERSHIP,ROLE,_AC_U_SKE_P_ADHOC_TINY,SECURITYADMIN,,,_AC_U_SKE_P_ADHOC_TINY,SECURITYADMIN,True,2021-02-25T04:34:04.4440000-08:00,2021-02-25T12:34:04.4440000Z
USAGE,ROLE,_AC_U_SKE_P_ADHOC_TINY,SKE_P_DEMO,,,_AC_U_SKE_P_ADHOC_TINY,SECURITYADMIN,False,2021-02-26T12:05:18.9180000-08:00,2021-02-26T20:05:18.9180000Z
USAGE,ROLE,_AC_U_SKE_P_ELT,_AC_O_SKE_P_ELT,,,_AC_U_SKE_P_ELT,SECURITYADMIN,False,2021-02-25T04:37:32.6520000-08:00,2021-02-25T12:37:32.6520000Z
OWNERSHIP,ROLE,_AC_U_SKE_P_ELT,SECURITYADMIN,,,_AC_U_SKE_P_ELT,SECURITYADMIN,True,2021-02-25T04:34:04.4440000-08:00,2021-02-25T12:34:04.4440000Z
USAGE,ROLE,_AC_W_COM_P_UTIL,_AC_C_COM_P_UTIL,,,_AC_W_COM_P_UTIL,SECURITYADMIN,False,2021-02-27T03:55:44.9440000-08:00,2021-02-27T11:55:44.9440000Z
OWNERSHIP,ROLE,_AC_W_COM_P_UTIL,SECURITYADMIN,,,_AC_W_COM_P_UTIL,SECURITYADMIN,True,2021-02-27T03:55:44.9440000-08:00,2021-02-27T11:55:44.9440000Z
USAGE,ROLE,_AC_W_COM_P_UTIL_DB_SCH_BR,_AC_C_COM_P_UTIL_DB_SCH_BR,,,_AC_W_COM_P_UTIL_DB_SCH_BR,SECURITYADMIN,False,2021-02-27T03:47:20.4400000-08:00,2021-02-27T11:47:20.4400000Z
OWNERSHIP,ROLE,_AC_W_COM_P_UTIL_DB_SCH_BR,SECURITYADMIN,,,_AC_W_COM_P_UTIL_DB_SCH_BR,SECURITYADMIN,True,2021-02-27T03:47:20.4400000-08:00,2021-02-27T11:47:20.4400000Z
USAGE,ROLE,_AC_W_DOP_P_DEMO_ALERTING,_AC_C_DOP_P_DEMO_ALERTING,,,_AC_W_DOP_P_DEMO_ALERTING,SECURITYADMIN,False,2021-02-27T04:04:19.4590000-08:00,2021-02-27T12:04:19.4590000Z
OWNERSHIP,ROLE,_AC_W_DOP_P_DEMO_ALERTING,SECURITYADMIN,,,_AC_W_DOP_P_DEMO_ALERTING,SECURITYADMIN,True,2021-02-27T04:04:19.4590000-08:00,2021-02-27T12:04:19.4590000Z
USAGE,ROLE,_AC_W_DOP_P_DEMO_CLOUDWATCH,_AC_C_DOP_P_DEMO_CLOUDWATCH,,,_AC_W_DOP_P_DEMO_CLOUDWATCH,SECURITYADMIN,False,2021-02-27T04:03:19.3990000-08:00,2021-02-27T12:03:19.3990000Z
OWNERSHIP,ROLE,_AC_W_DOP_P_DEMO_CLOUDWATCH,SECURITYADMIN,,,_AC_W_DOP_P_DEMO_CLOUDWATCH,SECURITYADMIN,True,2021-02-27T04:03:19.3990000-08:00,2021-02-27T12:03:19.3990000Z
USAGE,ROLE,_AC_W_DOP_P_DEMO_MONITOR,_AC_C_DOP_P_DEMO_MONITOR,,,_AC_W_DOP_P_DEMO_MONITOR,SECURITYADMIN,False,2021-02-25T04:15:30.3300000-08:00,2021-02-25T12:15:30.3300000Z
OWNERSHIP,ROLE,_AC_W_DOP_P_DEMO_MONITOR,SECURITYADMIN,,,_AC_W_DOP_P_DEMO_MONITOR,SECURITYADMIN,True,2021-02-25T04:15:29.3290000-08:00,2021-02-25T12:15:29.3290000Z
USAGE,ROLE,_AC_W_DSC_P_DEMO_SENTIMENT,_AC_C_DSC_P_DEMO_SENTIMENT,,,_AC_W_DSC_P_DEMO_SENTIMENT,SECURITYADMIN,False,2021-02-27T03:46:28.3880000-08:00,2021-02-27T11:46:28.3880000Z
OWNERSHIP,ROLE,_AC_W_DSC_P_DEMO_SENTIMENT,SECURITYADMIN,,,_AC_W_DSC_P_DEMO_SENTIMENT,SECURITYADMIN,True,2021-02-27T03:46:27.3870000-08:00,2021-02-27T11:46:27.3870000Z
USAGE,ROLE,_AC_W_DSC_P_DEMO_TWITTER,_AC_C_DSC_P_DEMO_TWITTER,,,_AC_W_DSC_P_DEMO_TWITTER,SECURITYADMIN,False,2021-02-27T03:46:29.3890000-08:00,2021-02-27T11:46:29.3890000Z
OWNERSHIP,ROLE,_AC_W_DSC_P_DEMO_TWITTER,SECURITYADMIN,,,_AC_W_DSC_P_DEMO_TWITTER,SECURITYADMIN,True,2021-02-27T03:46:28.3880000-08:00,2021-02-27T11:46:28.3880000Z
USAGE,ROLE,_AC_W_ENG_P_DEMO_DATAGEN,_AC_C_ENG_P_DEMO_DATAGEN,,,_AC_W_ENG_P_DEMO_DATAGEN,SECURITYADMIN,False,2021-02-27T03:45:34.3340000-08:00,2021-02-27T11:45:34.3340000Z
OWNERSHIP,ROLE,_AC_W_ENG_P_DEMO_DATAGEN,SECURITYADMIN,,,_AC_W_ENG_P_DEMO_DATAGEN,SECURITYADMIN,True,2021-02-27T03:45:33.3330000-08:00,2021-02-27T11:45:33.3330000Z
USAGE,ROLE,_AC_W_ENG_P_DEMO_XML_TO_JSON,_AC_C_ENG_P_DEMO_XML_TO_JSON,,,_AC_W_ENG_P_DEMO_XML_TO_JSON,SECURITYADMIN,False,2021-02-27T03:45:35.3350000-08:00,2021-02-27T11:45:35.3350000Z
OWNERSHIP,ROLE,_AC_W_ENG_P_DEMO_XML_TO_JSON,SECURITYADMIN,,,_AC_W_ENG_P_DEMO_XML_TO_JSON,SECURITYADMIN,True,2021-02-27T03:45:34.3340000-08:00,2021-02-27T11:45:34.3340000Z
USAGE,ROLE,_AC_W_SKE_P_WRK,_AC_C_SKE_P_WRK,,,_AC_W_SKE_P_WRK,SECURITYADMIN,False,2021-02-23T14:12:50.3700000-08:00,2021-02-23T22:12:50.3700000Z
OWNERSHIP,ROLE,_AC_W_SKE_P_WRK,SECURITYADMIN,,,_AC_W_SKE_P_WRK,SECURITYADMIN,True,2021-02-23T14:12:50.3700000-08:00,2021-02-23T22:12:50.3700000Z
USAGE,ROLE,_AC_W_SOP_P_DEMO_DDM,_AC_C_SOP_P_DEMO_DDM,,,_AC_W_SOP_P_DEMO_DDM,SECURITYADMIN,False,2021-02-26T12:08:58.1380000-08:00,2021-02-26T20:08:58.1380000Z
OWNERSHIP,ROLE,_AC_W_SOP_P_DEMO_DDM,SECURITYADMIN,,,_AC_W_SOP_P_DEMO_DDM,SECURITYADMIN,True,2021-02-26T12:08:56.1360000-08:00,2021-02-26T20:08:56.1360000Z
USAGE,ROLE,_AC_W_SOP_P_DEMO_RBAC_GEN,_AC_C_SOP_P_DEMO_RBAC_GEN,,,_AC_W_SOP_P_DEMO_RBAC_GEN,SECURITYADMIN,False,2021-02-26T12:08:58.1380000-08:00,2021-02-26T20:08:58.1380000Z
OWNERSHIP,ROLE,_AC_W_SOP_P_DEMO_RBAC_GEN,SECURITYADMIN,,,_AC_W_SOP_P_DEMO_RBAC_GEN,SECURITYADMIN,True,2021-02-26T12:08:57.1370000-08:00,2021-02-26T20:08:57.1370000Z
USAGE,ROLE,_AC_W_SOP_P_DEMO_RLS,_AC_C_SOP_P_DEMO_RLS,,,_AC_W_SOP_P_DEMO_RLS,SECURITYADMIN,False,2021-02-26T12:08:58.1380000-08:00,2021-02-26T20:08:58.1380000Z
OWNERSHIP,ROLE,_AC_W_SOP_P_DEMO_RLS,SECURITYADMIN,,,_AC_W_SOP_P_DEMO_RLS,SECURITYADMIN,True,2021-02-26T12:08:57.1370000-08:00,2021-02-26T20:08:57.1370000Z
USAGE,ROLE,_AC_W_SOP_P_MSTR_DDM,_AC_C_SOP_P_MSTR_DDM,,,_AC_W_SOP_P_MSTR_DDM,SECURITYADMIN,False,2021-03-01T04:47:07.8270000-08:00,2021-03-01T12:47:07.8270000Z
OWNERSHIP,ROLE,_AC_W_SOP_P_MSTR_DDM,SECURITYADMIN,,,_AC_W_SOP_P_MSTR_DDM,SECURITYADMIN,True,2021-03-01T04:47:07.8270000-08:00,2021-03-01T12:47:07.8270000Z
USAGE,ROLE,_AC_X_TASK_ADMIN,DOP_P_MONITOR_ADMIN,,,_AC_X_TASK_ADMIN,SECURITYADMIN,False,2021-02-25T04:40:26.8260000-08:00,2021-02-25T12:40:26.8260000Z
OWNERSHIP,ROLE,_AC_X_TASK_ADMIN,SECURITYADMIN,,,_AC_X_TASK_ADMIN,SECURITYADMIN,True,2021-02-24T08:12:22.1420000-08:00,2021-02-24T16:12:22.1420000Z
USAGE,ROLE,_AC_X_TASK_ADMIN,SKE_P_UTIL_ADMIN,,,_AC_X_TASK_ADMIN,SECURITYADMIN,False,2021-02-27T04:04:55.4950000-08:00,2021-02-27T12:04:55.4950000Z
USAGE,ROLE,_AC_X_TASK_ADMIN,SYSADMIN,,,_AC_X_TASK_ADMIN,SECURITYADMIN,False,2021-02-24T08:12:30.1500000-08:00,2021-02-24T16:12:30.1500000Z
OWNERSHIP,ROLE,_CS_SOP_RLS_DDM_EMPLOYEE_PII,SECURITYADMIN,,,_CS_SOP_RLS_DDM_EMPLOYEE_PII,SECURITYADMIN,True,2021-03-01T05:10:36.2360000-08:00,2021-03-01T13:10:36.2360000Z
OWNERSHIP,ROLE,_RS_SOP_RLS_MKTSEGMENT_AUTOMOBILE,SECURITYADMIN,,,_RS_SOP_RLS_MKTSEGMENT_AUTOMOBILE,SECURITYADMIN,True,2021-02-28T08:22:49.3690000-08:00,2021-02-28T16:22:49.3690000Z
OWNERSHIP,ROLE,_RS_SOP_RLS_MKTSEGMENT_BUILDING,SECURITYADMIN,,,_RS_SOP_RLS_MKTSEGMENT_BUILDING,SECURITYADMIN,True,2021-02-28T08:22:48.3680000-08:00,2021-02-28T16:22:48.3680000Z
OWNERSHIP,ROLE,_RS_SOP_RLS_MKTSEGMENT_FURNITURE,SECURITYADMIN,,,_RS_SOP_RLS_MKTSEGMENT_FURNITURE,SECURITYADMIN,True,2021-02-28T08:22:48.3680000-08:00,2021-02-28T16:22:48.3680000Z
OWNERSHIP,ROLE,_RS_SOP_RLS_MKTSEGMENT_HOUSEHOLD,SECURITYADMIN,,,_RS_SOP_RLS_MKTSEGMENT_HOUSEHOLD,SECURITYADMIN,True,2021-02-28T08:22:48.3680000-08:00,2021-02-28T16:22:48.3680000Z
OWNERSHIP,ROLE,_RS_SOP_RLS_MKTSEGMENT_MACHINERY,SECURITYADMIN,,,_RS_SOP_RLS_MKTSEGMENT_MACHINERY,SECURITYADMIN,True,2021-02-28T08:22:48.3680000-08:00,2021-02-28T16:22:48.3680000Z
USAGE,ROLE,_RS_SOP_RLS_REGION_EAST,_RS_SOP_RLS_REGION_USA,,,_RS_SOP_RLS_REGION_EAST,SECURITYADMIN,False,2021-02-28T08:22:47.3670000-08:00,2021-02-28T16:22:47.3670000Z
OWNERSHIP,ROLE,_RS_SOP_RLS_REGION_EAST,SECURITYADMIN,,,_RS_SOP_RLS_REGION_EAST,SECURITYADMIN,True,2021-02-28T08:22:45.3650000-08:00,2021-02-28T16:22:45.3650000Z
USAGE,ROLE,_RS_SOP_RLS_REGION_MIDWEST,_RS_SOP_RLS_REGION_WEST,,,_RS_SOP_RLS_REGION_MIDWEST,SECURITYADMIN,False,2021-02-28T08:22:47.3670000-08:00,2021-02-28T16:22:47.3670000Z
OWNERSHIP,ROLE,_RS_SOP_RLS_REGION_MIDWEST,SECURITYADMIN,,,_RS_SOP_RLS_REGION_MIDWEST,SECURITYADMIN,True,2021-02-28T08:22:45.3650000-08:00,2021-02-28T16:22:45.3650000Z
USAGE,ROLE,_RS_SOP_RLS_REGION_NORTHEAST,_RS_SOP_RLS_REGION_EAST,,,_RS_SOP_RLS_REGION_NORTHEAST,SECURITYADMIN,False,2021-02-28T08:22:46.3660000-08:00,2021-02-28T16:22:46.3660000Z
OWNERSHIP,ROLE,_RS_SOP_RLS_REGION_NORTHEAST,SECURITYADMIN,,,_RS_SOP_RLS_REGION_NORTHEAST,SECURITYADMIN,True,2021-02-28T08:22:44.3640000-08:00,2021-02-28T16:22:44.3640000Z
USAGE,ROLE,_RS_SOP_RLS_REGION_SOUTH,_RS_SOP_RLS_REGION_EAST,,,_RS_SOP_RLS_REGION_SOUTH,SECURITYADMIN,False,2021-02-28T08:22:46.3660000-08:00,2021-02-28T16:22:46.3660000Z
OWNERSHIP,ROLE,_RS_SOP_RLS_REGION_SOUTH,SECURITYADMIN,,,_RS_SOP_RLS_REGION_SOUTH,SECURITYADMIN,True,2021-02-28T08:22:45.3650000-08:00,2021-02-28T16:22:45.3650000Z
USAGE,ROLE,_RS_SOP_RLS_REGION_SOUTHWEST,_RS_SOP_RLS_REGION_WEST,,,_RS_SOP_RLS_REGION_SOUTHWEST,SECURITYADMIN,False,2021-02-28T08:22:47.3670000-08:00,2021-02-28T16:22:47.3670000Z
OWNERSHIP,ROLE,_RS_SOP_RLS_REGION_SOUTHWEST,SECURITYADMIN,,,_RS_SOP_RLS_REGION_SOUTHWEST,SECURITYADMIN,True,2021-02-28T08:22:45.3650000-08:00,2021-02-28T16:22:45.3650000Z
OWNERSHIP,ROLE,_RS_SOP_RLS_REGION_USA,SECURITYADMIN,,,_RS_SOP_RLS_REGION_USA,SECURITYADMIN,True,2021-02-28T08:22:46.3660000-08:00,2021-02-28T16:22:46.3660000Z
USAGE,ROLE,_RS_SOP_RLS_REGION_WEST,_RS_SOP_RLS_REGION_USA,,,_RS_SOP_RLS_REGION_WEST,SECURITYADMIN,False,2021-02-28T08:22:47.3670000-08:00,2021-02-28T16:22:47.3670000Z
OWNERSHIP,ROLE,_RS_SOP_RLS_REGION_WEST,SECURITYADMIN,,,_RS_SOP_RLS_REGION_WEST,SECURITYADMIN,True,2021-02-28T08:22:46.3660000-08:00,2021-02-28T16:22:46.3660000Z
OWNERSHIP,ROLE,"""SKE.DDM_DEMO""",ACCOUNTADMIN,,,SKE.DDM_DEMO,ACCOUNTADMIN,True,2020-10-30T12:15:18.3180000-07:00,2020-10-30T19:15:18.3180000Z
OWNERSHIP,ROLE,DOP_P_ALERTING_ADMIN,SECURITYADMIN,,,DOP_P_ALERTING_ADMIN,SECURITYADMIN,True,2021-03-01T04:42:15.5350000-08:00,2021-03-01T12:42:15.5350000Z
USAGE,ROLE,DOP_P_ALERTING_ADMIN,SYSADMIN,,,DOP_P_ALERTING_ADMIN,SECURITYADMIN,False,2021-03-01T04:49:03.9430000-08:00,2021-03-01T12:49:03.9430000Z
OWNERSHIP,ROLE,DOP_P_CLOUDWATCH_ADMIN,SECURITYADMIN,,,DOP_P_CLOUDWATCH_ADMIN,SECURITYADMIN,True,2021-02-27T04:01:01.2610000-08:00,2021-02-27T12:01:01.2610000Z
USAGE,ROLE,DOP_P_CLOUDWATCH_ADMIN,SYSADMIN,,,DOP_P_CLOUDWATCH_ADMIN,SECURITYADMIN,False,2021-02-27T13:39:34.9740000-08:00,2021-02-27T21:39:34.9740000Z
OWNERSHIP,ROLE,DOP_P_MONITOR_ADMIN,SECURITYADMIN,,,DOP_P_MONITOR_ADMIN,SECURITYADMIN,True,2021-02-25T04:30:45.2450000-08:00,2021-02-25T12:30:45.2450000Z
USAGE,ROLE,DOP_P_MONITOR_ADMIN,SYSADMIN,,,DOP_P_MONITOR_ADMIN,SECURITYADMIN,False,2021-02-25T05:02:19.1390000-08:00,2021-02-25T13:02:19.1390000Z
OWNERSHIP,ROLE,DSC_P_SENTIMENT_ADMIN,SECURITYADMIN,,,DSC_P_SENTIMENT_ADMIN,SECURITYADMIN,True,2021-02-27T04:04:53.4930000-08:00,2021-02-27T12:04:53.4930000Z
USAGE,ROLE,DSC_P_SENTIMENT_ADMIN,SYSADMIN,,,DSC_P_SENTIMENT_ADMIN,SECURITYADMIN,False,2021-03-01T04:49:08.9480000-08:00,2021-03-01T12:49:08.9480000Z
OWNERSHIP,ROLE,DSC_P_TWITTER_ADMIN,SECURITYADMIN,,,DSC_P_TWITTER_ADMIN,SECURITYADMIN,True,2021-02-27T04:04:54.4940000-08:00,2021-02-27T12:04:54.4940000Z
USAGE,ROLE,DSC_P_TWITTER_ADMIN,SYSADMIN,,,DSC_P_TWITTER_ADMIN,SECURITYADMIN,False,2021-03-01T04:49:09.9490000-08:00,2021-03-01T12:49:09.9490000Z
OWNERSHIP,ROLE,ENG_P_DATAGEN_ADMIN,SECURITYADMIN,,,ENG_P_DATAGEN_ADMIN,SECURITYADMIN,True,2021-02-27T04:04:54.4940000-08:00,2021-02-27T12:04:54.4940000Z
USAGE,ROLE,ENG_P_DATAGEN_ADMIN,SYSADMIN,,,ENG_P_DATAGEN_ADMIN,SECURITYADMIN,False,2021-03-01T04:49:10.9500000-08:00,2021-03-01T12:49:10.9500000Z
OWNERSHIP,ROLE,ENG_P_XML_TO_JSON_ADMIN,SECURITYADMIN,,,ENG_P_XML_TO_JSON_ADMIN,SECURITYADMIN,True,2021-02-27T03:58:08.0880000-08:00,2021-02-27T11:58:08.0880000Z
USAGE,ROLE,ENG_P_XML_TO_JSON_ADMIN,SYSADMIN,,,ENG_P_XML_TO_JSON_ADMIN,SECURITYADMIN,False,2021-02-27T04:01:01.2610000-08:00,2021-02-27T12:01:01.2610000Z
OWNERSHIP,ROLE,OKTA_PROVISIONER,ACCOUNTADMIN,,,OKTA_PROVISIONER,ACCOUNTADMIN,True,2021-02-26T10:51:02.4620000-08:00,2021-02-26T18:51:02.4620000Z
USAGE,ROLE,OKTA_PROVISIONER,ACCOUNTADMIN,,,OKTA_PROVISIONER,ACCOUNTADMIN,False,2021-02-26T10:51:03.4630000-08:00,2021-02-26T18:51:03.4630000Z
OWNERSHIP,ROLE,PST_WORKSPACE,SECURITYADMIN,,,PST_WORKSPACE,SECURITYADMIN,True,2021-02-27T04:00:59.2590000-08:00,2021-02-27T12:00:59.2590000Z
USAGE,ROLE,SECURITYADMIN,ACCOUNTADMIN,,,SECURITYADMIN,,True,2020-10-19T12:09:03.5430000-07:00,2020-10-19T19:09:03.5430000Z
OWNERSHIP,ROLE,SKE_P_DDM_HR_CLERK,SECURITYADMIN,,,SKE_P_DDM_HR_CLERK,SECURITYADMIN,True,2021-03-01T04:36:55.2150000-08:00,2021-03-01T12:36:55.2150000Z
USAGE,ROLE,SKE_P_DDM_HR_CLERK,SKE_P_DDM_HR_MGR,,,SKE_P_DDM_HR_CLERK,SECURITYADMIN,False,2021-03-01T04:41:32.4920000-08:00,2021-03-01T12:41:32.4920000Z
OWNERSHIP,ROLE,SKE_P_DDM_HR_MGR,SECURITYADMIN,,,SKE_P_DDM_HR_MGR,SECURITYADMIN,True,2021-03-01T04:40:21.4210000-08:00,2021-03-01T12:40:21.4210000Z
OWNERSHIP,ROLE,SKE_P_DEMO,OKTA_PROVISIONER,,,SKE_P_DEMO,OKTA_PROVISIONER,True,2021-02-26T11:09:30.5700000-08:00,2021-02-26T19:09:30.5700000Z
USAGE,ROLE,SKE_P_DEMO,PST_WORKSPACE,,,SKE_P_DEMO,OKTA_PROVISIONER,False,2021-02-27T04:01:00.2600000-08:00,2021-02-27T12:01:00.2600000Z
USAGE,ROLE,SKE_P_DEMO,SKE_P_DDM_HR_CLERK,,,SKE_P_DEMO,OKTA_PROVISIONER,False,2021-03-01T04:43:12.5920000-08:00,2021-03-01T12:43:12.5920000Z
OWNERSHIP,ROLE,SKE_P_UTIL_ADMIN,SECURITYADMIN,,,SKE_P_UTIL_ADMIN,SECURITYADMIN,True,2021-02-27T04:04:55.4950000-08:00,2021-02-27T12:04:55.4950000Z
OWNERSHIP,ROLE,SOP_P_DDM_ADMIN,SECURITYADMIN,,,SOP_P_DDM_ADMIN,SECURITYADMIN,True,2021-03-01T04:43:37.6170000-08:00,2021-03-01T12:43:37.6170000Z
USAGE,ROLE,SOP_P_DDM_ADMIN,SYSADMIN,,,SOP_P_DDM_ADMIN,SECURITYADMIN,False,2021-03-01T04:49:12.9520000-08:00,2021-03-01T12:49:12.9520000Z
OWNERSHIP,ROLE,SOP_P_RBAC_GEN_ADMIN,SECURITYADMIN,,,SOP_P_RBAC_GEN_ADMIN,SECURITYADMIN,True,2021-02-27T13:40:34.0340000-08:00,2021-02-27T21:40:34.0340000Z
USAGE,ROLE,SOP_P_RBAC_GEN_ADMIN,SYSADMIN,,,SOP_P_RBAC_GEN_ADMIN,SECURITYADMIN,False,2021-02-27T13:40:42.0420000-08:00,2021-02-27T21:40:42.0420000Z
OWNERSHIP,ROLE,SOP_P_RLS_ADMIN,SECURITYADMIN,,,SOP_P_RLS_ADMIN,SECURITYADMIN,True,2021-02-27T13:38:33.9130000-08:00,2021-02-27T21:38:33.9130000Z
USAGE,ROLE,SOP_P_RLS_ADMIN,SYSADMIN,,,SOP_P_RLS_ADMIN,SECURITYADMIN,False,2021-02-27T13:40:42.0420000-08:00,2021-02-27T21:40:42.0420000Z
USAGE,ROLE,SYSADMIN,ACCOUNTADMIN,,,SYSADMIN,,True,2020-10-19T12:09:03.5430000-07:00,2020-10-19T19:09:03.5430000Z
USAGE,ROLE,USERADMIN,SECURITYADMIN,,,USERADMIN,,True,2020-10-19T12:09:03.5430000-07:00,2020-10-19T19:09:03.5430000Z
