"created_on","name","is_default","is_current","is_inherited","assigned_to_users","granted_to_roles","granted_roles","owner","comment"
"2020-10-19 19:09:03.412 +0000","ACCOUNTADMIN","N","N","N","3","0","3","","Account administrator can manage all aspects of the account."
"2021-03-01 12:42:15.408 +0000","DOP_P_ALERTING_ADMIN","N","N","N","1","1","2","SECURITYADMIN",""
"2021-02-27 12:01:01.766 +0000","DOP_P_CLOUDWATCH_ADMIN","N","N","N","0","1","2","SECURITYADMIN",""
"2021-02-25 12:30:45.328 +0000","DOP_P_MONITOR_ADMIN","N","N","N","1","1","4","SECURITYADMIN",""
"2021-02-27 12:04:53.772 +0000","DSC_P_SENTIMENT_ADMIN","N","N","N","0","1","2","SECURITYADMIN",""
"2021-02-27 12:04:53.989 +0000","DSC_P_TWITTER_ADMIN","N","N","N","0","1","2","SECURITYADMIN",""
"2021-02-27 12:04:54.657 +0000","ENG_P_DATAGEN_ADMIN","N","N","N","0","1","2","SECURITYADMIN",""
"2021-02-27 11:58:08.549 +0000","ENG_P_XML_TO_JSON_ADMIN","N","N","N","0","1","2","SECURITYADMIN",""
"2021-02-26 18:51:02.479 +0000","OKTA_PROVISIONER","N","N","N","0","1","0","ACCOUNTADMIN",""
"2020-10-19 19:16:01.962 +0000","ORGADMIN","N","N","N","1","0","0","","Organization administrator can manage organizations and accounts in organizations"
"2021-02-27 12:00:59.792 +0000","PST_WORKSPACE","N","N","N","0","0","2","SECURITYADMIN",""
"2020-10-19 19:09:03.384 +0000","PUBLIC","N","N","Y","0","0","0","","Public role is automatically available to every user in the account."
"2020-10-19 19:09:03.425 +0000","SECURITYADMIN","N","N","N","0","1","1","","Security administrator can manage security aspects of the account."
"2021-03-01 12:36:55.944 +0000","SKE_P_DDM_HR_CLERK","N","N","N","1","1","1","SECURITYADMIN",""
"2021-03-01 12:40:21.921 +0000","SKE_P_DDM_HR_MGR","N","N","N","1","0","1","SECURITYADMIN",""
"2021-02-26 19:09:30.733 +0000","SKE_P_DEMO","Y","Y","N","170","2","11","OKTA_PROVISIONER",""
"2021-02-27 12:04:55.205 +0000","SKE_P_UTIL_ADMIN","N","N","N","0","0","2","SECURITYADMIN",""
"2021-03-01 12:43:36.987 +0000","SOP_P_DDM_ADMIN","N","N","N","0","1","2","SECURITYADMIN",""
"2021-02-27 21:40:34.407 +0000","SOP_P_RBAC_GEN_ADMIN","N","N","N","0","1","1","SECURITYADMIN",""
"2021-02-27 21:38:33.052 +0000","SOP_P_RLS_ADMIN","N","N","N","0","1","3","SECURITYADMIN",""
"2020-10-19 19:09:03.440 +0000","SYSADMIN","N","N","N","4","1","28","","System administrator can create and manage databases and warehouses."
"2020-10-19 19:09:03.452 +0000","USERADMIN","N","N","N","0","1","0","","User administrator can create and manage users and roles"
"2021-02-27 11:55:43.720 +0000","_AC_C_COM_P_UTIL","N","N","N","0","2","1","SECURITYADMIN",""
"2021-02-27 11:47:19.726 +0000","_AC_C_COM_P_UTIL_DB_SCH_BR","N","N","N","0","1","1","SECURITYADMIN",""
"2021-02-27 12:04:18.502 +0000","_AC_C_DOP_P_DEMO_ALERTING","N","N","N","0","2","1","SECURITYADMIN",""
"2021-02-27 12:03:18.805 +0000","_AC_C_DOP_P_DEMO_CLOUDWATCH","N","N","N","0","2","1","SECURITYADMIN",""
"2021-02-25 12:15:30.010 +0000","_AC_C_DOP_P_DEMO_MONITOR","N","N","N","0","2","1","SECURITYADMIN",""
"2021-02-27 11:46:27.189 +0000","_AC_C_DSC_P_DEMO_SENTIMENT","N","N","N","0","2","1","SECURITYADMIN",""
"2021-02-27 11:46:27.383 +0000","_AC_C_DSC_P_DEMO_TWITTER","N","N","N","0","2","1","SECURITYADMIN",""
"2021-02-27 11:45:33.072 +0000","_AC_C_ENG_P_DEMO_DATAGEN","N","N","N","0","2","1","SECURITYADMIN",""
"2021-02-27 11:45:33.278 +0000","_AC_C_ENG_P_DEMO_XML_TO_JSON","N","N","N","0","2","1","SECURITYADMIN",""
"2021-02-23 22:12:50.367 +0000","_AC_C_SKE_P_WRK","N","N","N","0","2","1","SECURITYADMIN",""
"2021-02-26 20:08:55.367 +0000","_AC_C_SOP_P_DEMO_DDM","N","N","N","0","2","1","SECURITYADMIN",""
"2021-02-26 20:08:55.569 +0000","_AC_C_SOP_P_DEMO_RBAC_GEN","N","N","N","0","1","1","SECURITYADMIN",""
"2021-02-26 20:08:55.776 +0000","_AC_C_SOP_P_DEMO_RLS","N","N","N","0","2","1","SECURITYADMIN",""
"2021-03-01 12:47:06.952 +0000","_AC_C_SOP_P_MSTR_DDM","N","N","N","0","1","1","SECURITYADMIN",""
"2021-02-25 12:34:03.626 +0000","_AC_O_SKE_P_ADHOC_BIG","N","N","N","0","1","1","SECURITYADMIN",""
"2021-02-25 12:34:03.836 +0000","_AC_O_SKE_P_ADHOC_TINY","N","N","N","0","1","1","SECURITYADMIN",""
"2021-02-25 12:34:04.007 +0000","_AC_O_SKE_P_ELT","N","N","N","0","11","1","SECURITYADMIN",""
"2021-02-27 11:55:43.877 +0000","_AC_R_COM_P_UTIL","N","N","N","0","1","0","SECURITYADMIN",""
"2021-02-27 11:47:19.914 +0000","_AC_R_COM_P_UTIL_DB_SCH_BR","N","N","N","0","1","0","SECURITYADMIN",""
"2021-02-27 12:04:18.761 +0000","_AC_R_DOP_P_DEMO_ALERTING","N","N","Y","0","3","0","SECURITYADMIN",""
"2021-02-27 12:03:19.007 +0000","_AC_R_DOP_P_DEMO_CLOUDWATCH","N","N","Y","0","2","0","SECURITYADMIN",""
"2021-02-25 12:15:29.587 +0000","_AC_R_DOP_P_DEMO_MONITOR","N","N","Y","0","2","0","SECURITYADMIN",""
"2021-02-27 11:46:27.561 +0000","_AC_R_DSC_P_DEMO_SENTIMENT","N","N","Y","0","2","0","SECURITYADMIN",""
"2021-02-27 11:46:27.756 +0000","_AC_R_DSC_P_DEMO_TWITTER","N","N","Y","0","2","0","SECURITYADMIN",""
"2021-02-27 11:45:33.448 +0000","_AC_R_ENG_P_DEMO_DATAGEN","N","N","Y","0","3","0","SECURITYADMIN",""
"2021-02-27 11:45:33.641 +0000","_AC_R_ENG_P_DEMO_XML_TO_JSON","N","N","Y","0","2","0","SECURITYADMIN",""
"2021-02-23 22:12:50.004 +0000","_AC_R_SKE_P_WRK","N","N","N","0","1","0","SECURITYADMIN",""
"2021-02-26 20:08:55.968 +0000","_AC_R_SOP_P_DEMO_DDM","N","N","N","0","1","0","SECURITYADMIN",""
"2021-02-26 20:08:56.461 +0000","_AC_R_SOP_P_DEMO_RBAC_GEN","N","N","Y","0","2","0","SECURITYADMIN",""
"2021-02-26 20:08:56.697 +0000","_AC_R_SOP_P_DEMO_RLS","N","N","Y","0","2","0","SECURITYADMIN",""
"2021-03-01 12:47:07.149 +0000","_AC_R_SOP_P_MSTR_DDM","N","N","N","0","1","0","SECURITYADMIN",""
"2021-02-25 12:34:04.202 +0000","_AC_U_SKE_P_ADHOC_BIG","N","N","Y","0","2","0","SECURITYADMIN",""
"2021-02-25 12:34:04.402 +0000","_AC_U_SKE_P_ADHOC_TINY","N","N","Y","0","2","0","SECURITYADMIN",""
"2021-02-25 12:34:04.724 +0000","_AC_U_SKE_P_ELT","N","N","N","0","1","0","SECURITYADMIN",""
"2021-02-27 11:55:44.063 +0000","_AC_W_COM_P_UTIL","N","N","N","0","1","1","SECURITYADMIN",""
"2021-02-27 11:47:20.087 +0000","_AC_W_COM_P_UTIL_DB_SCH_BR","N","N","N","0","1","1","SECURITYADMIN",""
"2021-02-27 12:04:18.991 +0000","_AC_W_DOP_P_DEMO_ALERTING","N","N","N","0","1","1","SECURITYADMIN",""
"2021-02-27 12:03:19.196 +0000","_AC_W_DOP_P_DEMO_CLOUDWATCH","N","N","N","0","1","1","SECURITYADMIN",""
"2021-02-25 12:15:29.816 +0000","_AC_W_DOP_P_DEMO_MONITOR","N","N","N","0","1","1","SECURITYADMIN",""
"2021-02-27 11:46:27.919 +0000","_AC_W_DSC_P_DEMO_SENTIMENT","N","N","N","0","1","1","SECURITYADMIN",""
"2021-02-27 11:46:28.083 +0000","_AC_W_DSC_P_DEMO_TWITTER","N","N","N","0","1","1","SECURITYADMIN",""
"2021-02-27 11:45:33.806 +0000","_AC_W_ENG_P_DEMO_DATAGEN","N","N","N","0","1","1","SECURITYADMIN",""
"2021-02-27 11:45:33.990 +0000","_AC_W_ENG_P_DEMO_XML_TO_JSON","N","N","N","0","1","1","SECURITYADMIN",""
"2021-02-23 22:12:50.195 +0000","_AC_W_SKE_P_WRK","N","N","N","0","1","1","SECURITYADMIN",""
"2021-02-26 20:08:56.909 +0000","_AC_W_SOP_P_DEMO_DDM","N","N","N","0","1","1","SECURITYADMIN",""
"2021-02-26 20:08:57.133 +0000","_AC_W_SOP_P_DEMO_RBAC_GEN","N","N","N","0","1","1","SECURITYADMIN",""
"2021-02-26 20:08:57.292 +0000","_AC_W_SOP_P_DEMO_RLS","N","N","N","0","1","1","SECURITYADMIN",""
"2021-03-01 12:47:07.345 +0000","_AC_W_SOP_P_MSTR_DDM","N","N","N","0","1","1","SECURITYADMIN",""
"2021-02-24 16:12:22.986 +0000","_AC_X_TASK_ADMIN","N","N","N","0","3","0","SECURITYADMIN",""
"2021-03-01 13:10:36.048 +0000","_CS_SOP_RLS_DDM_EMPLOYEE_PII","N","N","N","0","0","0","SECURITYADMIN",""
"2021-02-28 16:22:49.043 +0000","_RS_SOP_RLS_MKTSEGMENT_AUTOMOBILE","N","N","N","0","0","0","SECURITYADMIN",""
"2021-02-28 16:22:48.170 +0000","_RS_SOP_RLS_MKTSEGMENT_BUILDING","N","N","N","0","0","0","SECURITYADMIN",""
"2021-02-28 16:22:48.834 +0000","_RS_SOP_RLS_MKTSEGMENT_FURNITURE","N","N","N","1","0","0","SECURITYADMIN",""
"2021-02-28 16:22:48.604 +0000","_RS_SOP_RLS_MKTSEGMENT_HOUSEHOLD","N","N","N","0","0","0","SECURITYADMIN",""
"2021-02-28 16:22:48.391 +0000","_RS_SOP_RLS_MKTSEGMENT_MACHINERY","N","N","N","0","0","0","SECURITYADMIN",""
"2021-02-28 16:22:45.787 +0000","_RS_SOP_RLS_REGION_EAST","N","N","N","1","1","2","SECURITYADMIN",""
"2021-02-28 16:22:45.053 +0000","_RS_SOP_RLS_REGION_MIDWEST","N","N","N","0","1","0","SECURITYADMIN",""
"2021-02-28 16:22:44.872 +0000","_RS_SOP_RLS_REGION_NORTHEAST","N","N","N","0","1","0","SECURITYADMIN",""
"2021-02-28 16:22:45.249 +0000","_RS_SOP_RLS_REGION_SOUTH","N","N","N","0","1","0","SECURITYADMIN",""
"2021-02-28 16:22:45.481 +0000","_RS_SOP_RLS_REGION_SOUTHWEST","N","N","N","0","1","0","SECURITYADMIN",""
"2021-02-28 16:22:46.298 +0000","_RS_SOP_RLS_REGION_USA","N","N","N","0","0","2","SECURITYADMIN",""
"2021-02-28 16:22:46.046 +0000","_RS_SOP_RLS_REGION_WEST","N","N","N","0","1","2","SECURITYADMIN",""
