SECURITYADMIN,_AC_C_COM_P_UTIL,1,orange
SECURITYADMIN,_AC_C_COM_P_UTIL_DB_SCH_BR,1,orange
SECURITYADMIN,_AC_C_DOP_P_DEMO_ALERTING,1,orange
SECURITYADMIN,_AC_C_DOP_P_DEMO_CLOUDWATCH,1,orange
SECURITYADMIN,_AC_C_DOP_P_DEMO_MONITOR,1,orange
SECURITYADMIN,_AC_C_DSC_P_DEMO_SENTIMENT,1,orange
SECURITYADMIN,_AC_C_DSC_P_DEMO_TWITTER,1,orange
SECURITYADMIN,_AC_C_ENG_P_DEMO_DATAGEN,1,orange
SECURITYADMIN,_AC_C_ENG_P_DEMO_XML_TO_JSON,1,orange
SECURITYADMIN,_AC_C_SKE_P_WRK,1,orange
SECURITYADMIN,_AC_C_SOP_P_DEMO_DDM,1,orange
SECURITYADMIN,_AC_C_SOP_P_DEMO_RBAC_GEN,1,orange
SECURITYADMIN,_AC_C_SOP_P_DEMO_RLS,1,orange
SECURITYADMIN,_AC_C_SOP_P_MSTR_DDM,1,orange
SECURITYADMIN,_AC_O_SKE_P_ADHOC_BIG,1,orange
SECURITYADMIN,_AC_O_SKE_P_ADHOC_TINY,1,orange
SECURITYADMIN,_AC_O_SKE_P_ELT,1,orange
SECURITYADMIN,_AC_R_COM_P_UTIL,1,orange
SECURITYADMIN,_AC_R_COM_P_UTIL_DB_SCH_BR,1,orange
SECURITYADMIN,_AC_R_DOP_P_DEMO_ALERTING,1,orange
SECURITYADMIN,_AC_R_DOP_P_DEMO_CLOUDWATCH,1,orange
SECURITYADMIN,_AC_R_DOP_P_DEMO_MONITOR,1,orange
SECURITYADMIN,_AC_R_DSC_P_DEMO_SENTIMENT,1,orange
SECURITYADMIN,_AC_R_DSC_P_DEMO_TWITTER,1,orange
SECURITYADMIN,_AC_R_ENG_P_DEMO_DATAGEN,1,orange
SECURITYADMIN,_AC_R_ENG_P_DEMO_XML_TO_JSON,1,orange
SECURITYADMIN,_AC_R_SKE_P_WRK,1,orange
SECURITYADMIN,_AC_R_SOP_P_DEMO_DDM,1,orange
SECURITYADMIN,_AC_R_SOP_P_DEMO_RBAC_GEN,1,orange
SECURITYADMIN,_AC_R_SOP_P_DEMO_RLS,1,orange
SECURITYADMIN,_AC_R_SOP_P_MSTR_DDM,1,orange
SECURITYADMIN,_AC_U_SKE_P_ADHOC_BIG,1,orange
SECURITYADMIN,_AC_U_SKE_P_ADHOC_TINY,1,orange
SECURITYADMIN,_AC_U_SKE_P_ELT,1,orange
SECURITYADMIN,_AC_W_COM_P_UTIL,1,orange
SECURITYADMIN,_AC_W_COM_P_UTIL_DB_SCH_BR,1,orange
SECURITYADMIN,_AC_W_DOP_P_DEMO_ALERTING,1,orange
SECURITYADMIN,_AC_W_DOP_P_DEMO_CLOUDWATCH,1,orange
SECURITYADMIN,_AC_W_DOP_P_DEMO_MONITOR,1,orange
SECURITYADMIN,_AC_W_DSC_P_DEMO_SENTIMENT,1,orange
SECURITYADMIN,_AC_W_DSC_P_DEMO_TWITTER,1,orange
SECURITYADMIN,_AC_W_ENG_P_DEMO_DATAGEN,1,orange
SECURITYADMIN,_AC_W_ENG_P_DEMO_XML_TO_JSON,1,orange
SECURITYADMIN,_AC_W_SKE_P_WRK,1,orange
SECURITYADMIN,_AC_W_SOP_P_DEMO_DDM,1,orange
SECURITYADMIN,_AC_W_SOP_P_DEMO_RBAC_GEN,1,orange
SECURITYADMIN,_AC_W_SOP_P_DEMO_RLS,1,orange
SECURITYADMIN,_AC_W_SOP_P_MSTR_DDM,1,orange
SECURITYADMIN,_AC_X_TASK_ADMIN,1,orange
SECURITYADMIN,_CS_SOP_RLS_DDM_EMPLOYEE_PII,1,orange
SECURITYADMIN,_RS_SOP_RLS_MKTSEGMENT_AUTOMOBILE,1,orange
SECURITYADMIN,_RS_SOP_RLS_MKTSEGMENT_BUILDING,1,orange
SECURITYADMIN,_RS_SOP_RLS_MKTSEGMENT_FURNITURE,1,orange
SECURITYADMIN,_RS_SOP_RLS_MKTSEGMENT_HOUSEHOLD,1,orange
SECURITYADMIN,_RS_SOP_RLS_MKTSEGMENT_MACHINERY,1,orange
SECURITYADMIN,_RS_SOP_RLS_REGION_EAST,1,orange
SECURITYADMIN,_RS_SOP_RLS_REGION_MIDWEST,1,orange
SECURITYADMIN,_RS_SOP_RLS_REGION_NORTHEAST,1,orange
SECURITYADMIN,_RS_SOP_RLS_REGION_SOUTH,1,orange
SECURITYADMIN,_RS_SOP_RLS_REGION_SOUTHWEST,1,orange
SECURITYADMIN,_RS_SOP_RLS_REGION_USA,1,orange
SECURITYADMIN,_RS_SOP_RLS_REGION_WEST,1,orange
,ACCOUNTADMIN,1,orange
SECURITYADMIN,DOP_P_ALERTING_ADMIN,1,orange
SECURITYADMIN,DOP_P_CLOUDWATCH_ADMIN,1,orange
SECURITYADMIN,DOP_P_MONITOR_ADMIN,1,orange
SECURITYADMIN,DSC_P_SENTIMENT_ADMIN,1,orange
SECURITYADMIN,DSC_P_TWITTER_ADMIN,1,orange
SECURITYADMIN,ENG_P_DATAGEN_ADMIN,1,orange
SECURITYADMIN,ENG_P_XML_TO_JSON_ADMIN,1,orange
ACCOUNTADMIN,OKTA_PROVISIONER,1,orange
,ORGADMIN,1,orange
SECURITYADMIN,PST_WORKSPACE,1,orange
,PUBLIC,1,orange
,SECURITYADMIN,1,orange
SECURITYADMIN,SKE_P_DDM_HR_CLERK,1,orange
SECURITYADMIN,SKE_P_DDM_HR_MGR,1,orange
OKTA_PROVISIONER,SKE_P_DEMO,1,orange
SECURITYADMIN,SKE_P_UTIL_ADMIN,1,orange
SECURITYADMIN,SOP_P_DDM_ADMIN,1,orange
SECURITYADMIN,SOP_P_RBAC_GEN_ADMIN,1,orange
SECURITYADMIN,SOP_P_RLS_ADMIN,1,orange
,SYSADMIN,1,orange
,USERADMIN,1,orange
