Name,GrantedTo,DirectAncestry,AncestryPaths,NumAncestryPaths,ImportantAncestor,Type
_AC_C_SOP_P_DEMO_DDM,SOP_P_DDM_ADMIN,SOP_P_DDM_ADMIN->_AC_C_SOP_P_DEMO_DDM,"ACCOUNTADMIN->SYSADMIN->SOP_P_DDM_ADMIN->_AC_C_SOP_P_DEMO_DDM
ACCOUNTADMIN->SYSADMIN->_AC_C_SOP_P_DEMO_DDM",2,,Functional
_AC_O_SKE_P_ELT,SOP_P_DDM_ADMIN,SOP_P_DDM_ADMIN->_AC_O_SKE_P_ELT,"ACCOUNTADMIN->SYSADMIN->DOP_P_ALERTING_ADMIN->_AC_O_SKE_P_ELT
ACCOUNTADMIN->SYSADMIN->DOP_P_CLOUDWATCH_ADMIN->_AC_O_SKE_P_ELT
ACCOUNTADMIN->SYSADMIN->DOP_P_MONITOR_ADMIN->_AC_O_SKE_P_ELT
ACCOUNTADMIN->SYSADMIN->DSC_P_SENTIMENT_ADMIN->_AC_O_SKE_P_ELT
ACCOUNTADMIN->SYSADMIN->DSC_P_TWITTER_ADMIN->_AC_O_SKE_P_ELT
ACCOUNTADMIN->SYSADMIN->ENG_P_DATAGEN_ADMIN->_AC_O_SKE_P_ELT
ACCOUNTADMIN->SYSADMIN->ENG_P_XML_TO_JSON_ADMIN->_AC_O_SKE_P_ELT
ACCOUNTADMIN->SYSADMIN->SOP_P_DDM_ADMIN->_AC_O_SKE_P_ELT
ACCOUNTADMIN->SYSADMIN->SOP_P_RBAC_GEN_ADMIN->_AC_O_SKE_P_ELT
ACCOUNTADMIN->SYSADMIN->SOP_P_RLS_ADMIN->_AC_O_SKE_P_ELT
ACCOUNTADMIN->SYSADMIN->_AC_O_SKE_P_ELT",11,,Functional
_AC_R_SOP_P_DEMO_DDM,_AC_W_SOP_P_DEMO_DDM,_AC_W_SOP_P_DEMO_DDM->_AC_R_SOP_P_DEMO_DDM,"ACCOUNTADMIN->SYSADMIN->SOP_P_DDM_ADMIN->_AC_C_SOP_P_DEMO_DDM->_AC_W_SOP_P_DEMO_DDM->_AC_R_SOP_P_DEMO_DDM
ACCOUNTADMIN->SYSADMIN->_AC_C_SOP_P_DEMO_DDM->_AC_W_SOP_P_DEMO_DDM->_AC_R_SOP_P_DEMO_DDM",2,,Unknown
_AC_U_SKE_P_ELT,_AC_O_SKE_P_ELT,_AC_O_SKE_P_ELT->_AC_U_SKE_P_ELT,"ACCOUNTADMIN->SYSADMIN->DOP_P_ALERTING_ADMIN->_AC_O_SKE_P_ELT->_AC_U_SKE_P_ELT
ACCOUNTADMIN->SYSADMIN->DOP_P_CLOUDWATCH_ADMIN->_AC_O_SKE_P_ELT->_AC_U_SKE_P_ELT
ACCOUNTADMIN->SYSADMIN->DOP_P_MONITOR_ADMIN->_AC_O_SKE_P_ELT->_AC_U_SKE_P_ELT
ACCOUNTADMIN->SYSADMIN->DSC_P_SENTIMENT_ADMIN->_AC_O_SKE_P_ELT->_AC_U_SKE_P_ELT
ACCOUNTADMIN->SYSADMIN->DSC_P_TWITTER_ADMIN->_AC_O_SKE_P_ELT->_AC_U_SKE_P_ELT
ACCOUNTADMIN->SYSADMIN->ENG_P_DATAGEN_ADMIN->_AC_O_SKE_P_ELT->_AC_U_SKE_P_ELT
ACCOUNTADMIN->SYSADMIN->ENG_P_XML_TO_JSON_ADMIN->_AC_O_SKE_P_ELT->_AC_U_SKE_P_ELT
ACCOUNTADMIN->SYSADMIN->SOP_P_DDM_ADMIN->_AC_O_SKE_P_ELT->_AC_U_SKE_P_ELT
ACCOUNTADMIN->SYSADMIN->SOP_P_RBAC_GEN_ADMIN->_AC_O_SKE_P_ELT->_AC_U_SKE_P_ELT
ACCOUNTADMIN->SYSADMIN->SOP_P_RLS_ADMIN->_AC_O_SKE_P_ELT->_AC_U_SKE_P_ELT
ACCOUNTADMIN->SYSADMIN->_AC_O_SKE_P_ELT->_AC_U_SKE_P_ELT",11,,Unknown
_AC_W_SOP_P_DEMO_DDM,_AC_C_SOP_P_DEMO_DDM,_AC_C_SOP_P_DEMO_DDM->_AC_W_SOP_P_DEMO_DDM,"ACCOUNTADMIN->SYSADMIN->SOP_P_DDM_ADMIN->_AC_C_SOP_P_DEMO_DDM->_AC_W_SOP_P_DEMO_DDM
ACCOUNTADMIN->SYSADMIN->_AC_C_SOP_P_DEMO_DDM->_AC_W_SOP_P_DEMO_DDM",2,,Functional
SOP_P_DDM_ADMIN,SYSADMIN,SYSADMIN->SOP_P_DDM_ADMIN,ACCOUNTADMIN->SYSADMIN->SOP_P_DDM_ADMIN,1,,Functional
SYSADMIN,ACCOUNTADMIN,ACCOUNTADMIN->SYSADMIN,ACCOUNTADMIN->SYSADMIN,1,,BuiltIn
