Name,GrantedTo,DirectAncestry,AncestryPaths,NumAncestryPaths,ImportantAncestor,Type
_AC_C_COM_P_UTIL,SYSADMIN,SYSADMIN->_AC_C_COM_P_UTIL,"SKE_P_UTIL_ADMIN->_AC_C_COM_P_UTIL
ACCOUNTADMIN->SYSADMIN->_AC_C_COM_P_UTIL",2,,Functional
_AC_C_COM_P_UTIL_DB_SCH_BR,SYSADMIN,SYSADMIN->_AC_C_COM_P_UTIL_DB_SCH_BR,ACCOUNTADMIN->SYSADMIN->_AC_C_COM_P_UTIL_DB_SCH_BR,1,,Functional
_AC_C_DOP_P_DEMO_ALERTING,DOP_P_ALERTING_ADMIN,DOP_P_ALERTING_ADMIN->_AC_C_DOP_P_DEMO_ALERTING,"ACCOUNTADMIN->SYSADMIN->DOP_P_ALERTING_ADMIN->_AC_C_DOP_P_DEMO_ALERTING
ACCOUNTADMIN->SYSADMIN->_AC_C_DOP_P_DEMO_ALERTING",2,,Access
_AC_C_DOP_P_DEMO_ALERTING,SYSADMIN,SYSADMIN->_AC_C_DOP_P_DEMO_ALERTING,"ACCOUNTADMIN->SYSADMIN->DOP_P_ALERTING_ADMIN->_AC_C_DOP_P_DEMO_ALERTING
ACCOUNTADMIN->SYSADMIN->_AC_C_DOP_P_DEMO_ALERTING",2,,Access
_AC_C_DOP_P_DEMO_CLOUDWATCH,DOP_P_CLOUDWATCH_ADMIN,DOP_P_CLOUDWATCH_ADMIN->_AC_C_DOP_P_DEMO_CLOUDWATCH,"ACCOUNTADMIN->SYSADMIN->DOP_P_CLOUDWATCH_ADMIN->_AC_C_DOP_P_DEMO_CLOUDWATCH
ACCOUNTADMIN->SYSADMIN->_AC_C_DOP_P_DEMO_CLOUDWATCH",2,,Functional
_AC_C_DOP_P_DEMO_CLOUDWATCH,SYSADMIN,SYSADMIN->_AC_C_DOP_P_DEMO_CLOUDWATCH,"ACCOUNTADMIN->SYSADMIN->DOP_P_CLOUDWATCH_ADMIN->_AC_C_DOP_P_DEMO_CLOUDWATCH
ACCOUNTADMIN->SYSADMIN->_AC_C_DOP_P_DEMO_CLOUDWATCH",2,,Functional
_AC_C_DOP_P_DEMO_MONITOR,DOP_P_MONITOR_ADMIN,DOP_P_MONITOR_ADMIN->_AC_C_DOP_P_DEMO_MONITOR,"ACCOUNTADMIN->SYSADMIN->DOP_P_MONITOR_ADMIN->_AC_C_DOP_P_DEMO_MONITOR
ACCOUNTADMIN->SYSADMIN->_AC_C_DOP_P_DEMO_MONITOR",2,,Access
_AC_C_DOP_P_DEMO_MONITOR,SYSADMIN,SYSADMIN->_AC_C_DOP_P_DEMO_MONITOR,"ACCOUNTADMIN->SYSADMIN->DOP_P_MONITOR_ADMIN->_AC_C_DOP_P_DEMO_MONITOR
ACCOUNTADMIN->SYSADMIN->_AC_C_DOP_P_DEMO_MONITOR",2,,Access
_AC_C_DSC_P_DEMO_SENTIMENT,DSC_P_SENTIMENT_ADMIN,DSC_P_SENTIMENT_ADMIN->_AC_C_DSC_P_DEMO_SENTIMENT,"ACCOUNTADMIN->SYSADMIN->DSC_P_SENTIMENT_ADMIN->_AC_C_DSC_P_DEMO_SENTIMENT
ACCOUNTADMIN->SYSADMIN->_AC_C_DSC_P_DEMO_SENTIMENT",2,,Access
_AC_C_DSC_P_DEMO_SENTIMENT,SYSADMIN,SYSADMIN->_AC_C_DSC_P_DEMO_SENTIMENT,"ACCOUNTADMIN->SYSADMIN->DSC_P_SENTIMENT_ADMIN->_AC_C_DSC_P_DEMO_SENTIMENT
ACCOUNTADMIN->SYSADMIN->_AC_C_DSC_P_DEMO_SENTIMENT",2,,Access
_AC_C_DSC_P_DEMO_TWITTER,DSC_P_TWITTER_ADMIN,DSC_P_TWITTER_ADMIN->_AC_C_DSC_P_DEMO_TWITTER,"ACCOUNTADMIN->SYSADMIN->DSC_P_TWITTER_ADMIN->_AC_C_DSC_P_DEMO_TWITTER
ACCOUNTADMIN->SYSADMIN->_AC_C_DSC_P_DEMO_TWITTER",2,,Access
_AC_C_DSC_P_DEMO_TWITTER,SYSADMIN,SYSADMIN->_AC_C_DSC_P_DEMO_TWITTER,"ACCOUNTADMIN->SYSADMIN->DSC_P_TWITTER_ADMIN->_AC_C_DSC_P_DEMO_TWITTER
ACCOUNTADMIN->SYSADMIN->_AC_C_DSC_P_DEMO_TWITTER",2,,Access
_AC_C_ENG_P_DEMO_DATAGEN,ENG_P_DATAGEN_ADMIN,ENG_P_DATAGEN_ADMIN->_AC_C_ENG_P_DEMO_DATAGEN,"ACCOUNTADMIN->SYSADMIN->ENG_P_DATAGEN_ADMIN->_AC_C_ENG_P_DEMO_DATAGEN
ACCOUNTADMIN->SYSADMIN->_AC_C_ENG_P_DEMO_DATAGEN",2,,Access
_AC_C_ENG_P_DEMO_DATAGEN,SYSADMIN,SYSADMIN->_AC_C_ENG_P_DEMO_DATAGEN,"ACCOUNTADMIN->SYSADMIN->ENG_P_DATAGEN_ADMIN->_AC_C_ENG_P_DEMO_DATAGEN
ACCOUNTADMIN->SYSADMIN->_AC_C_ENG_P_DEMO_DATAGEN",2,,Access
_AC_C_ENG_P_DEMO_XML_TO_JSON,ENG_P_XML_TO_JSON_ADMIN,ENG_P_XML_TO_JSON_ADMIN->_AC_C_ENG_P_DEMO_XML_TO_JSON,"ACCOUNTADMIN->SYSADMIN->ENG_P_XML_TO_JSON_ADMIN->_AC_C_ENG_P_DEMO_XML_TO_JSON
ACCOUNTADMIN->SYSADMIN->_AC_C_ENG_P_DEMO_XML_TO_JSON",2,,Access
_AC_C_ENG_P_DEMO_XML_TO_JSON,SYSADMIN,SYSADMIN->_AC_C_ENG_P_DEMO_XML_TO_JSON,"ACCOUNTADMIN->SYSADMIN->ENG_P_XML_TO_JSON_ADMIN->_AC_C_ENG_P_DEMO_XML_TO_JSON
ACCOUNTADMIN->SYSADMIN->_AC_C_ENG_P_DEMO_XML_TO_JSON",2,,Access
_AC_C_SKE_P_WRK,SYSADMIN,SYSADMIN->_AC_C_SKE_P_WRK,"PST_WORKSPACE->_AC_C_SKE_P_WRK
ACCOUNTADMIN->SYSADMIN->_AC_C_SKE_P_WRK",2,,Functional
_AC_C_SOP_P_DEMO_DDM,SOP_P_DDM_ADMIN,SOP_P_DDM_ADMIN->_AC_C_SOP_P_DEMO_DDM,"ACCOUNTADMIN->SYSADMIN->SOP_P_DDM_ADMIN->_AC_C_SOP_P_DEMO_DDM
ACCOUNTADMIN->SYSADMIN->_AC_C_SOP_P_DEMO_DDM",2,,Functional
_AC_C_SOP_P_DEMO_DDM,SYSADMIN,SYSADMIN->_AC_C_SOP_P_DEMO_DDM,"ACCOUNTADMIN->SYSADMIN->SOP_P_DDM_ADMIN->_AC_C_SOP_P_DEMO_DDM
ACCOUNTADMIN->SYSADMIN->_AC_C_SOP_P_DEMO_DDM",2,,Functional
_AC_C_SOP_P_DEMO_RBAC_GEN,SYSADMIN,SYSADMIN->_AC_C_SOP_P_DEMO_RBAC_GEN,ACCOUNTADMIN->SYSADMIN->_AC_C_SOP_P_DEMO_RBAC_GEN,1,,Access
_AC_C_SOP_P_DEMO_RLS,SOP_P_RLS_ADMIN,SOP_P_RLS_ADMIN->_AC_C_SOP_P_DEMO_RLS,"ACCOUNTADMIN->SYSADMIN->SOP_P_RLS_ADMIN->_AC_C_SOP_P_DEMO_RLS
ACCOUNTADMIN->SYSADMIN->_AC_C_SOP_P_DEMO_RLS",2,,Access
_AC_C_SOP_P_DEMO_RLS,SYSADMIN,SYSADMIN->_AC_C_SOP_P_DEMO_RLS,"ACCOUNTADMIN->SYSADMIN->SOP_P_RLS_ADMIN->_AC_C_SOP_P_DEMO_RLS
ACCOUNTADMIN->SYSADMIN->_AC_C_SOP_P_DEMO_RLS",2,,Access
_AC_C_SOP_P_MSTR_DDM,SYSADMIN,SYSADMIN->_AC_C_SOP_P_MSTR_DDM,ACCOUNTADMIN->SYSADMIN->_AC_C_SOP_P_MSTR_DDM,1,,Functional
_AC_O_SKE_P_ADHOC_BIG,SYSADMIN,SYSADMIN->_AC_O_SKE_P_ADHOC_BIG,ACCOUNTADMIN->SYSADMIN->_AC_O_SKE_P_ADHOC_BIG,1,,Functional
_AC_O_SKE_P_ADHOC_TINY,SYSADMIN,SYSADMIN->_AC_O_SKE_P_ADHOC_TINY,ACCOUNTADMIN->SYSADMIN->_AC_O_SKE_P_ADHOC_TINY,1,,Functional
_AC_O_SKE_P_ELT,DOP_P_ALERTING_ADMIN,DOP_P_ALERTING_ADMIN->_AC_O_SKE_P_ELT,"ACCOUNTADMIN->SYSADMIN->DOP_P_ALERTING_ADMIN->_AC_O_SKE_P_ELT
ACCOUNTADMIN->SYSADMIN->DOP_P_CLOUDWATCH_ADMIN->_AC_O_SKE_P_ELT
ACCOUNTADMIN->SYSADMIN->DOP_P_MONITOR_ADMIN->_AC_O_SKE_P_ELT
ACCOUNTADMIN->SYSADMIN->DSC_P_SENTIMENT_ADMIN->_AC_O_SKE_P_ELT
ACCOUNTADMIN->SYSADMIN->DSC_P_TWITTER_ADMIN->_AC_O_SKE_P_ELT
ACCOUNTADMIN->SYSADMIN->ENG_P_DATAGEN_ADMIN->_AC_O_SKE_P_ELT
ACCOUNTADMIN->SYSADMIN->ENG_P_XML_TO_JSON_ADMIN->_AC_O_SKE_P_ELT
ACCOUNTADMIN->SYSADMIN->SOP_P_DDM_ADMIN->_AC_O_SKE_P_ELT
ACCOUNTADMIN->SYSADMIN->SOP_P_RBAC_GEN_ADMIN->_AC_O_SKE_P_ELT
ACCOUNTADMIN->SYSADMIN->SOP_P_RLS_ADMIN->_AC_O_SKE_P_ELT
ACCOUNTADMIN->SYSADMIN->_AC_O_SKE_P_ELT",11,,Functional
_AC_O_SKE_P_ELT,DOP_P_CLOUDWATCH_ADMIN,DOP_P_CLOUDWATCH_ADMIN->_AC_O_SKE_P_ELT,"ACCOUNTADMIN->SYSADMIN->DOP_P_ALERTING_ADMIN->_AC_O_SKE_P_ELT
ACCOUNTADMIN->SYSADMIN->DOP_P_CLOUDWATCH_ADMIN->_AC_O_SKE_P_ELT
ACCOUNTADMIN->SYSADMIN->DOP_P_MONITOR_ADMIN->_AC_O_SKE_P_ELT
ACCOUNTADMIN->SYSADMIN->DSC_P_SENTIMENT_ADMIN->_AC_O_SKE_P_ELT
ACCOUNTADMIN->SYSADMIN->DSC_P_TWITTER_ADMIN->_AC_O_SKE_P_ELT
ACCOUNTADMIN->SYSADMIN->ENG_P_DATAGEN_ADMIN->_AC_O_SKE_P_ELT
ACCOUNTADMIN->SYSADMIN->ENG_P_XML_TO_JSON_ADMIN->_AC_O_SKE_P_ELT
ACCOUNTADMIN->SYSADMIN->SOP_P_DDM_ADMIN->_AC_O_SKE_P_ELT
ACCOUNTADMIN->SYSADMIN->SOP_P_RBAC_GEN_ADMIN->_AC_O_SKE_P_ELT
ACCOUNTADMIN->SYSADMIN->SOP_P_RLS_ADMIN->_AC_O_SKE_P_ELT
ACCOUNTADMIN->SYSADMIN->_AC_O_SKE_P_ELT",11,,Functional
_AC_O_SKE_P_ELT,DOP_P_MONITOR_ADMIN,DOP_P_MONITOR_ADMIN->_AC_O_SKE_P_ELT,"ACCOUNTADMIN->SYSADMIN->DOP_P_ALERTING_ADMIN->_AC_O_SKE_P_ELT
ACCOUNTADMIN->SYSADMIN->DOP_P_CLOUDWATCH_ADMIN->_AC_O_SKE_P_ELT
ACCOUNTADMIN->SYSADMIN->DOP_P_MONITOR_ADMIN->_AC_O_SKE_P_ELT
ACCOUNTADMIN->SYSADMIN->DSC_P_SENTIMENT_ADMIN->_AC_O_SKE_P_ELT
ACCOUNTADMIN->SYSADMIN->DSC_P_TWITTER_ADMIN->_AC_O_SKE_P_ELT
ACCOUNTADMIN->SYSADMIN->ENG_P_DATAGEN_ADMIN->_AC_O_SKE_P_ELT
ACCOUNTADMIN->SYSADMIN->ENG_P_XML_TO_JSON_ADMIN->_AC_O_SKE_P_ELT
ACCOUNTADMIN->SYSADMIN->SOP_P_DDM_ADMIN->_AC_O_SKE_P_ELT
ACCOUNTADMIN->SYSADMIN->SOP_P_RBAC_GEN_ADMIN->_AC_O_SKE_P_ELT
ACCOUNTADMIN->SYSADMIN->SOP_P_RLS_ADMIN->_AC_O_SKE_P_ELT
ACCOUNTADMIN->SYSADMIN->_AC_O_SKE_P_ELT",11,,Functional
_AC_O_SKE_P_ELT,DSC_P_SENTIMENT_ADMIN,DSC_P_SENTIMENT_ADMIN->_AC_O_SKE_P_ELT,"ACCOUNTADMIN->SYSADMIN->DOP_P_ALERTING_ADMIN->_AC_O_SKE_P_ELT
ACCOUNTADMIN->SYSADMIN->DOP_P_CLOUDWATCH_ADMIN->_AC_O_SKE_P_ELT
ACCOUNTADMIN->SYSADMIN->DOP_P_MONITOR_ADMIN->_AC_O_SKE_P_ELT
ACCOUNTADMIN->SYSADMIN->DSC_P_SENTIMENT_ADMIN->_AC_O_SKE_P_ELT
ACCOUNTADMIN->SYSADMIN->DSC_P_TWITTER_ADMIN->_AC_O_SKE_P_ELT
ACCOUNTADMIN->SYSADMIN->ENG_P_DATAGEN_ADMIN->_AC_O_SKE_P_ELT
ACCOUNTADMIN->SYSADMIN->ENG_P_XML_TO_JSON_ADMIN->_AC_O_SKE_P_ELT
ACCOUNTADMIN->SYSADMIN->SOP_P_DDM_ADMIN->_AC_O_SKE_P_ELT
ACCOUNTADMIN->SYSADMIN->SOP_P_RBAC_GEN_ADMIN->_AC_O_SKE_P_ELT
ACCOUNTADMIN->SYSADMIN->SOP_P_RLS_ADMIN->_AC_O_SKE_P_ELT
ACCOUNTADMIN->SYSADMIN->_AC_O_SKE_P_ELT",11,,Functional
_AC_O_SKE_P_ELT,DSC_P_TWITTER_ADMIN,DSC_P_TWITTER_ADMIN->_AC_O_SKE_P_ELT,"ACCOUNTADMIN->SYSADMIN->DOP_P_ALERTING_ADMIN->_AC_O_SKE_P_ELT
ACCOUNTADMIN->SYSADMIN->DOP_P_CLOUDWATCH_ADMIN->_AC_O_SKE_P_ELT
ACCOUNTADMIN->SYSADMIN->DOP_P_MONITOR_ADMIN->_AC_O_SKE_P_ELT
ACCOUNTADMIN->SYSADMIN->DSC_P_SENTIMENT_ADMIN->_AC_O_SKE_P_ELT
ACCOUNTADMIN->SYSADMIN->DSC_P_TWITTER_ADMIN->_AC_O_SKE_P_ELT
ACCOUNTADMIN->SYSADMIN->ENG_P_DATAGEN_ADMIN->_AC_O_SKE_P_ELT
ACCOUNTADMIN->SYSADMIN->ENG_P_XML_TO_JSON_ADMIN->_AC_O_SKE_P_ELT
ACCOUNTADMIN->SYSADMIN->SOP_P_DDM_ADMIN->_AC_O_SKE_P_ELT
ACCOUNTADMIN->SYSADMIN->SOP_P_RBAC_GEN_ADMIN->_AC_O_SKE_P_ELT
ACCOUNTADMIN->SYSADMIN->SOP_P_RLS_ADMIN->_AC_O_SKE_P_ELT
ACCOUNTADMIN->SYSADMIN->_AC_O_SKE_P_ELT",11,,Functional
_AC_O_SKE_P_ELT,ENG_P_DATAGEN_ADMIN,ENG_P_DATAGEN_ADMIN->_AC_O_SKE_P_ELT,"ACCOUNTADMIN->SYSADMIN->DOP_P_ALERTING_ADMIN->_AC_O_SKE_P_ELT
ACCOUNTADMIN->SYSADMIN->DOP_P_CLOUDWATCH_ADMIN->_AC_O_SKE_P_ELT
ACCOUNTADMIN->SYSADMIN->DOP_P_MONITOR_ADMIN->_AC_O_SKE_P_ELT
ACCOUNTADMIN->SYSADMIN->DSC_P_SENTIMENT_ADMIN->_AC_O_SKE_P_ELT
ACCOUNTADMIN->SYSADMIN->DSC_P_TWITTER_ADMIN->_AC_O_SKE_P_ELT
ACCOUNTADMIN->SYSADMIN->ENG_P_DATAGEN_ADMIN->_AC_O_SKE_P_ELT
ACCOUNTADMIN->SYSADMIN->ENG_P_XML_TO_JSON_ADMIN->_AC_O_SKE_P_ELT
ACCOUNTADMIN->SYSADMIN->SOP_P_DDM_ADMIN->_AC_O_SKE_P_ELT
ACCOUNTADMIN->SYSADMIN->SOP_P_RBAC_GEN_ADMIN->_AC_O_SKE_P_ELT
ACCOUNTADMIN->SYSADMIN->SOP_P_RLS_ADMIN->_AC_O_SKE_P_ELT
ACCOUNTADMIN->SYSADMIN->_AC_O_SKE_P_ELT",11,,Functional
_AC_O_SKE_P_ELT,ENG_P_XML_TO_JSON_ADMIN,ENG_P_XML_TO_JSON_ADMIN->_AC_O_SKE_P_ELT,"ACCOUNTADMIN->SYSADMIN->DOP_P_ALERTING_ADMIN->_AC_O_SKE_P_ELT
ACCOUNTADMIN->SYSADMIN->DOP_P_CLOUDWATCH_ADMIN->_AC_O_SKE_P_ELT
ACCOUNTADMIN->SYSADMIN->DOP_P_MONITOR_ADMIN->_AC_O_SKE_P_ELT
ACCOUNTADMIN->SYSADMIN->DSC_P_SENTIMENT_ADMIN->_AC_O_SKE_P_ELT
ACCOUNTADMIN->SYSADMIN->DSC_P_TWITTER_ADMIN->_AC_O_SKE_P_ELT
ACCOUNTADMIN->SYSADMIN->ENG_P_DATAGEN_ADMIN->_AC_O_SKE_P_ELT
ACCOUNTADMIN->SYSADMIN->ENG_P_XML_TO_JSON_ADMIN->_AC_O_SKE_P_ELT
ACCOUNTADMIN->SYSADMIN->SOP_P_DDM_ADMIN->_AC_O_SKE_P_ELT
ACCOUNTADMIN->SYSADMIN->SOP_P_RBAC_GEN_ADMIN->_AC_O_SKE_P_ELT
ACCOUNTADMIN->SYSADMIN->SOP_P_RLS_ADMIN->_AC_O_SKE_P_ELT
ACCOUNTADMIN->SYSADMIN->_AC_O_SKE_P_ELT",11,,Functional
_AC_O_SKE_P_ELT,SOP_P_DDM_ADMIN,SOP_P_DDM_ADMIN->_AC_O_SKE_P_ELT,"ACCOUNTADMIN->SYSADMIN->DOP_P_ALERTING_ADMIN->_AC_O_SKE_P_ELT
ACCOUNTADMIN->SYSADMIN->DOP_P_CLOUDWATCH_ADMIN->_AC_O_SKE_P_ELT
ACCOUNTADMIN->SYSADMIN->DOP_P_MONITOR_ADMIN->_AC_O_SKE_P_ELT
ACCOUNTADMIN->SYSADMIN->DSC_P_SENTIMENT_ADMIN->_AC_O_SKE_P_ELT
ACCOUNTADMIN->SYSADMIN->DSC_P_TWITTER_ADMIN->_AC_O_SKE_P_ELT
ACCOUNTADMIN->SYSADMIN->ENG_P_DATAGEN_ADMIN->_AC_O_SKE_P_ELT
ACCOUNTADMIN->SYSADMIN->ENG_P_XML_TO_JSON_ADMIN->_AC_O_SKE_P_ELT
ACCOUNTADMIN->SYSADMIN->SOP_P_DDM_ADMIN->_AC_O_SKE_P_ELT
ACCOUNTADMIN->SYSADMIN->SOP_P_RBAC_GEN_ADMIN->_AC_O_SKE_P_ELT
ACCOUNTADMIN->SYSADMIN->SOP_P_RLS_ADMIN->_AC_O_SKE_P_ELT
ACCOUNTADMIN->SYSADMIN->_AC_O_SKE_P_ELT",11,,Functional
_AC_O_SKE_P_ELT,SOP_P_RBAC_GEN_ADMIN,SOP_P_RBAC_GEN_ADMIN->_AC_O_SKE_P_ELT,"ACCOUNTADMIN->SYSADMIN->DOP_P_ALERTING_ADMIN->_AC_O_SKE_P_ELT
ACCOUNTADMIN->SYSADMIN->DOP_P_CLOUDWATCH_ADMIN->_AC_O_SKE_P_ELT
ACCOUNTADMIN->SYSADMIN->DOP_P_MONITOR_ADMIN->_AC_O_SKE_P_ELT
ACCOUNTADMIN->SYSADMIN->DSC_P_SENTIMENT_ADMIN->_AC_O_SKE_P_ELT
ACCOUNTADMIN->SYSADMIN->DSC_P_TWITTER_ADMIN->_AC_O_SKE_P_ELT
ACCOUNTADMIN->SYSADMIN->ENG_P_DATAGEN_ADMIN->_AC_O_SKE_P_ELT
ACCOUNTADMIN->SYSADMIN->ENG_P_XML_TO_JSON_ADMIN->_AC_O_SKE_P_ELT
ACCOUNTADMIN->SYSADMIN->SOP_P_DDM_ADMIN->_AC_O_SKE_P_ELT
ACCOUNTADMIN->SYSADMIN->SOP_P_RBAC_GEN_ADMIN->_AC_O_SKE_P_ELT
ACCOUNTADMIN->SYSADMIN->SOP_P_RLS_ADMIN->_AC_O_SKE_P_ELT
ACCOUNTADMIN->SYSADMIN->_AC_O_SKE_P_ELT",11,,Functional
_AC_O_SKE_P_ELT,SOP_P_RLS_ADMIN,SOP_P_RLS_ADMIN->_AC_O_SKE_P_ELT,"ACCOUNTADMIN->SYSADMIN->DOP_P_ALERTING_ADMIN->_AC_O_SKE_P_ELT
ACCOUNTADMIN->SYSADMIN->DOP_P_CLOUDWATCH_ADMIN->_AC_O_SKE_P_ELT
ACCOUNTADMIN->SYSADMIN->DOP_P_MONITOR_ADMIN->_AC_O_SKE_P_ELT
ACCOUNTADMIN->SYSADMIN->DSC_P_SENTIMENT_ADMIN->_AC_O_SKE_P_ELT
ACCOUNTADMIN->SYSADMIN->DSC_P_TWITTER_ADMIN->_AC_O_SKE_P_ELT
ACCOUNTADMIN->SYSADMIN->ENG_P_DATAGEN_ADMIN->_AC_O_SKE_P_ELT
ACCOUNTADMIN->SYSADMIN->ENG_P_XML_TO_JSON_ADMIN->_AC_O_SKE_P_ELT
ACCOUNTADMIN->SYSADMIN->SOP_P_DDM_ADMIN->_AC_O_SKE_P_ELT
ACCOUNTADMIN->SYSADMIN->SOP_P_RBAC_GEN_ADMIN->_AC_O_SKE_P_ELT
ACCOUNTADMIN->SYSADMIN->SOP_P_RLS_ADMIN->_AC_O_SKE_P_ELT
ACCOUNTADMIN->SYSADMIN->_AC_O_SKE_P_ELT",11,,Functional
_AC_O_SKE_P_ELT,SYSADMIN,SYSADMIN->_AC_O_SKE_P_ELT,"ACCOUNTADMIN->SYSADMIN->DOP_P_ALERTING_ADMIN->_AC_O_SKE_P_ELT
ACCOUNTADMIN->SYSADMIN->DOP_P_CLOUDWATCH_ADMIN->_AC_O_SKE_P_ELT
ACCOUNTADMIN->SYSADMIN->DOP_P_MONITOR_ADMIN->_AC_O_SKE_P_ELT
ACCOUNTADMIN->SYSADMIN->DSC_P_SENTIMENT_ADMIN->_AC_O_SKE_P_ELT
ACCOUNTADMIN->SYSADMIN->DSC_P_TWITTER_ADMIN->_AC_O_SKE_P_ELT
ACCOUNTADMIN->SYSADMIN->ENG_P_DATAGEN_ADMIN->_AC_O_SKE_P_ELT
ACCOUNTADMIN->SYSADMIN->ENG_P_XML_TO_JSON_ADMIN->_AC_O_SKE_P_ELT
ACCOUNTADMIN->SYSADMIN->SOP_P_DDM_ADMIN->_AC_O_SKE_P_ELT
ACCOUNTADMIN->SYSADMIN->SOP_P_RBAC_GEN_ADMIN->_AC_O_SKE_P_ELT
ACCOUNTADMIN->SYSADMIN->SOP_P_RLS_ADMIN->_AC_O_SKE_P_ELT
ACCOUNTADMIN->SYSADMIN->_AC_O_SKE_P_ELT",11,,Functional
_AC_R_COM_P_UTIL,_AC_W_COM_P_UTIL,_AC_W_COM_P_UTIL->_AC_R_COM_P_UTIL,"SKE_P_UTIL_ADMIN->_AC_C_COM_P_UTIL->_AC_W_COM_P_UTIL->_AC_R_COM_P_UTIL
ACCOUNTADMIN->SYSADMIN->_AC_C_COM_P_UTIL->_AC_W_COM_P_UTIL->_AC_R_COM_P_UTIL",2,,Unknown
_AC_R_COM_P_UTIL_DB_SCH_BR,_AC_W_COM_P_UTIL_DB_SCH_BR,_AC_W_COM_P_UTIL_DB_SCH_BR->_AC_R_COM_P_UTIL_DB_SCH_BR,ACCOUNTADMIN->SYSADMIN->_AC_C_COM_P_UTIL_DB_SCH_BR->_AC_W_COM_P_UTIL_DB_SCH_BR->_AC_R_COM_P_UTIL_DB_SCH_BR,1,,Unknown
_AC_R_DOP_P_DEMO_ALERTING,_AC_W_DOP_P_DEMO_ALERTING,_AC_W_DOP_P_DEMO_ALERTING->_AC_R_DOP_P_DEMO_ALERTING,"ACCOUNTADMIN->SYSADMIN->DOP_P_ALERTING_ADMIN->_AC_C_DOP_P_DEMO_ALERTING->_AC_W_DOP_P_DEMO_ALERTING->_AC_R_DOP_P_DEMO_ALERTING
ACCOUNTADMIN->SYSADMIN->_AC_C_DOP_P_DEMO_ALERTING->_AC_W_DOP_P_DEMO_ALERTING->_AC_R_DOP_P_DEMO_ALERTING
ACCOUNTADMIN->SYSADMIN->DOP_P_MONITOR_ADMIN->_AC_R_DOP_P_DEMO_ALERTING
PST_WORKSPACE->SKE_P_DEMO->_AC_R_DOP_P_DEMO_ALERTING
SKE_P_DDM_HR_MGR->SKE_P_DDM_HR_CLERK->SKE_P_DEMO->_AC_R_DOP_P_DEMO_ALERTING",5,,Unknown
_AC_R_DOP_P_DEMO_ALERTING,DOP_P_MONITOR_ADMIN,DOP_P_MONITOR_ADMIN->_AC_R_DOP_P_DEMO_ALERTING,"ACCOUNTADMIN->SYSADMIN->DOP_P_ALERTING_ADMIN->_AC_C_DOP_P_DEMO_ALERTING->_AC_W_DOP_P_DEMO_ALERTING->_AC_R_DOP_P_DEMO_ALERTING
ACCOUNTADMIN->SYSADMIN->_AC_C_DOP_P_DEMO_ALERTING->_AC_W_DOP_P_DEMO_ALERTING->_AC_R_DOP_P_DEMO_ALERTING
ACCOUNTADMIN->SYSADMIN->DOP_P_MONITOR_ADMIN->_AC_R_DOP_P_DEMO_ALERTING
PST_WORKSPACE->SKE_P_DEMO->_AC_R_DOP_P_DEMO_ALERTING
SKE_P_DDM_HR_MGR->SKE_P_DDM_HR_CLERK->SKE_P_DEMO->_AC_R_DOP_P_DEMO_ALERTING",5,,Unknown
_AC_R_DOP_P_DEMO_CLOUDWATCH,_AC_W_DOP_P_DEMO_CLOUDWATCH,_AC_W_DOP_P_DEMO_CLOUDWATCH->_AC_R_DOP_P_DEMO_CLOUDWATCH,"ACCOUNTADMIN->SYSADMIN->DOP_P_CLOUDWATCH_ADMIN->_AC_C_DOP_P_DEMO_CLOUDWATCH->_AC_W_DOP_P_DEMO_CLOUDWATCH->_AC_R_DOP_P_DEMO_CLOUDWATCH
ACCOUNTADMIN->SYSADMIN->_AC_C_DOP_P_DEMO_CLOUDWATCH->_AC_W_DOP_P_DEMO_CLOUDWATCH->_AC_R_DOP_P_DEMO_CLOUDWATCH
PST_WORKSPACE->SKE_P_DEMO->_AC_R_DOP_P_DEMO_CLOUDWATCH
SKE_P_DDM_HR_MGR->SKE_P_DDM_HR_CLERK->SKE_P_DEMO->_AC_R_DOP_P_DEMO_CLOUDWATCH",4,,Unknown
_AC_R_DOP_P_DEMO_MONITOR,_AC_W_DOP_P_DEMO_MONITOR,_AC_W_DOP_P_DEMO_MONITOR->_AC_R_DOP_P_DEMO_MONITOR,"ACCOUNTADMIN->SYSADMIN->DOP_P_MONITOR_ADMIN->_AC_C_DOP_P_DEMO_MONITOR->_AC_W_DOP_P_DEMO_MONITOR->_AC_R_DOP_P_DEMO_MONITOR
ACCOUNTADMIN->SYSADMIN->_AC_C_DOP_P_DEMO_MONITOR->_AC_W_DOP_P_DEMO_MONITOR->_AC_R_DOP_P_DEMO_MONITOR
PST_WORKSPACE->SKE_P_DEMO->_AC_R_DOP_P_DEMO_MONITOR
SKE_P_DDM_HR_MGR->SKE_P_DDM_HR_CLERK->SKE_P_DEMO->_AC_R_DOP_P_DEMO_MONITOR",4,,Access
_AC_R_DSC_P_DEMO_SENTIMENT,_AC_W_DSC_P_DEMO_SENTIMENT,_AC_W_DSC_P_DEMO_SENTIMENT->_AC_R_DSC_P_DEMO_SENTIMENT,"ACCOUNTADMIN->SYSADMIN->DSC_P_SENTIMENT_ADMIN->_AC_C_DSC_P_DEMO_SENTIMENT->_AC_W_DSC_P_DEMO_SENTIMENT->_AC_R_DSC_P_DEMO_SENTIMENT
ACCOUNTADMIN->SYSADMIN->_AC_C_DSC_P_DEMO_SENTIMENT->_AC_W_DSC_P_DEMO_SENTIMENT->_AC_R_DSC_P_DEMO_SENTIMENT
PST_WORKSPACE->SKE_P_DEMO->_AC_R_DSC_P_DEMO_SENTIMENT
SKE_P_DDM_HR_MGR->SKE_P_DDM_HR_CLERK->SKE_P_DEMO->_AC_R_DSC_P_DEMO_SENTIMENT",4,,Unknown
_AC_R_DSC_P_DEMO_TWITTER,_AC_W_DSC_P_DEMO_TWITTER,_AC_W_DSC_P_DEMO_TWITTER->_AC_R_DSC_P_DEMO_TWITTER,"ACCOUNTADMIN->SYSADMIN->DSC_P_TWITTER_ADMIN->_AC_C_DSC_P_DEMO_TWITTER->_AC_W_DSC_P_DEMO_TWITTER->_AC_R_DSC_P_DEMO_TWITTER
ACCOUNTADMIN->SYSADMIN->_AC_C_DSC_P_DEMO_TWITTER->_AC_W_DSC_P_DEMO_TWITTER->_AC_R_DSC_P_DEMO_TWITTER
PST_WORKSPACE->SKE_P_DEMO->_AC_R_DSC_P_DEMO_TWITTER
SKE_P_DDM_HR_MGR->SKE_P_DDM_HR_CLERK->SKE_P_DEMO->_AC_R_DSC_P_DEMO_TWITTER",4,,Unknown
_AC_R_ENG_P_DEMO_DATAGEN,_AC_W_ENG_P_DEMO_DATAGEN,_AC_W_ENG_P_DEMO_DATAGEN->_AC_R_ENG_P_DEMO_DATAGEN,"ACCOUNTADMIN->SYSADMIN->ENG_P_DATAGEN_ADMIN->_AC_C_ENG_P_DEMO_DATAGEN->_AC_W_ENG_P_DEMO_DATAGEN->_AC_R_ENG_P_DEMO_DATAGEN
ACCOUNTADMIN->SYSADMIN->_AC_C_ENG_P_DEMO_DATAGEN->_AC_W_ENG_P_DEMO_DATAGEN->_AC_R_ENG_P_DEMO_DATAGEN
PST_WORKSPACE->SKE_P_DEMO->_AC_R_ENG_P_DEMO_DATAGEN
SKE_P_DDM_HR_MGR->SKE_P_DDM_HR_CLERK->SKE_P_DEMO->_AC_R_ENG_P_DEMO_DATAGEN
ACCOUNTADMIN->SYSADMIN->SOP_P_RLS_ADMIN->_AC_R_ENG_P_DEMO_DATAGEN",5,,Unknown
_AC_R_ENG_P_DEMO_DATAGEN,SOP_P_RLS_ADMIN,SOP_P_RLS_ADMIN->_AC_R_ENG_P_DEMO_DATAGEN,"ACCOUNTADMIN->SYSADMIN->ENG_P_DATAGEN_ADMIN->_AC_C_ENG_P_DEMO_DATAGEN->_AC_W_ENG_P_DEMO_DATAGEN->_AC_R_ENG_P_DEMO_DATAGEN
ACCOUNTADMIN->SYSADMIN->_AC_C_ENG_P_DEMO_DATAGEN->_AC_W_ENG_P_DEMO_DATAGEN->_AC_R_ENG_P_DEMO_DATAGEN
PST_WORKSPACE->SKE_P_DEMO->_AC_R_ENG_P_DEMO_DATAGEN
SKE_P_DDM_HR_MGR->SKE_P_DDM_HR_CLERK->SKE_P_DEMO->_AC_R_ENG_P_DEMO_DATAGEN
ACCOUNTADMIN->SYSADMIN->SOP_P_RLS_ADMIN->_AC_R_ENG_P_DEMO_DATAGEN",5,,Unknown
_AC_R_ENG_P_DEMO_XML_TO_JSON,_AC_W_ENG_P_DEMO_XML_TO_JSON,_AC_W_ENG_P_DEMO_XML_TO_JSON->_AC_R_ENG_P_DEMO_XML_TO_JSON,"ACCOUNTADMIN->SYSADMIN->ENG_P_XML_TO_JSON_ADMIN->_AC_C_ENG_P_DEMO_XML_TO_JSON->_AC_W_ENG_P_DEMO_XML_TO_JSON->_AC_R_ENG_P_DEMO_XML_TO_JSON
ACCOUNTADMIN->SYSADMIN->_AC_C_ENG_P_DEMO_XML_TO_JSON->_AC_W_ENG_P_DEMO_XML_TO_JSON->_AC_R_ENG_P_DEMO_XML_TO_JSON
PST_WORKSPACE->SKE_P_DEMO->_AC_R_ENG_P_DEMO_XML_TO_JSON
SKE_P_DDM_HR_MGR->SKE_P_DDM_HR_CLERK->SKE_P_DEMO->_AC_R_ENG_P_DEMO_XML_TO_JSON",4,,Unknown
_AC_R_SKE_P_WRK,_AC_W_SKE_P_WRK,_AC_W_SKE_P_WRK->_AC_R_SKE_P_WRK,"PST_WORKSPACE->_AC_C_SKE_P_WRK->_AC_W_SKE_P_WRK->_AC_R_SKE_P_WRK
ACCOUNTADMIN->SYSADMIN->_AC_C_SKE_P_WRK->_AC_W_SKE_P_WRK->_AC_R_SKE_P_WRK",2,,Unknown
_AC_R_SOP_P_DEMO_DDM,_AC_W_SOP_P_DEMO_DDM,_AC_W_SOP_P_DEMO_DDM->_AC_R_SOP_P_DEMO_DDM,"ACCOUNTADMIN->SYSADMIN->SOP_P_DDM_ADMIN->_AC_C_SOP_P_DEMO_DDM->_AC_W_SOP_P_DEMO_DDM->_AC_R_SOP_P_DEMO_DDM
ACCOUNTADMIN->SYSADMIN->_AC_C_SOP_P_DEMO_DDM->_AC_W_SOP_P_DEMO_DDM->_AC_R_SOP_P_DEMO_DDM",2,,Unknown
_AC_R_SOP_P_DEMO_RBAC_GEN,_AC_W_SOP_P_DEMO_RBAC_GEN,_AC_W_SOP_P_DEMO_RBAC_GEN->_AC_R_SOP_P_DEMO_RBAC_GEN,"ACCOUNTADMIN->SYSADMIN->_AC_C_SOP_P_DEMO_RBAC_GEN->_AC_W_SOP_P_DEMO_RBAC_GEN->_AC_R_SOP_P_DEMO_RBAC_GEN
PST_WORKSPACE->SKE_P_DEMO->_AC_R_SOP_P_DEMO_RBAC_GEN
SKE_P_DDM_HR_MGR->SKE_P_DDM_HR_CLERK->SKE_P_DEMO->_AC_R_SOP_P_DEMO_RBAC_GEN",3,,Access
_AC_R_SOP_P_DEMO_RLS,_AC_W_SOP_P_DEMO_RLS,_AC_W_SOP_P_DEMO_RLS->_AC_R_SOP_P_DEMO_RLS,"ACCOUNTADMIN->SYSADMIN->SOP_P_RLS_ADMIN->_AC_C_SOP_P_DEMO_RLS->_AC_W_SOP_P_DEMO_RLS->_AC_R_SOP_P_DEMO_RLS
ACCOUNTADMIN->SYSADMIN->_AC_C_SOP_P_DEMO_RLS->_AC_W_SOP_P_DEMO_RLS->_AC_R_SOP_P_DEMO_RLS
PST_WORKSPACE->SKE_P_DEMO->_AC_R_SOP_P_DEMO_RLS
SKE_P_DDM_HR_MGR->SKE_P_DDM_HR_CLERK->SKE_P_DEMO->_AC_R_SOP_P_DEMO_RLS",4,,Access
_AC_R_SOP_P_MSTR_DDM,_AC_W_SOP_P_MSTR_DDM,_AC_W_SOP_P_MSTR_DDM->_AC_R_SOP_P_MSTR_DDM,ACCOUNTADMIN->SYSADMIN->_AC_C_SOP_P_MSTR_DDM->_AC_W_SOP_P_MSTR_DDM->_AC_R_SOP_P_MSTR_DDM,1,,Unknown
_AC_U_SKE_P_ADHOC_BIG,_AC_O_SKE_P_ADHOC_BIG,_AC_O_SKE_P_ADHOC_BIG->_AC_U_SKE_P_ADHOC_BIG,"ACCOUNTADMIN->SYSADMIN->_AC_O_SKE_P_ADHOC_BIG->_AC_U_SKE_P_ADHOC_BIG
PST_WORKSPACE->SKE_P_DEMO->_AC_U_SKE_P_ADHOC_BIG
SKE_P_DDM_HR_MGR->SKE_P_DDM_HR_CLERK->SKE_P_DEMO->_AC_U_SKE_P_ADHOC_BIG",3,,Unknown
_AC_U_SKE_P_ADHOC_TINY,_AC_O_SKE_P_ADHOC_TINY,_AC_O_SKE_P_ADHOC_TINY->_AC_U_SKE_P_ADHOC_TINY,"ACCOUNTADMIN->SYSADMIN->_AC_O_SKE_P_ADHOC_TINY->_AC_U_SKE_P_ADHOC_TINY
PST_WORKSPACE->SKE_P_DEMO->_AC_U_SKE_P_ADHOC_TINY
SKE_P_DDM_HR_MGR->SKE_P_DDM_HR_CLERK->SKE_P_DEMO->_AC_U_SKE_P_ADHOC_TINY",3,,Unknown
_AC_U_SKE_P_ELT,_AC_O_SKE_P_ELT,_AC_O_SKE_P_ELT->_AC_U_SKE_P_ELT,"ACCOUNTADMIN->SYSADMIN->DOP_P_ALERTING_ADMIN->_AC_O_SKE_P_ELT->_AC_U_SKE_P_ELT
ACCOUNTADMIN->SYSADMIN->DOP_P_CLOUDWATCH_ADMIN->_AC_O_SKE_P_ELT->_AC_U_SKE_P_ELT
ACCOUNTADMIN->SYSADMIN->DOP_P_MONITOR_ADMIN->_AC_O_SKE_P_ELT->_AC_U_SKE_P_ELT
ACCOUNTADMIN->SYSADMIN->DSC_P_SENTIMENT_ADMIN->_AC_O_SKE_P_ELT->_AC_U_SKE_P_ELT
ACCOUNTADMIN->SYSADMIN->DSC_P_TWITTER_ADMIN->_AC_O_SKE_P_ELT->_AC_U_SKE_P_ELT
ACCOUNTADMIN->SYSADMIN->ENG_P_DATAGEN_ADMIN->_AC_O_SKE_P_ELT->_AC_U_SKE_P_ELT
ACCOUNTADMIN->SYSADMIN->ENG_P_XML_TO_JSON_ADMIN->_AC_O_SKE_P_ELT->_AC_U_SKE_P_ELT
ACCOUNTADMIN->SYSADMIN->SOP_P_DDM_ADMIN->_AC_O_SKE_P_ELT->_AC_U_SKE_P_ELT
ACCOUNTADMIN->SYSADMIN->SOP_P_RBAC_GEN_ADMIN->_AC_O_SKE_P_ELT->_AC_U_SKE_P_ELT
ACCOUNTADMIN->SYSADMIN->SOP_P_RLS_ADMIN->_AC_O_SKE_P_ELT->_AC_U_SKE_P_ELT
ACCOUNTADMIN->SYSADMIN->_AC_O_SKE_P_ELT->_AC_U_SKE_P_ELT",11,,Unknown
_AC_W_COM_P_UTIL,_AC_C_COM_P_UTIL,_AC_C_COM_P_UTIL->_AC_W_COM_P_UTIL,"SKE_P_UTIL_ADMIN->_AC_C_COM_P_UTIL->_AC_W_COM_P_UTIL
ACCOUNTADMIN->SYSADMIN->_AC_C_COM_P_UTIL->_AC_W_COM_P_UTIL",2,,Functional
_AC_W_COM_P_UTIL_DB_SCH_BR,_AC_C_COM_P_UTIL_DB_SCH_BR,_AC_C_COM_P_UTIL_DB_SCH_BR->_AC_W_COM_P_UTIL_DB_SCH_BR,ACCOUNTADMIN->SYSADMIN->_AC_C_COM_P_UTIL_DB_SCH_BR->_AC_W_COM_P_UTIL_DB_SCH_BR,1,,Functional
_AC_W_DOP_P_DEMO_ALERTING,_AC_C_DOP_P_DEMO_ALERTING,_AC_C_DOP_P_DEMO_ALERTING->_AC_W_DOP_P_DEMO_ALERTING,"ACCOUNTADMIN->SYSADMIN->DOP_P_ALERTING_ADMIN->_AC_C_DOP_P_DEMO_ALERTING->_AC_W_DOP_P_DEMO_ALERTING
ACCOUNTADMIN->SYSADMIN->_AC_C_DOP_P_DEMO_ALERTING->_AC_W_DOP_P_DEMO_ALERTING",2,,Functional
_AC_W_DOP_P_DEMO_CLOUDWATCH,_AC_C_DOP_P_DEMO_CLOUDWATCH,_AC_C_DOP_P_DEMO_CLOUDWATCH->_AC_W_DOP_P_DEMO_CLOUDWATCH,"ACCOUNTADMIN->SYSADMIN->DOP_P_CLOUDWATCH_ADMIN->_AC_C_DOP_P_DEMO_CLOUDWATCH->_AC_W_DOP_P_DEMO_CLOUDWATCH
ACCOUNTADMIN->SYSADMIN->_AC_C_DOP_P_DEMO_CLOUDWATCH->_AC_W_DOP_P_DEMO_CLOUDWATCH",2,,Functional
_AC_W_DOP_P_DEMO_MONITOR,_AC_C_DOP_P_DEMO_MONITOR,_AC_C_DOP_P_DEMO_MONITOR->_AC_W_DOP_P_DEMO_MONITOR,"ACCOUNTADMIN->SYSADMIN->DOP_P_MONITOR_ADMIN->_AC_C_DOP_P_DEMO_MONITOR->_AC_W_DOP_P_DEMO_MONITOR
ACCOUNTADMIN->SYSADMIN->_AC_C_DOP_P_DEMO_MONITOR->_AC_W_DOP_P_DEMO_MONITOR",2,,Access
_AC_W_DSC_P_DEMO_SENTIMENT,_AC_C_DSC_P_DEMO_SENTIMENT,_AC_C_DSC_P_DEMO_SENTIMENT->_AC_W_DSC_P_DEMO_SENTIMENT,"ACCOUNTADMIN->SYSADMIN->DSC_P_SENTIMENT_ADMIN->_AC_C_DSC_P_DEMO_SENTIMENT->_AC_W_DSC_P_DEMO_SENTIMENT
ACCOUNTADMIN->SYSADMIN->_AC_C_DSC_P_DEMO_SENTIMENT->_AC_W_DSC_P_DEMO_SENTIMENT",2,,Functional
_AC_W_DSC_P_DEMO_TWITTER,_AC_C_DSC_P_DEMO_TWITTER,_AC_C_DSC_P_DEMO_TWITTER->_AC_W_DSC_P_DEMO_TWITTER,"ACCOUNTADMIN->SYSADMIN->DSC_P_TWITTER_ADMIN->_AC_C_DSC_P_DEMO_TWITTER->_AC_W_DSC_P_DEMO_TWITTER
ACCOUNTADMIN->SYSADMIN->_AC_C_DSC_P_DEMO_TWITTER->_AC_W_DSC_P_DEMO_TWITTER",2,,Functional
_AC_W_ENG_P_DEMO_DATAGEN,_AC_C_ENG_P_DEMO_DATAGEN,_AC_C_ENG_P_DEMO_DATAGEN->_AC_W_ENG_P_DEMO_DATAGEN,"ACCOUNTADMIN->SYSADMIN->ENG_P_DATAGEN_ADMIN->_AC_C_ENG_P_DEMO_DATAGEN->_AC_W_ENG_P_DEMO_DATAGEN
ACCOUNTADMIN->SYSADMIN->_AC_C_ENG_P_DEMO_DATAGEN->_AC_W_ENG_P_DEMO_DATAGEN",2,,Functional
_AC_W_ENG_P_DEMO_XML_TO_JSON,_AC_C_ENG_P_DEMO_XML_TO_JSON,_AC_C_ENG_P_DEMO_XML_TO_JSON->_AC_W_ENG_P_DEMO_XML_TO_JSON,"ACCOUNTADMIN->SYSADMIN->ENG_P_XML_TO_JSON_ADMIN->_AC_C_ENG_P_DEMO_XML_TO_JSON->_AC_W_ENG_P_DEMO_XML_TO_JSON
ACCOUNTADMIN->SYSADMIN->_AC_C_ENG_P_DEMO_XML_TO_JSON->_AC_W_ENG_P_DEMO_XML_TO_JSON",2,,Functional
_AC_W_SKE_P_WRK,_AC_C_SKE_P_WRK,_AC_C_SKE_P_WRK->_AC_W_SKE_P_WRK,"PST_WORKSPACE->_AC_C_SKE_P_WRK->_AC_W_SKE_P_WRK
ACCOUNTADMIN->SYSADMIN->_AC_C_SKE_P_WRK->_AC_W_SKE_P_WRK",2,,Functional
_AC_W_SOP_P_DEMO_DDM,_AC_C_SOP_P_DEMO_DDM,_AC_C_SOP_P_DEMO_DDM->_AC_W_SOP_P_DEMO_DDM,"ACCOUNTADMIN->SYSADMIN->SOP_P_DDM_ADMIN->_AC_C_SOP_P_DEMO_DDM->_AC_W_SOP_P_DEMO_DDM
ACCOUNTADMIN->SYSADMIN->_AC_C_SOP_P_DEMO_DDM->_AC_W_SOP_P_DEMO_DDM",2,,Functional
_AC_W_SOP_P_DEMO_RBAC_GEN,_AC_C_SOP_P_DEMO_RBAC_GEN,_AC_C_SOP_P_DEMO_RBAC_GEN->_AC_W_SOP_P_DEMO_RBAC_GEN,ACCOUNTADMIN->SYSADMIN->_AC_C_SOP_P_DEMO_RBAC_GEN->_AC_W_SOP_P_DEMO_RBAC_GEN,1,,Access
_AC_W_SOP_P_DEMO_RLS,_AC_C_SOP_P_DEMO_RLS,_AC_C_SOP_P_DEMO_RLS->_AC_W_SOP_P_DEMO_RLS,"ACCOUNTADMIN->SYSADMIN->SOP_P_RLS_ADMIN->_AC_C_SOP_P_DEMO_RLS->_AC_W_SOP_P_DEMO_RLS
ACCOUNTADMIN->SYSADMIN->_AC_C_SOP_P_DEMO_RLS->_AC_W_SOP_P_DEMO_RLS",2,,Access
_AC_W_SOP_P_MSTR_DDM,_AC_C_SOP_P_MSTR_DDM,_AC_C_SOP_P_MSTR_DDM->_AC_W_SOP_P_MSTR_DDM,ACCOUNTADMIN->SYSADMIN->_AC_C_SOP_P_MSTR_DDM->_AC_W_SOP_P_MSTR_DDM,1,,Functional
_AC_X_TASK_ADMIN,DOP_P_MONITOR_ADMIN,DOP_P_MONITOR_ADMIN->_AC_X_TASK_ADMIN,"ACCOUNTADMIN->SYSADMIN->DOP_P_MONITOR_ADMIN->_AC_X_TASK_ADMIN
SKE_P_UTIL_ADMIN->_AC_X_TASK_ADMIN
ACCOUNTADMIN->SYSADMIN->_AC_X_TASK_ADMIN",3,,Unknown
_AC_X_TASK_ADMIN,SYSADMIN,SYSADMIN->_AC_X_TASK_ADMIN,"ACCOUNTADMIN->SYSADMIN->DOP_P_MONITOR_ADMIN->_AC_X_TASK_ADMIN
SKE_P_UTIL_ADMIN->_AC_X_TASK_ADMIN
ACCOUNTADMIN->SYSADMIN->_AC_X_TASK_ADMIN",3,,Unknown
DOP_P_ALERTING_ADMIN,SYSADMIN,SYSADMIN->DOP_P_ALERTING_ADMIN,ACCOUNTADMIN->SYSADMIN->DOP_P_ALERTING_ADMIN,1,,Functional
DOP_P_CLOUDWATCH_ADMIN,SYSADMIN,SYSADMIN->DOP_P_CLOUDWATCH_ADMIN,ACCOUNTADMIN->SYSADMIN->DOP_P_CLOUDWATCH_ADMIN,1,,Functional
DOP_P_MONITOR_ADMIN,SYSADMIN,SYSADMIN->DOP_P_MONITOR_ADMIN,ACCOUNTADMIN->SYSADMIN->DOP_P_MONITOR_ADMIN,1,,Functional
DSC_P_SENTIMENT_ADMIN,SYSADMIN,SYSADMIN->DSC_P_SENTIMENT_ADMIN,ACCOUNTADMIN->SYSADMIN->DSC_P_SENTIMENT_ADMIN,1,,Functional
DSC_P_TWITTER_ADMIN,SYSADMIN,SYSADMIN->DSC_P_TWITTER_ADMIN,ACCOUNTADMIN->SYSADMIN->DSC_P_TWITTER_ADMIN,1,,Functional
ENG_P_DATAGEN_ADMIN,SYSADMIN,SYSADMIN->ENG_P_DATAGEN_ADMIN,ACCOUNTADMIN->SYSADMIN->ENG_P_DATAGEN_ADMIN,1,,Functional
ENG_P_XML_TO_JSON_ADMIN,SYSADMIN,SYSADMIN->ENG_P_XML_TO_JSON_ADMIN,ACCOUNTADMIN->SYSADMIN->ENG_P_XML_TO_JSON_ADMIN,1,,Functional
SOP_P_DDM_ADMIN,SYSADMIN,SYSADMIN->SOP_P_DDM_ADMIN,ACCOUNTADMIN->SYSADMIN->SOP_P_DDM_ADMIN,1,,Functional
SOP_P_RBAC_GEN_ADMIN,SYSADMIN,SYSADMIN->SOP_P_RBAC_GEN_ADMIN,ACCOUNTADMIN->SYSADMIN->SOP_P_RBAC_GEN_ADMIN,1,,Functional
SOP_P_RLS_ADMIN,SYSADMIN,SYSADMIN->SOP_P_RLS_ADMIN,ACCOUNTADMIN->SYSADMIN->SOP_P_RLS_ADMIN,1,,Functional
SYSADMIN,ACCOUNTADMIN,ACCOUNTADMIN->SYSADMIN,ACCOUNTADMIN->SYSADMIN,1,,BuiltIn
