Name,GrantedTo,DirectAncestry,AncestryPaths,NumAncestryPaths,ImportantAncestor,Type
_AC_C_COM_P_UTIL,SKE_P_UTIL_ADMIN,SKE_P_UTIL_ADMIN->_AC_C_COM_P_UTIL,"SKE_P_UTIL_ADMIN->_AC_C_COM_P_UTIL
ACCOUNTADMIN->SYSADMIN->_AC_C_COM_P_UTIL",2,,Functional
_AC_R_COM_P_UTIL,_AC_W_COM_P_UTIL,_AC_W_COM_P_UTIL->_AC_R_COM_P_UTIL,"SKE_P_UTIL_ADMIN->_AC_C_COM_P_UTIL->_AC_W_COM_P_UTIL->_AC_R_COM_P_UTIL
ACCOUNTADMIN->SYSADMIN->_AC_C_COM_P_UTIL->_AC_W_COM_P_UTIL->_AC_R_COM_P_UTIL",2,,Unknown
_AC_W_COM_P_UTIL,_AC_C_COM_P_UTIL,_AC_C_COM_P_UTIL->_AC_W_COM_P_UTIL,"SKE_P_UTIL_ADMIN->_AC_C_COM_P_UTIL->_AC_W_COM_P_UTIL
ACCOUNTADMIN->SYSADMIN->_AC_C_COM_P_UTIL->_AC_W_COM_P_UTIL",2,,Functional
_AC_X_TASK_ADMIN,SKE_P_UTIL_ADMIN,SKE_P_UTIL_ADMIN->_AC_X_TASK_ADMIN,"ACCOUNTADMIN->SYSADMIN->DOP_P_MONITOR_ADMIN->_AC_X_TASK_ADMIN
SKE_P_UTIL_ADMIN->_AC_X_TASK_ADMIN
ACCOUNTADMIN->SYSADMIN->_AC_X_TASK_ADMIN",3,,Unknown
