Name,GrantedTo,DirectAncestry,AncestryPaths,NumAncestryPaths,ImportantAncestor,Type
_AC_C_COM_P_UTIL,SKE_P_UTIL_ADMIN,,"SKE_P_UTIL_ADMIN->_AC_C_COM_P_UTIL
ACCOUNTADMIN->SYSADMIN->_AC_C_COM_P_UTIL",2,"SKE_P_UTIL_ADMIN->_AC_C_COM_P_UTIL
ACCOUNTADMIN->SYSADMIN->_AC_C_COM_P_UTIL",Functional
_AC_C_COM_P_UTIL,SYSADMIN,,"SKE_P_UTIL_ADMIN->_AC_C_COM_P_UTIL
ACCOUNTADMIN->SYSADMIN->_AC_C_COM_P_UTIL",2,"SKE_P_UTIL_ADMIN->_AC_C_COM_P_UTIL
ACCOUNTADMIN->SYSADMIN->_AC_C_COM_P_UTIL",Functional
_AC_C_COM_P_UTIL_DB_SCH_BR,SYSADMIN,,ACCOUNTADMIN->SYSADMIN->_AC_C_COM_P_UTIL_DB_SCH_BR,1,_AC_C_COM_P_UTIL_DB_SCH_BR,Functional
_AC_C_DOP_P_DEMO_ALERTING,DOP_P_ALERTING_ADMIN,,"ACCOUNTADMIN->SYSADMIN->DOP_P_ALERTING_ADMIN->_AC_C_DOP_P_DEMO_ALERTING
ACCOUNTADMIN->SYSADMIN->_AC_C_DOP_P_DEMO_ALERTING",2,DOP_P_ALERTING_ADMIN,Access
_AC_C_DOP_P_DEMO_ALERTING,SYSADMIN,,"ACCOUNTADMIN->SYSADMIN->DOP_P_ALERTING_ADMIN->_AC_C_DOP_P_DEMO_ALERTING
ACCOUNTADMIN->SYSADMIN->_AC_C_DOP_P_DEMO_ALERTING",2,DOP_P_ALERTING_ADMIN,Access
_AC_C_DOP_P_DEMO_CLOUDWATCH,DOP_P_CLOUDWATCH_ADMIN,,"ACCOUNTADMIN->SYSADMIN->DOP_P_CLOUDWATCH_ADMIN->_AC_C_DOP_P_DEMO_CLOUDWATCH
ACCOUNTADMIN->SYSADMIN->_AC_C_DOP_P_DEMO_CLOUDWATCH",2,DOP_P_CLOUDWATCH_ADMIN,Functional
_AC_C_DOP_P_DEMO_CLOUDWATCH,SYSADMIN,,"ACCOUNTADMIN->SYSADMIN->DOP_P_CLOUDWATCH_ADMIN->_AC_C_DOP_P_DEMO_CLOUDWATCH
ACCOUNTADMIN->SYSADMIN->_AC_C_DOP_P_DEMO_CLOUDWATCH",2,DOP_P_CLOUDWATCH_ADMIN,Functional
_AC_C_DOP_P_DEMO_MONITOR,DOP_P_MONITOR_ADMIN,,"ACCOUNTADMIN->SYSADMIN->DOP_P_MONITOR_ADMIN->_AC_C_DOP_P_DEMO_MONITOR
ACCOUNTADMIN->SYSADMIN->_AC_C_DOP_P_DEMO_MONITOR",2,DOP_P_MONITOR_ADMIN,Access
_AC_C_DOP_P_DEMO_MONITOR,SYSADMIN,,"ACCOUNTADMIN->SYSADMIN->DOP_P_MONITOR_ADMIN->_AC_C_DOP_P_DEMO_MONITOR
ACCOUNTADMIN->SYSADMIN->_AC_C_DOP_P_DEMO_MONITOR",2,DOP_P_MONITOR_ADMIN,Access
_AC_C_DSC_P_DEMO_SENTIMENT,DSC_P_SENTIMENT_ADMIN,,"ACCOUNTADMIN->SYSADMIN->DSC_P_SENTIMENT_ADMIN->_AC_C_DSC_P_DEMO_SENTIMENT
ACCOUNTADMIN->SYSADMIN->_AC_C_DSC_P_DEMO_SENTIMENT",2,DSC_P_SENTIMENT_ADMIN,Access
_AC_C_DSC_P_DEMO_SENTIMENT,SYSADMIN,,"ACCOUNTADMIN->SYSADMIN->DSC_P_SENTIMENT_ADMIN->_AC_C_DSC_P_DEMO_SENTIMENT
ACCOUNTADMIN->SYSADMIN->_AC_C_DSC_P_DEMO_SENTIMENT",2,DSC_P_SENTIMENT_ADMIN,Access
_AC_C_DSC_P_DEMO_TWITTER,DSC_P_TWITTER_ADMIN,,"ACCOUNTADMIN->SYSADMIN->DSC_P_TWITTER_ADMIN->_AC_C_DSC_P_DEMO_TWITTER
ACCOUNTADMIN->SYSADMIN->_AC_C_DSC_P_DEMO_TWITTER",2,DSC_P_TWITTER_ADMIN,Access
_AC_C_DSC_P_DEMO_TWITTER,SYSADMIN,,"ACCOUNTADMIN->SYSADMIN->DSC_P_TWITTER_ADMIN->_AC_C_DSC_P_DEMO_TWITTER
ACCOUNTADMIN->SYSADMIN->_AC_C_DSC_P_DEMO_TWITTER",2,DSC_P_TWITTER_ADMIN,Access
_AC_C_ENG_P_DEMO_DATAGEN,ENG_P_DATAGEN_ADMIN,,"ACCOUNTADMIN->SYSADMIN->ENG_P_DATAGEN_ADMIN->_AC_C_ENG_P_DEMO_DATAGEN
ACCOUNTADMIN->SYSADMIN->_AC_C_ENG_P_DEMO_DATAGEN",2,ENG_P_DATAGEN_ADMIN,Access
_AC_C_ENG_P_DEMO_DATAGEN,SYSADMIN,,"ACCOUNTADMIN->SYSADMIN->ENG_P_DATAGEN_ADMIN->_AC_C_ENG_P_DEMO_DATAGEN
ACCOUNTADMIN->SYSADMIN->_AC_C_ENG_P_DEMO_DATAGEN",2,ENG_P_DATAGEN_ADMIN,Access
_AC_C_ENG_P_DEMO_XML_TO_JSON,ENG_P_XML_TO_JSON_ADMIN,,"ACCOUNTADMIN->SYSADMIN->ENG_P_XML_TO_JSON_ADMIN->_AC_C_ENG_P_DEMO_XML_TO_JSON
ACCOUNTADMIN->SYSADMIN->_AC_C_ENG_P_DEMO_XML_TO_JSON",2,ENG_P_XML_TO_JSON_ADMIN,Access
_AC_C_ENG_P_DEMO_XML_TO_JSON,SYSADMIN,,"ACCOUNTADMIN->SYSADMIN->ENG_P_XML_TO_JSON_ADMIN->_AC_C_ENG_P_DEMO_XML_TO_JSON
ACCOUNTADMIN->SYSADMIN->_AC_C_ENG_P_DEMO_XML_TO_JSON",2,ENG_P_XML_TO_JSON_ADMIN,Access
_AC_C_SKE_P_WRK,PST_WORKSPACE,,"PST_WORKSPACE->_AC_C_SKE_P_WRK
ACCOUNTADMIN->SYSADMIN->_AC_C_SKE_P_WRK",2,"PST_WORKSPACE->_AC_C_SKE_P_WRK
ACCOUNTADMIN->SYSADMIN->_AC_C_SKE_P_WRK",Functional
_AC_C_SKE_P_WRK,SYSADMIN,,"PST_WORKSPACE->_AC_C_SKE_P_WRK
ACCOUNTADMIN->SYSADMIN->_AC_C_SKE_P_WRK",2,"PST_WORKSPACE->_AC_C_SKE_P_WRK
ACCOUNTADMIN->SYSADMIN->_AC_C_SKE_P_WRK",Functional
_AC_C_SOP_P_DEMO_DDM,SOP_P_DDM_ADMIN,,"ACCOUNTADMIN->SYSADMIN->SOP_P_DDM_ADMIN->_AC_C_SOP_P_DEMO_DDM
ACCOUNTADMIN->SYSADMIN->_AC_C_SOP_P_DEMO_DDM",2,SOP_P_DDM_ADMIN,Functional
_AC_C_SOP_P_DEMO_DDM,SYSADMIN,,"ACCOUNTADMIN->SYSADMIN->SOP_P_DDM_ADMIN->_AC_C_SOP_P_DEMO_DDM
ACCOUNTADMIN->SYSADMIN->_AC_C_SOP_P_DEMO_DDM",2,SOP_P_DDM_ADMIN,Functional
_AC_C_SOP_P_DEMO_RBAC_GEN,SYSADMIN,,ACCOUNTADMIN->SYSADMIN->_AC_C_SOP_P_DEMO_RBAC_GEN,1,_AC_C_SOP_P_DEMO_RBAC_GEN,Access
_AC_C_SOP_P_DEMO_RLS,SOP_P_RLS_ADMIN,,"ACCOUNTADMIN->SYSADMIN->SOP_P_RLS_ADMIN->_AC_C_SOP_P_DEMO_RLS
ACCOUNTADMIN->SYSADMIN->_AC_C_SOP_P_DEMO_RLS",2,SOP_P_RLS_ADMIN,Access
_AC_C_SOP_P_DEMO_RLS,SYSADMIN,,"ACCOUNTADMIN->SYSADMIN->SOP_P_RLS_ADMIN->_AC_C_SOP_P_DEMO_RLS
ACCOUNTADMIN->SYSADMIN->_AC_C_SOP_P_DEMO_RLS",2,SOP_P_RLS_ADMIN,Access
_AC_C_SOP_P_MSTR_DDM,SYSADMIN,,ACCOUNTADMIN->SYSADMIN->_AC_C_SOP_P_MSTR_DDM,1,_AC_C_SOP_P_MSTR_DDM,Functional
_AC_O_SKE_P_ADHOC_BIG,SYSADMIN,,ACCOUNTADMIN->SYSADMIN->_AC_O_SKE_P_ADHOC_BIG,1,_AC_O_SKE_P_ADHOC_BIG,Functional
_AC_O_SKE_P_ADHOC_TINY,SYSADMIN,,ACCOUNTADMIN->SYSADMIN->_AC_O_SKE_P_ADHOC_TINY,1,_AC_O_SKE_P_ADHOC_TINY,Functional
_AC_O_SKE_P_ELT,DOP_P_ALERTING_ADMIN,,"ACCOUNTADMIN->SYSADMIN->DOP_P_ALERTING_ADMIN->_AC_O_SKE_P_ELT
ACCOUNTADMIN->SYSADMIN->DOP_P_CLOUDWATCH_ADMIN->_AC_O_SKE_P_ELT
ACCOUNTADMIN->SYSADMIN->DOP_P_MONITOR_ADMIN->_AC_O_SKE_P_ELT
ACCOUNTADMIN->SYSADMIN->DSC_P_SENTIMENT_ADMIN->_AC_O_SKE_P_ELT
ACCOUNTADMIN->SYSADMIN->DSC_P_TWITTER_ADMIN->_AC_O_SKE_P_ELT
ACCOUNTADMIN->SYSADMIN->ENG_P_DATAGEN_ADMIN->_AC_O_SKE_P_ELT
ACCOUNTADMIN->SYSADMIN->ENG_P_XML_TO_JSON_ADMIN->_AC_O_SKE_P_ELT
ACCOUNTADMIN->SYSADMIN->SOP_P_DDM_ADMIN->_AC_O_SKE_P_ELT
ACCOUNTADMIN->SYSADMIN->SOP_P_RBAC_GEN_ADMIN->_AC_O_SKE_P_ELT
ACCOUNTADMIN->SYSADMIN->SOP_P_RLS_ADMIN->_AC_O_SKE_P_ELT
ACCOUNTADMIN->SYSADMIN->_AC_O_SKE_P_ELT",11,DOP_P_ALERTING_ADMIN,Functional
_AC_O_SKE_P_ELT,DOP_P_CLOUDWATCH_ADMIN,,"ACCOUNTADMIN->SYSADMIN->DOP_P_ALERTING_ADMIN->_AC_O_SKE_P_ELT
ACCOUNTADMIN->SYSADMIN->DOP_P_CLOUDWATCH_ADMIN->_AC_O_SKE_P_ELT
ACCOUNTADMIN->SYSADMIN->DOP_P_MONITOR_ADMIN->_AC_O_SKE_P_ELT
ACCOUNTADMIN->SYSADMIN->DSC_P_SENTIMENT_ADMIN->_AC_O_SKE_P_ELT
ACCOUNTADMIN->SYSADMIN->DSC_P_TWITTER_ADMIN->_AC_O_SKE_P_ELT
ACCOUNTADMIN->SYSADMIN->ENG_P_DATAGEN_ADMIN->_AC_O_SKE_P_ELT
ACCOUNTADMIN->SYSADMIN->ENG_P_XML_TO_JSON_ADMIN->_AC_O_SKE_P_ELT
ACCOUNTADMIN->SYSADMIN->SOP_P_DDM_ADMIN->_AC_O_SKE_P_ELT
ACCOUNTADMIN->SYSADMIN->SOP_P_RBAC_GEN_ADMIN->_AC_O_SKE_P_ELT
ACCOUNTADMIN->SYSADMIN->SOP_P_RLS_ADMIN->_AC_O_SKE_P_ELT
ACCOUNTADMIN->SYSADMIN->_AC_O_SKE_P_ELT",11,DOP_P_ALERTING_ADMIN,Functional
_AC_O_SKE_P_ELT,DOP_P_MONITOR_ADMIN,,"ACCOUNTADMIN->SYSADMIN->DOP_P_ALERTING_ADMIN->_AC_O_SKE_P_ELT
ACCOUNTADMIN->SYSADMIN->DOP_P_CLOUDWATCH_ADMIN->_AC_O_SKE_P_ELT
ACCOUNTADMIN->SYSADMIN->DOP_P_MONITOR_ADMIN->_AC_O_SKE_P_ELT
ACCOUNTADMIN->SYSADMIN->DSC_P_SENTIMENT_ADMIN->_AC_O_SKE_P_ELT
ACCOUNTADMIN->SYSADMIN->DSC_P_TWITTER_ADMIN->_AC_O_SKE_P_ELT
ACCOUNTADMIN->SYSADMIN->ENG_P_DATAGEN_ADMIN->_AC_O_SKE_P_ELT
ACCOUNTADMIN->SYSADMIN->ENG_P_XML_TO_JSON_ADMIN->_AC_O_SKE_P_ELT
ACCOUNTADMIN->SYSADMIN->SOP_P_DDM_ADMIN->_AC_O_SKE_P_ELT
ACCOUNTADMIN->SYSADMIN->SOP_P_RBAC_GEN_ADMIN->_AC_O_SKE_P_ELT
ACCOUNTADMIN->SYSADMIN->SOP_P_RLS_ADMIN->_AC_O_SKE_P_ELT
ACCOUNTADMIN->SYSADMIN->_AC_O_SKE_P_ELT",11,DOP_P_ALERTING_ADMIN,Functional
_AC_O_SKE_P_ELT,DSC_P_SENTIMENT_ADMIN,,"ACCOUNTADMIN->SYSADMIN->DOP_P_ALERTING_ADMIN->_AC_O_SKE_P_ELT
ACCOUNTADMIN->SYSADMIN->DOP_P_CLOUDWATCH_ADMIN->_AC_O_SKE_P_ELT
ACCOUNTADMIN->SYSADMIN->DOP_P_MONITOR_ADMIN->_AC_O_SKE_P_ELT
ACCOUNTADMIN->SYSADMIN->DSC_P_SENTIMENT_ADMIN->_AC_O_SKE_P_ELT
ACCOUNTADMIN->SYSADMIN->DSC_P_TWITTER_ADMIN->_AC_O_SKE_P_ELT
ACCOUNTADMIN->SYSADMIN->ENG_P_DATAGEN_ADMIN->_AC_O_SKE_P_ELT
ACCOUNTADMIN->SYSADMIN->ENG_P_XML_TO_JSON_ADMIN->_AC_O_SKE_P_ELT
ACCOUNTADMIN->SYSADMIN->SOP_P_DDM_ADMIN->_AC_O_SKE_P_ELT
ACCOUNTADMIN->SYSADMIN->SOP_P_RBAC_GEN_ADMIN->_AC_O_SKE_P_ELT
ACCOUNTADMIN->SYSADMIN->SOP_P_RLS_ADMIN->_AC_O_SKE_P_ELT
ACCOUNTADMIN->SYSADMIN->_AC_O_SKE_P_ELT",11,DOP_P_ALERTING_ADMIN,Functional
_AC_O_SKE_P_ELT,DSC_P_TWITTER_ADMIN,,"ACCOUNTADMIN->SYSADMIN->DOP_P_ALERTING_ADMIN->_AC_O_SKE_P_ELT
ACCOUNTADMIN->SYSADMIN->DOP_P_CLOUDWATCH_ADMIN->_AC_O_SKE_P_ELT
ACCOUNTADMIN->SYSADMIN->DOP_P_MONITOR_ADMIN->_AC_O_SKE_P_ELT
ACCOUNTADMIN->SYSADMIN->DSC_P_SENTIMENT_ADMIN->_AC_O_SKE_P_ELT
ACCOUNTADMIN->SYSADMIN->DSC_P_TWITTER_ADMIN->_AC_O_SKE_P_ELT
ACCOUNTADMIN->SYSADMIN->ENG_P_DATAGEN_ADMIN->_AC_O_SKE_P_ELT
ACCOUNTADMIN->SYSADMIN->ENG_P_XML_TO_JSON_ADMIN->_AC_O_SKE_P_ELT
ACCOUNTADMIN->SYSADMIN->SOP_P_DDM_ADMIN->_AC_O_SKE_P_ELT
ACCOUNTADMIN->SYSADMIN->SOP_P_RBAC_GEN_ADMIN->_AC_O_SKE_P_ELT
ACCOUNTADMIN->SYSADMIN->SOP_P_RLS_ADMIN->_AC_O_SKE_P_ELT
ACCOUNTADMIN->SYSADMIN->_AC_O_SKE_P_ELT",11,DOP_P_ALERTING_ADMIN,Functional
_AC_O_SKE_P_ELT,ENG_P_DATAGEN_ADMIN,,"ACCOUNTADMIN->SYSADMIN->DOP_P_ALERTING_ADMIN->_AC_O_SKE_P_ELT
ACCOUNTADMIN->SYSADMIN->DOP_P_CLOUDWATCH_ADMIN->_AC_O_SKE_P_ELT
ACCOUNTADMIN->SYSADMIN->DOP_P_MONITOR_ADMIN->_AC_O_SKE_P_ELT
ACCOUNTADMIN->SYSADMIN->DSC_P_SENTIMENT_ADMIN->_AC_O_SKE_P_ELT
ACCOUNTADMIN->SYSADMIN->DSC_P_TWITTER_ADMIN->_AC_O_SKE_P_ELT
ACCOUNTADMIN->SYSADMIN->ENG_P_DATAGEN_ADMIN->_AC_O_SKE_P_ELT
ACCOUNTADMIN->SYSADMIN->ENG_P_XML_TO_JSON_ADMIN->_AC_O_SKE_P_ELT
ACCOUNTADMIN->SYSADMIN->SOP_P_DDM_ADMIN->_AC_O_SKE_P_ELT
ACCOUNTADMIN->SYSADMIN->SOP_P_RBAC_GEN_ADMIN->_AC_O_SKE_P_ELT
ACCOUNTADMIN->SYSADMIN->SOP_P_RLS_ADMIN->_AC_O_SKE_P_ELT
ACCOUNTADMIN->SYSADMIN->_AC_O_SKE_P_ELT",11,DOP_P_ALERTING_ADMIN,Functional
_AC_O_SKE_P_ELT,ENG_P_XML_TO_JSON_ADMIN,,"ACCOUNTADMIN->SYSADMIN->DOP_P_ALERTING_ADMIN->_AC_O_SKE_P_ELT
ACCOUNTADMIN->SYSADMIN->DOP_P_CLOUDWATCH_ADMIN->_AC_O_SKE_P_ELT
ACCOUNTADMIN->SYSADMIN->DOP_P_MONITOR_ADMIN->_AC_O_SKE_P_ELT
ACCOUNTADMIN->SYSADMIN->DSC_P_SENTIMENT_ADMIN->_AC_O_SKE_P_ELT
ACCOUNTADMIN->SYSADMIN->DSC_P_TWITTER_ADMIN->_AC_O_SKE_P_ELT
ACCOUNTADMIN->SYSADMIN->ENG_P_DATAGEN_ADMIN->_AC_O_SKE_P_ELT
ACCOUNTADMIN->SYSADMIN->ENG_P_XML_TO_JSON_ADMIN->_AC_O_SKE_P_ELT
ACCOUNTADMIN->SYSADMIN->SOP_P_DDM_ADMIN->_AC_O_SKE_P_ELT
ACCOUNTADMIN->SYSADMIN->SOP_P_RBAC_GEN_ADMIN->_AC_O_SKE_P_ELT
ACCOUNTADMIN->SYSADMIN->SOP_P_RLS_ADMIN->_AC_O_SKE_P_ELT
ACCOUNTADMIN->SYSADMIN->_AC_O_SKE_P_ELT",11,DOP_P_ALERTING_ADMIN,Functional
_AC_O_SKE_P_ELT,SOP_P_DDM_ADMIN,,"ACCOUNTADMIN->SYSADMIN->DOP_P_ALERTING_ADMIN->_AC_O_SKE_P_ELT
ACCOUNTADMIN->SYSADMIN->DOP_P_CLOUDWATCH_ADMIN->_AC_O_SKE_P_ELT
ACCOUNTADMIN->SYSADMIN->DOP_P_MONITOR_ADMIN->_AC_O_SKE_P_ELT
ACCOUNTADMIN->SYSADMIN->DSC_P_SENTIMENT_ADMIN->_AC_O_SKE_P_ELT
ACCOUNTADMIN->SYSADMIN->DSC_P_TWITTER_ADMIN->_AC_O_SKE_P_ELT
ACCOUNTADMIN->SYSADMIN->ENG_P_DATAGEN_ADMIN->_AC_O_SKE_P_ELT
ACCOUNTADMIN->SYSADMIN->ENG_P_XML_TO_JSON_ADMIN->_AC_O_SKE_P_ELT
ACCOUNTADMIN->SYSADMIN->SOP_P_DDM_ADMIN->_AC_O_SKE_P_ELT
ACCOUNTADMIN->SYSADMIN->SOP_P_RBAC_GEN_ADMIN->_AC_O_SKE_P_ELT
ACCOUNTADMIN->SYSADMIN->SOP_P_RLS_ADMIN->_AC_O_SKE_P_ELT
ACCOUNTADMIN->SYSADMIN->_AC_O_SKE_P_ELT",11,DOP_P_ALERTING_ADMIN,Functional
_AC_O_SKE_P_ELT,SOP_P_RBAC_GEN_ADMIN,,"ACCOUNTADMIN->SYSADMIN->DOP_P_ALERTING_ADMIN->_AC_O_SKE_P_ELT
ACCOUNTADMIN->SYSADMIN->DOP_P_CLOUDWATCH_ADMIN->_AC_O_SKE_P_ELT
ACCOUNTADMIN->SYSADMIN->DOP_P_MONITOR_ADMIN->_AC_O_SKE_P_ELT
ACCOUNTADMIN->SYSADMIN->DSC_P_SENTIMENT_ADMIN->_AC_O_SKE_P_ELT
ACCOUNTADMIN->SYSADMIN->DSC_P_TWITTER_ADMIN->_AC_O_SKE_P_ELT
ACCOUNTADMIN->SYSADMIN->ENG_P_DATAGEN_ADMIN->_AC_O_SKE_P_ELT
ACCOUNTADMIN->SYSADMIN->ENG_P_XML_TO_JSON_ADMIN->_AC_O_SKE_P_ELT
ACCOUNTADMIN->SYSADMIN->SOP_P_DDM_ADMIN->_AC_O_SKE_P_ELT
ACCOUNTADMIN->SYSADMIN->SOP_P_RBAC_GEN_ADMIN->_AC_O_SKE_P_ELT
ACCOUNTADMIN->SYSADMIN->SOP_P_RLS_ADMIN->_AC_O_SKE_P_ELT
ACCOUNTADMIN->SYSADMIN->_AC_O_SKE_P_ELT",11,DOP_P_ALERTING_ADMIN,Functional
_AC_O_SKE_P_ELT,SOP_P_RLS_ADMIN,,"ACCOUNTADMIN->SYSADMIN->DOP_P_ALERTING_ADMIN->_AC_O_SKE_P_ELT
ACCOUNTADMIN->SYSADMIN->DOP_P_CLOUDWATCH_ADMIN->_AC_O_SKE_P_ELT
ACCOUNTADMIN->SYSADMIN->DOP_P_MONITOR_ADMIN->_AC_O_SKE_P_ELT
ACCOUNTADMIN->SYSADMIN->DSC_P_SENTIMENT_ADMIN->_AC_O_SKE_P_ELT
ACCOUNTADMIN->SYSADMIN->DSC_P_TWITTER_ADMIN->_AC_O_SKE_P_ELT
ACCOUNTADMIN->SYSADMIN->ENG_P_DATAGEN_ADMIN->_AC_O_SKE_P_ELT
ACCOUNTADMIN->SYSADMIN->ENG_P_XML_TO_JSON_ADMIN->_AC_O_SKE_P_ELT
ACCOUNTADMIN->SYSADMIN->SOP_P_DDM_ADMIN->_AC_O_SKE_P_ELT
ACCOUNTADMIN->SYSADMIN->SOP_P_RBAC_GEN_ADMIN->_AC_O_SKE_P_ELT
ACCOUNTADMIN->SYSADMIN->SOP_P_RLS_ADMIN->_AC_O_SKE_P_ELT
ACCOUNTADMIN->SYSADMIN->_AC_O_SKE_P_ELT",11,DOP_P_ALERTING_ADMIN,Functional
_AC_O_SKE_P_ELT,SYSADMIN,,"ACCOUNTADMIN->SYSADMIN->DOP_P_ALERTING_ADMIN->_AC_O_SKE_P_ELT
ACCOUNTADMIN->SYSADMIN->DOP_P_CLOUDWATCH_ADMIN->_AC_O_SKE_P_ELT
ACCOUNTADMIN->SYSADMIN->DOP_P_MONITOR_ADMIN->_AC_O_SKE_P_ELT
ACCOUNTADMIN->SYSADMIN->DSC_P_SENTIMENT_ADMIN->_AC_O_SKE_P_ELT
ACCOUNTADMIN->SYSADMIN->DSC_P_TWITTER_ADMIN->_AC_O_SKE_P_ELT
ACCOUNTADMIN->SYSADMIN->ENG_P_DATAGEN_ADMIN->_AC_O_SKE_P_ELT
ACCOUNTADMIN->SYSADMIN->ENG_P_XML_TO_JSON_ADMIN->_AC_O_SKE_P_ELT
ACCOUNTADMIN->SYSADMIN->SOP_P_DDM_ADMIN->_AC_O_SKE_P_ELT
ACCOUNTADMIN->SYSADMIN->SOP_P_RBAC_GEN_ADMIN->_AC_O_SKE_P_ELT
ACCOUNTADMIN->SYSADMIN->SOP_P_RLS_ADMIN->_AC_O_SKE_P_ELT
ACCOUNTADMIN->SYSADMIN->_AC_O_SKE_P_ELT",11,DOP_P_ALERTING_ADMIN,Functional
_AC_R_COM_P_UTIL,_AC_W_COM_P_UTIL,,"SKE_P_UTIL_ADMIN->_AC_C_COM_P_UTIL->_AC_W_COM_P_UTIL->_AC_R_COM_P_UTIL
ACCOUNTADMIN->SYSADMIN->_AC_C_COM_P_UTIL->_AC_W_COM_P_UTIL->_AC_R_COM_P_UTIL",2,"SKE_P_UTIL_ADMIN->_AC_C_COM_P_UTIL->_AC_W_COM_P_UTIL->_AC_R_COM_P_UTIL
ACCOUNTADMIN->SYSADMIN->_AC_C_COM_P_UTIL->_AC_W_COM_P_UTIL->_AC_R_COM_P_UTIL",Unknown
_AC_R_COM_P_UTIL_DB_SCH_BR,_AC_W_COM_P_UTIL_DB_SCH_BR,,ACCOUNTADMIN->SYSADMIN->_AC_C_COM_P_UTIL_DB_SCH_BR->_AC_W_COM_P_UTIL_DB_SCH_BR->_AC_R_COM_P_UTIL_DB_SCH_BR,1,ACCOUNTADMIN,Unknown
_AC_R_DOP_P_DEMO_ALERTING,_AC_W_DOP_P_DEMO_ALERTING,,"ACCOUNTADMIN->SYSADMIN->DOP_P_ALERTING_ADMIN->_AC_C_DOP_P_DEMO_ALERTING->_AC_W_DOP_P_DEMO_ALERTING->_AC_R_DOP_P_DEMO_ALERTING
ACCOUNTADMIN->SYSADMIN->_AC_C_DOP_P_DEMO_ALERTING->_AC_W_DOP_P_DEMO_ALERTING->_AC_R_DOP_P_DEMO_ALERTING
ACCOUNTADMIN->SYSADMIN->DOP_P_MONITOR_ADMIN->_AC_R_DOP_P_DEMO_ALERTING
PST_WORKSPACE->SKE_P_DEMO->_AC_R_DOP_P_DEMO_ALERTING
SKE_P_DDM_HR_MGR->SKE_P_DDM_HR_CLERK->SKE_P_DEMO->_AC_R_DOP_P_DEMO_ALERTING",5,ACCOUNTADMIN,Unknown
_AC_R_DOP_P_DEMO_ALERTING,DOP_P_MONITOR_ADMIN,,"ACCOUNTADMIN->SYSADMIN->DOP_P_ALERTING_ADMIN->_AC_C_DOP_P_DEMO_ALERTING->_AC_W_DOP_P_DEMO_ALERTING->_AC_R_DOP_P_DEMO_ALERTING
ACCOUNTADMIN->SYSADMIN->_AC_C_DOP_P_DEMO_ALERTING->_AC_W_DOP_P_DEMO_ALERTING->_AC_R_DOP_P_DEMO_ALERTING
ACCOUNTADMIN->SYSADMIN->DOP_P_MONITOR_ADMIN->_AC_R_DOP_P_DEMO_ALERTING
PST_WORKSPACE->SKE_P_DEMO->_AC_R_DOP_P_DEMO_ALERTING
SKE_P_DDM_HR_MGR->SKE_P_DDM_HR_CLERK->SKE_P_DEMO->_AC_R_DOP_P_DEMO_ALERTING",5,ACCOUNTADMIN,Unknown
_AC_R_DOP_P_DEMO_ALERTING,SKE_P_DEMO,,"ACCOUNTADMIN->SYSADMIN->DOP_P_ALERTING_ADMIN->_AC_C_DOP_P_DEMO_ALERTING->_AC_W_DOP_P_DEMO_ALERTING->_AC_R_DOP_P_DEMO_ALERTING
ACCOUNTADMIN->SYSADMIN->_AC_C_DOP_P_DEMO_ALERTING->_AC_W_DOP_P_DEMO_ALERTING->_AC_R_DOP_P_DEMO_ALERTING
ACCOUNTADMIN->SYSADMIN->DOP_P_MONITOR_ADMIN->_AC_R_DOP_P_DEMO_ALERTING
PST_WORKSPACE->SKE_P_DEMO->_AC_R_DOP_P_DEMO_ALERTING
SKE_P_DDM_HR_MGR->SKE_P_DDM_HR_CLERK->SKE_P_DEMO->_AC_R_DOP_P_DEMO_ALERTING",5,ACCOUNTADMIN,Unknown
_AC_R_DOP_P_DEMO_CLOUDWATCH,_AC_W_DOP_P_DEMO_CLOUDWATCH,,"ACCOUNTADMIN->SYSADMIN->DOP_P_CLOUDWATCH_ADMIN->_AC_C_DOP_P_DEMO_CLOUDWATCH->_AC_W_DOP_P_DEMO_CLOUDWATCH->_AC_R_DOP_P_DEMO_CLOUDWATCH
ACCOUNTADMIN->SYSADMIN->_AC_C_DOP_P_DEMO_CLOUDWATCH->_AC_W_DOP_P_DEMO_CLOUDWATCH->_AC_R_DOP_P_DEMO_CLOUDWATCH
PST_WORKSPACE->SKE_P_DEMO->_AC_R_DOP_P_DEMO_CLOUDWATCH
SKE_P_DDM_HR_MGR->SKE_P_DDM_HR_CLERK->SKE_P_DEMO->_AC_R_DOP_P_DEMO_CLOUDWATCH",4,ACCOUNTADMIN,Unknown
_AC_R_DOP_P_DEMO_CLOUDWATCH,SKE_P_DEMO,,"ACCOUNTADMIN->SYSADMIN->DOP_P_CLOUDWATCH_ADMIN->_AC_C_DOP_P_DEMO_CLOUDWATCH->_AC_W_DOP_P_DEMO_CLOUDWATCH->_AC_R_DOP_P_DEMO_CLOUDWATCH
ACCOUNTADMIN->SYSADMIN->_AC_C_DOP_P_DEMO_CLOUDWATCH->_AC_W_DOP_P_DEMO_CLOUDWATCH->_AC_R_DOP_P_DEMO_CLOUDWATCH
PST_WORKSPACE->SKE_P_DEMO->_AC_R_DOP_P_DEMO_CLOUDWATCH
SKE_P_DDM_HR_MGR->SKE_P_DDM_HR_CLERK->SKE_P_DEMO->_AC_R_DOP_P_DEMO_CLOUDWATCH",4,ACCOUNTADMIN,Unknown
_AC_R_DOP_P_DEMO_MONITOR,_AC_W_DOP_P_DEMO_MONITOR,,"ACCOUNTADMIN->SYSADMIN->DOP_P_MONITOR_ADMIN->_AC_C_DOP_P_DEMO_MONITOR->_AC_W_DOP_P_DEMO_MONITOR->_AC_R_DOP_P_DEMO_MONITOR
ACCOUNTADMIN->SYSADMIN->_AC_C_DOP_P_DEMO_MONITOR->_AC_W_DOP_P_DEMO_MONITOR->_AC_R_DOP_P_DEMO_MONITOR
PST_WORKSPACE->SKE_P_DEMO->_AC_R_DOP_P_DEMO_MONITOR
SKE_P_DDM_HR_MGR->SKE_P_DDM_HR_CLERK->SKE_P_DEMO->_AC_R_DOP_P_DEMO_MONITOR",4,DOP_P_MONITOR_ADMIN,Access
_AC_R_DOP_P_DEMO_MONITOR,SKE_P_DEMO,,"ACCOUNTADMIN->SYSADMIN->DOP_P_MONITOR_ADMIN->_AC_C_DOP_P_DEMO_MONITOR->_AC_W_DOP_P_DEMO_MONITOR->_AC_R_DOP_P_DEMO_MONITOR
ACCOUNTADMIN->SYSADMIN->_AC_C_DOP_P_DEMO_MONITOR->_AC_W_DOP_P_DEMO_MONITOR->_AC_R_DOP_P_DEMO_MONITOR
PST_WORKSPACE->SKE_P_DEMO->_AC_R_DOP_P_DEMO_MONITOR
SKE_P_DDM_HR_MGR->SKE_P_DDM_HR_CLERK->SKE_P_DEMO->_AC_R_DOP_P_DEMO_MONITOR",4,DOP_P_MONITOR_ADMIN,Access
_AC_R_DSC_P_DEMO_SENTIMENT,_AC_W_DSC_P_DEMO_SENTIMENT,,"ACCOUNTADMIN->SYSADMIN->DSC_P_SENTIMENT_ADMIN->_AC_C_DSC_P_DEMO_SENTIMENT->_AC_W_DSC_P_DEMO_SENTIMENT->_AC_R_DSC_P_DEMO_SENTIMENT
ACCOUNTADMIN->SYSADMIN->_AC_C_DSC_P_DEMO_SENTIMENT->_AC_W_DSC_P_DEMO_SENTIMENT->_AC_R_DSC_P_DEMO_SENTIMENT
PST_WORKSPACE->SKE_P_DEMO->_AC_R_DSC_P_DEMO_SENTIMENT
SKE_P_DDM_HR_MGR->SKE_P_DDM_HR_CLERK->SKE_P_DEMO->_AC_R_DSC_P_DEMO_SENTIMENT",4,ACCOUNTADMIN,Unknown
_AC_R_DSC_P_DEMO_SENTIMENT,SKE_P_DEMO,,"ACCOUNTADMIN->SYSADMIN->DSC_P_SENTIMENT_ADMIN->_AC_C_DSC_P_DEMO_SENTIMENT->_AC_W_DSC_P_DEMO_SENTIMENT->_AC_R_DSC_P_DEMO_SENTIMENT
ACCOUNTADMIN->SYSADMIN->_AC_C_DSC_P_DEMO_SENTIMENT->_AC_W_DSC_P_DEMO_SENTIMENT->_AC_R_DSC_P_DEMO_SENTIMENT
PST_WORKSPACE->SKE_P_DEMO->_AC_R_DSC_P_DEMO_SENTIMENT
SKE_P_DDM_HR_MGR->SKE_P_DDM_HR_CLERK->SKE_P_DEMO->_AC_R_DSC_P_DEMO_SENTIMENT",4,ACCOUNTADMIN,Unknown
_AC_R_DSC_P_DEMO_TWITTER,_AC_W_DSC_P_DEMO_TWITTER,,"ACCOUNTADMIN->SYSADMIN->DSC_P_TWITTER_ADMIN->_AC_C_DSC_P_DEMO_TWITTER->_AC_W_DSC_P_DEMO_TWITTER->_AC_R_DSC_P_DEMO_TWITTER
ACCOUNTADMIN->SYSADMIN->_AC_C_DSC_P_DEMO_TWITTER->_AC_W_DSC_P_DEMO_TWITTER->_AC_R_DSC_P_DEMO_TWITTER
PST_WORKSPACE->SKE_P_DEMO->_AC_R_DSC_P_DEMO_TWITTER
SKE_P_DDM_HR_MGR->SKE_P_DDM_HR_CLERK->SKE_P_DEMO->_AC_R_DSC_P_DEMO_TWITTER",4,ACCOUNTADMIN,Unknown
_AC_R_DSC_P_DEMO_TWITTER,SKE_P_DEMO,,"ACCOUNTADMIN->SYSADMIN->DSC_P_TWITTER_ADMIN->_AC_C_DSC_P_DEMO_TWITTER->_AC_W_DSC_P_DEMO_TWITTER->_AC_R_DSC_P_DEMO_TWITTER
ACCOUNTADMIN->SYSADMIN->_AC_C_DSC_P_DEMO_TWITTER->_AC_W_DSC_P_DEMO_TWITTER->_AC_R_DSC_P_DEMO_TWITTER
PST_WORKSPACE->SKE_P_DEMO->_AC_R_DSC_P_DEMO_TWITTER
SKE_P_DDM_HR_MGR->SKE_P_DDM_HR_CLERK->SKE_P_DEMO->_AC_R_DSC_P_DEMO_TWITTER",4,ACCOUNTADMIN,Unknown
_AC_R_ENG_P_DEMO_DATAGEN,_AC_W_ENG_P_DEMO_DATAGEN,,"ACCOUNTADMIN->SYSADMIN->ENG_P_DATAGEN_ADMIN->_AC_C_ENG_P_DEMO_DATAGEN->_AC_W_ENG_P_DEMO_DATAGEN->_AC_R_ENG_P_DEMO_DATAGEN
ACCOUNTADMIN->SYSADMIN->_AC_C_ENG_P_DEMO_DATAGEN->_AC_W_ENG_P_DEMO_DATAGEN->_AC_R_ENG_P_DEMO_DATAGEN
PST_WORKSPACE->SKE_P_DEMO->_AC_R_ENG_P_DEMO_DATAGEN
SKE_P_DDM_HR_MGR->SKE_P_DDM_HR_CLERK->SKE_P_DEMO->_AC_R_ENG_P_DEMO_DATAGEN
ACCOUNTADMIN->SYSADMIN->SOP_P_RLS_ADMIN->_AC_R_ENG_P_DEMO_DATAGEN",5,ACCOUNTADMIN,Unknown
_AC_R_ENG_P_DEMO_DATAGEN,SKE_P_DEMO,,"ACCOUNTADMIN->SYSADMIN->ENG_P_DATAGEN_ADMIN->_AC_C_ENG_P_DEMO_DATAGEN->_AC_W_ENG_P_DEMO_DATAGEN->_AC_R_ENG_P_DEMO_DATAGEN
ACCOUNTADMIN->SYSADMIN->_AC_C_ENG_P_DEMO_DATAGEN->_AC_W_ENG_P_DEMO_DATAGEN->_AC_R_ENG_P_DEMO_DATAGEN
PST_WORKSPACE->SKE_P_DEMO->_AC_R_ENG_P_DEMO_DATAGEN
SKE_P_DDM_HR_MGR->SKE_P_DDM_HR_CLERK->SKE_P_DEMO->_AC_R_ENG_P_DEMO_DATAGEN
ACCOUNTADMIN->SYSADMIN->SOP_P_RLS_ADMIN->_AC_R_ENG_P_DEMO_DATAGEN",5,ACCOUNTADMIN,Unknown
_AC_R_ENG_P_DEMO_DATAGEN,SOP_P_RLS_ADMIN,,"ACCOUNTADMIN->SYSADMIN->ENG_P_DATAGEN_ADMIN->_AC_C_ENG_P_DEMO_DATAGEN->_AC_W_ENG_P_DEMO_DATAGEN->_AC_R_ENG_P_DEMO_DATAGEN
ACCOUNTADMIN->SYSADMIN->_AC_C_ENG_P_DEMO_DATAGEN->_AC_W_ENG_P_DEMO_DATAGEN->_AC_R_ENG_P_DEMO_DATAGEN
PST_WORKSPACE->SKE_P_DEMO->_AC_R_ENG_P_DEMO_DATAGEN
SKE_P_DDM_HR_MGR->SKE_P_DDM_HR_CLERK->SKE_P_DEMO->_AC_R_ENG_P_DEMO_DATAGEN
ACCOUNTADMIN->SYSADMIN->SOP_P_RLS_ADMIN->_AC_R_ENG_P_DEMO_DATAGEN",5,ACCOUNTADMIN,Unknown
_AC_R_ENG_P_DEMO_XML_TO_JSON,_AC_W_ENG_P_DEMO_XML_TO_JSON,,"ACCOUNTADMIN->SYSADMIN->ENG_P_XML_TO_JSON_ADMIN->_AC_C_ENG_P_DEMO_XML_TO_JSON->_AC_W_ENG_P_DEMO_XML_TO_JSON->_AC_R_ENG_P_DEMO_XML_TO_JSON
ACCOUNTADMIN->SYSADMIN->_AC_C_ENG_P_DEMO_XML_TO_JSON->_AC_W_ENG_P_DEMO_XML_TO_JSON->_AC_R_ENG_P_DEMO_XML_TO_JSON
PST_WORKSPACE->SKE_P_DEMO->_AC_R_ENG_P_DEMO_XML_TO_JSON
SKE_P_DDM_HR_MGR->SKE_P_DDM_HR_CLERK->SKE_P_DEMO->_AC_R_ENG_P_DEMO_XML_TO_JSON",4,ACCOUNTADMIN,Unknown
_AC_R_ENG_P_DEMO_XML_TO_JSON,SKE_P_DEMO,,"ACCOUNTADMIN->SYSADMIN->ENG_P_XML_TO_JSON_ADMIN->_AC_C_ENG_P_DEMO_XML_TO_JSON->_AC_W_ENG_P_DEMO_XML_TO_JSON->_AC_R_ENG_P_DEMO_XML_TO_JSON
ACCOUNTADMIN->SYSADMIN->_AC_C_ENG_P_DEMO_XML_TO_JSON->_AC_W_ENG_P_DEMO_XML_TO_JSON->_AC_R_ENG_P_DEMO_XML_TO_JSON
PST_WORKSPACE->SKE_P_DEMO->_AC_R_ENG_P_DEMO_XML_TO_JSON
SKE_P_DDM_HR_MGR->SKE_P_DDM_HR_CLERK->SKE_P_DEMO->_AC_R_ENG_P_DEMO_XML_TO_JSON",4,ACCOUNTADMIN,Unknown
_AC_R_SKE_P_WRK,_AC_W_SKE_P_WRK,,"PST_WORKSPACE->_AC_C_SKE_P_WRK->_AC_W_SKE_P_WRK->_AC_R_SKE_P_WRK
ACCOUNTADMIN->SYSADMIN->_AC_C_SKE_P_WRK->_AC_W_SKE_P_WRK->_AC_R_SKE_P_WRK",2,"PST_WORKSPACE->_AC_C_SKE_P_WRK->_AC_W_SKE_P_WRK->_AC_R_SKE_P_WRK
ACCOUNTADMIN->SYSADMIN->_AC_C_SKE_P_WRK->_AC_W_SKE_P_WRK->_AC_R_SKE_P_WRK",Unknown
_AC_R_SOP_P_DEMO_DDM,_AC_W_SOP_P_DEMO_DDM,,"ACCOUNTADMIN->SYSADMIN->SOP_P_DDM_ADMIN->_AC_C_SOP_P_DEMO_DDM->_AC_W_SOP_P_DEMO_DDM->_AC_R_SOP_P_DEMO_DDM
ACCOUNTADMIN->SYSADMIN->_AC_C_SOP_P_DEMO_DDM->_AC_W_SOP_P_DEMO_DDM->_AC_R_SOP_P_DEMO_DDM",2,ACCOUNTADMIN,Unknown
_AC_R_SOP_P_DEMO_RBAC_GEN,_AC_W_SOP_P_DEMO_RBAC_GEN,,"ACCOUNTADMIN->SYSADMIN->_AC_C_SOP_P_DEMO_RBAC_GEN->_AC_W_SOP_P_DEMO_RBAC_GEN->_AC_R_SOP_P_DEMO_RBAC_GEN
PST_WORKSPACE->SKE_P_DEMO->_AC_R_SOP_P_DEMO_RBAC_GEN
SKE_P_DDM_HR_MGR->SKE_P_DDM_HR_CLERK->SKE_P_DEMO->_AC_R_SOP_P_DEMO_RBAC_GEN",3,_AC_C_SOP_P_DEMO_RBAC_GEN,Access
_AC_R_SOP_P_DEMO_RBAC_GEN,SKE_P_DEMO,,"ACCOUNTADMIN->SYSADMIN->_AC_C_SOP_P_DEMO_RBAC_GEN->_AC_W_SOP_P_DEMO_RBAC_GEN->_AC_R_SOP_P_DEMO_RBAC_GEN
PST_WORKSPACE->SKE_P_DEMO->_AC_R_SOP_P_DEMO_RBAC_GEN
SKE_P_DDM_HR_MGR->SKE_P_DDM_HR_CLERK->SKE_P_DEMO->_AC_R_SOP_P_DEMO_RBAC_GEN",3,_AC_C_SOP_P_DEMO_RBAC_GEN,Access
_AC_R_SOP_P_DEMO_RLS,_AC_W_SOP_P_DEMO_RLS,,"ACCOUNTADMIN->SYSADMIN->SOP_P_RLS_ADMIN->_AC_C_SOP_P_DEMO_RLS->_AC_W_SOP_P_DEMO_RLS->_AC_R_SOP_P_DEMO_RLS
ACCOUNTADMIN->SYSADMIN->_AC_C_SOP_P_DEMO_RLS->_AC_W_SOP_P_DEMO_RLS->_AC_R_SOP_P_DEMO_RLS
PST_WORKSPACE->SKE_P_DEMO->_AC_R_SOP_P_DEMO_RLS
SKE_P_DDM_HR_MGR->SKE_P_DDM_HR_CLERK->SKE_P_DEMO->_AC_R_SOP_P_DEMO_RLS",4,SOP_P_RLS_ADMIN,Access
_AC_R_SOP_P_DEMO_RLS,SKE_P_DEMO,,"ACCOUNTADMIN->SYSADMIN->SOP_P_RLS_ADMIN->_AC_C_SOP_P_DEMO_RLS->_AC_W_SOP_P_DEMO_RLS->_AC_R_SOP_P_DEMO_RLS
ACCOUNTADMIN->SYSADMIN->_AC_C_SOP_P_DEMO_RLS->_AC_W_SOP_P_DEMO_RLS->_AC_R_SOP_P_DEMO_RLS
PST_WORKSPACE->SKE_P_DEMO->_AC_R_SOP_P_DEMO_RLS
SKE_P_DDM_HR_MGR->SKE_P_DDM_HR_CLERK->SKE_P_DEMO->_AC_R_SOP_P_DEMO_RLS",4,SOP_P_RLS_ADMIN,Access
_AC_R_SOP_P_MSTR_DDM,_AC_W_SOP_P_MSTR_DDM,,ACCOUNTADMIN->SYSADMIN->_AC_C_SOP_P_MSTR_DDM->_AC_W_SOP_P_MSTR_DDM->_AC_R_SOP_P_MSTR_DDM,1,ACCOUNTADMIN,Unknown
_AC_U_SKE_P_ADHOC_BIG,_AC_O_SKE_P_ADHOC_BIG,,"ACCOUNTADMIN->SYSADMIN->_AC_O_SKE_P_ADHOC_BIG->_AC_U_SKE_P_ADHOC_BIG
PST_WORKSPACE->SKE_P_DEMO->_AC_U_SKE_P_ADHOC_BIG
SKE_P_DDM_HR_MGR->SKE_P_DDM_HR_CLERK->SKE_P_DEMO->_AC_U_SKE_P_ADHOC_BIG",3,ACCOUNTADMIN,Unknown
_AC_U_SKE_P_ADHOC_BIG,SKE_P_DEMO,,"ACCOUNTADMIN->SYSADMIN->_AC_O_SKE_P_ADHOC_BIG->_AC_U_SKE_P_ADHOC_BIG
PST_WORKSPACE->SKE_P_DEMO->_AC_U_SKE_P_ADHOC_BIG
SKE_P_DDM_HR_MGR->SKE_P_DDM_HR_CLERK->SKE_P_DEMO->_AC_U_SKE_P_ADHOC_BIG",3,ACCOUNTADMIN,Unknown
_AC_U_SKE_P_ADHOC_TINY,_AC_O_SKE_P_ADHOC_TINY,,"ACCOUNTADMIN->SYSADMIN->_AC_O_SKE_P_ADHOC_TINY->_AC_U_SKE_P_ADHOC_TINY
PST_WORKSPACE->SKE_P_DEMO->_AC_U_SKE_P_ADHOC_TINY
SKE_P_DDM_HR_MGR->SKE_P_DDM_HR_CLERK->SKE_P_DEMO->_AC_U_SKE_P_ADHOC_TINY",3,ACCOUNTADMIN,Unknown
_AC_U_SKE_P_ADHOC_TINY,SKE_P_DEMO,,"ACCOUNTADMIN->SYSADMIN->_AC_O_SKE_P_ADHOC_TINY->_AC_U_SKE_P_ADHOC_TINY
PST_WORKSPACE->SKE_P_DEMO->_AC_U_SKE_P_ADHOC_TINY
SKE_P_DDM_HR_MGR->SKE_P_DDM_HR_CLERK->SKE_P_DEMO->_AC_U_SKE_P_ADHOC_TINY",3,ACCOUNTADMIN,Unknown
_AC_U_SKE_P_ELT,_AC_O_SKE_P_ELT,,"ACCOUNTADMIN->SYSADMIN->DOP_P_ALERTING_ADMIN->_AC_O_SKE_P_ELT->_AC_U_SKE_P_ELT
ACCOUNTADMIN->SYSADMIN->DOP_P_CLOUDWATCH_ADMIN->_AC_O_SKE_P_ELT->_AC_U_SKE_P_ELT
ACCOUNTADMIN->SYSADMIN->DOP_P_MONITOR_ADMIN->_AC_O_SKE_P_ELT->_AC_U_SKE_P_ELT
ACCOUNTADMIN->SYSADMIN->DSC_P_SENTIMENT_ADMIN->_AC_O_SKE_P_ELT->_AC_U_SKE_P_ELT
ACCOUNTADMIN->SYSADMIN->DSC_P_TWITTER_ADMIN->_AC_O_SKE_P_ELT->_AC_U_SKE_P_ELT
ACCOUNTADMIN->SYSADMIN->ENG_P_DATAGEN_ADMIN->_AC_O_SKE_P_ELT->_AC_U_SKE_P_ELT
ACCOUNTADMIN->SYSADMIN->ENG_P_XML_TO_JSON_ADMIN->_AC_O_SKE_P_ELT->_AC_U_SKE_P_ELT
ACCOUNTADMIN->SYSADMIN->SOP_P_DDM_ADMIN->_AC_O_SKE_P_ELT->_AC_U_SKE_P_ELT
ACCOUNTADMIN->SYSADMIN->SOP_P_RBAC_GEN_ADMIN->_AC_O_SKE_P_ELT->_AC_U_SKE_P_ELT
ACCOUNTADMIN->SYSADMIN->SOP_P_RLS_ADMIN->_AC_O_SKE_P_ELT->_AC_U_SKE_P_ELT
ACCOUNTADMIN->SYSADMIN->_AC_O_SKE_P_ELT->_AC_U_SKE_P_ELT",11,ACCOUNTADMIN,Unknown
_AC_W_COM_P_UTIL,_AC_C_COM_P_UTIL,,"SKE_P_UTIL_ADMIN->_AC_C_COM_P_UTIL->_AC_W_COM_P_UTIL
ACCOUNTADMIN->SYSADMIN->_AC_C_COM_P_UTIL->_AC_W_COM_P_UTIL",2,"SKE_P_UTIL_ADMIN->_AC_C_COM_P_UTIL->_AC_W_COM_P_UTIL
ACCOUNTADMIN->SYSADMIN->_AC_C_COM_P_UTIL->_AC_W_COM_P_UTIL",Functional
_AC_W_COM_P_UTIL_DB_SCH_BR,_AC_C_COM_P_UTIL_DB_SCH_BR,,ACCOUNTADMIN->SYSADMIN->_AC_C_COM_P_UTIL_DB_SCH_BR->_AC_W_COM_P_UTIL_DB_SCH_BR,1,_AC_C_COM_P_UTIL_DB_SCH_BR,Functional
_AC_W_DOP_P_DEMO_ALERTING,_AC_C_DOP_P_DEMO_ALERTING,,"ACCOUNTADMIN->SYSADMIN->DOP_P_ALERTING_ADMIN->_AC_C_DOP_P_DEMO_ALERTING->_AC_W_DOP_P_DEMO_ALERTING
ACCOUNTADMIN->SYSADMIN->_AC_C_DOP_P_DEMO_ALERTING->_AC_W_DOP_P_DEMO_ALERTING",2,DOP_P_ALERTING_ADMIN,Functional
_AC_W_DOP_P_DEMO_CLOUDWATCH,_AC_C_DOP_P_DEMO_CLOUDWATCH,,"ACCOUNTADMIN->SYSADMIN->DOP_P_CLOUDWATCH_ADMIN->_AC_C_DOP_P_DEMO_CLOUDWATCH->_AC_W_DOP_P_DEMO_CLOUDWATCH
ACCOUNTADMIN->SYSADMIN->_AC_C_DOP_P_DEMO_CLOUDWATCH->_AC_W_DOP_P_DEMO_CLOUDWATCH",2,DOP_P_CLOUDWATCH_ADMIN,Functional
_AC_W_DOP_P_DEMO_MONITOR,_AC_C_DOP_P_DEMO_MONITOR,,"ACCOUNTADMIN->SYSADMIN->DOP_P_MONITOR_ADMIN->_AC_C_DOP_P_DEMO_MONITOR->_AC_W_DOP_P_DEMO_MONITOR
ACCOUNTADMIN->SYSADMIN->_AC_C_DOP_P_DEMO_MONITOR->_AC_W_DOP_P_DEMO_MONITOR",2,DOP_P_MONITOR_ADMIN,Access
_AC_W_DSC_P_DEMO_SENTIMENT,_AC_C_DSC_P_DEMO_SENTIMENT,,"ACCOUNTADMIN->SYSADMIN->DSC_P_SENTIMENT_ADMIN->_AC_C_DSC_P_DEMO_SENTIMENT->_AC_W_DSC_P_DEMO_SENTIMENT
ACCOUNTADMIN->SYSADMIN->_AC_C_DSC_P_DEMO_SENTIMENT->_AC_W_DSC_P_DEMO_SENTIMENT",2,DSC_P_SENTIMENT_ADMIN,Functional
_AC_W_DSC_P_DEMO_TWITTER,_AC_C_DSC_P_DEMO_TWITTER,,"ACCOUNTADMIN->SYSADMIN->DSC_P_TWITTER_ADMIN->_AC_C_DSC_P_DEMO_TWITTER->_AC_W_DSC_P_DEMO_TWITTER
ACCOUNTADMIN->SYSADMIN->_AC_C_DSC_P_DEMO_TWITTER->_AC_W_DSC_P_DEMO_TWITTER",2,DSC_P_TWITTER_ADMIN,Functional
_AC_W_ENG_P_DEMO_DATAGEN,_AC_C_ENG_P_DEMO_DATAGEN,,"ACCOUNTADMIN->SYSADMIN->ENG_P_DATAGEN_ADMIN->_AC_C_ENG_P_DEMO_DATAGEN->_AC_W_ENG_P_DEMO_DATAGEN
ACCOUNTADMIN->SYSADMIN->_AC_C_ENG_P_DEMO_DATAGEN->_AC_W_ENG_P_DEMO_DATAGEN",2,ENG_P_DATAGEN_ADMIN,Functional
_AC_W_ENG_P_DEMO_XML_TO_JSON,_AC_C_ENG_P_DEMO_XML_TO_JSON,,"ACCOUNTADMIN->SYSADMIN->ENG_P_XML_TO_JSON_ADMIN->_AC_C_ENG_P_DEMO_XML_TO_JSON->_AC_W_ENG_P_DEMO_XML_TO_JSON
ACCOUNTADMIN->SYSADMIN->_AC_C_ENG_P_DEMO_XML_TO_JSON->_AC_W_ENG_P_DEMO_XML_TO_JSON",2,ENG_P_XML_TO_JSON_ADMIN,Functional
_AC_W_SKE_P_WRK,_AC_C_SKE_P_WRK,,"PST_WORKSPACE->_AC_C_SKE_P_WRK->_AC_W_SKE_P_WRK
ACCOUNTADMIN->SYSADMIN->_AC_C_SKE_P_WRK->_AC_W_SKE_P_WRK",2,"PST_WORKSPACE->_AC_C_SKE_P_WRK->_AC_W_SKE_P_WRK
ACCOUNTADMIN->SYSADMIN->_AC_C_SKE_P_WRK->_AC_W_SKE_P_WRK",Functional
_AC_W_SOP_P_DEMO_DDM,_AC_C_SOP_P_DEMO_DDM,,"ACCOUNTADMIN->SYSADMIN->SOP_P_DDM_ADMIN->_AC_C_SOP_P_DEMO_DDM->_AC_W_SOP_P_DEMO_DDM
ACCOUNTADMIN->SYSADMIN->_AC_C_SOP_P_DEMO_DDM->_AC_W_SOP_P_DEMO_DDM",2,SOP_P_DDM_ADMIN,Functional
_AC_W_SOP_P_DEMO_RBAC_GEN,_AC_C_SOP_P_DEMO_RBAC_GEN,,ACCOUNTADMIN->SYSADMIN->_AC_C_SOP_P_DEMO_RBAC_GEN->_AC_W_SOP_P_DEMO_RBAC_GEN,1,_AC_C_SOP_P_DEMO_RBAC_GEN,Access
_AC_W_SOP_P_DEMO_RLS,_AC_C_SOP_P_DEMO_RLS,,"ACCOUNTADMIN->SYSADMIN->SOP_P_RLS_ADMIN->_AC_C_SOP_P_DEMO_RLS->_AC_W_SOP_P_DEMO_RLS
ACCOUNTADMIN->SYSADMIN->_AC_C_SOP_P_DEMO_RLS->_AC_W_SOP_P_DEMO_RLS",2,SOP_P_RLS_ADMIN,Access
_AC_W_SOP_P_MSTR_DDM,_AC_C_SOP_P_MSTR_DDM,,ACCOUNTADMIN->SYSADMIN->_AC_C_SOP_P_MSTR_DDM->_AC_W_SOP_P_MSTR_DDM,1,_AC_C_SOP_P_MSTR_DDM,Functional
_AC_X_TASK_ADMIN,DOP_P_MONITOR_ADMIN,,"ACCOUNTADMIN->SYSADMIN->DOP_P_MONITOR_ADMIN->_AC_X_TASK_ADMIN
SKE_P_UTIL_ADMIN->_AC_X_TASK_ADMIN
ACCOUNTADMIN->SYSADMIN->_AC_X_TASK_ADMIN",3,ACCOUNTADMIN,Unknown
_AC_X_TASK_ADMIN,SKE_P_UTIL_ADMIN,,"ACCOUNTADMIN->SYSADMIN->DOP_P_MONITOR_ADMIN->_AC_X_TASK_ADMIN
SKE_P_UTIL_ADMIN->_AC_X_TASK_ADMIN
ACCOUNTADMIN->SYSADMIN->_AC_X_TASK_ADMIN",3,ACCOUNTADMIN,Unknown
_AC_X_TASK_ADMIN,SYSADMIN,,"ACCOUNTADMIN->SYSADMIN->DOP_P_MONITOR_ADMIN->_AC_X_TASK_ADMIN
SKE_P_UTIL_ADMIN->_AC_X_TASK_ADMIN
ACCOUNTADMIN->SYSADMIN->_AC_X_TASK_ADMIN",3,ACCOUNTADMIN,Unknown
_CS_SOP_RLS_DDM_EMPLOYEE_PII,<NOTHING>,,_CS_SOP_RLS_DDM_EMPLOYEE_PII,1,,NotUnderAccountAdmin
_RS_SOP_RLS_MKTSEGMENT_AUTOMOBILE,<NOTHING>,,_RS_SOP_RLS_MKTSEGMENT_AUTOMOBILE,1,,NotUnderAccountAdmin
_RS_SOP_RLS_MKTSEGMENT_BUILDING,<NOTHING>,,_RS_SOP_RLS_MKTSEGMENT_BUILDING,1,,NotUnderAccountAdmin
_RS_SOP_RLS_MKTSEGMENT_FURNITURE,<NOTHING>,,_RS_SOP_RLS_MKTSEGMENT_FURNITURE,1,,NotUnderAccountAdmin
_RS_SOP_RLS_MKTSEGMENT_HOUSEHOLD,<NOTHING>,,_RS_SOP_RLS_MKTSEGMENT_HOUSEHOLD,1,,NotUnderAccountAdmin
_RS_SOP_RLS_MKTSEGMENT_MACHINERY,<NOTHING>,,_RS_SOP_RLS_MKTSEGMENT_MACHINERY,1,,NotUnderAccountAdmin
_RS_SOP_RLS_REGION_EAST,_RS_SOP_RLS_REGION_USA,,_RS_SOP_RLS_REGION_USA->_RS_SOP_RLS_REGION_EAST,1,_RS_SOP_RLS_REGION_USA->_RS_SOP_RLS_REGION_EAST,FunctionalNotUnderSysadmin
_RS_SOP_RLS_REGION_MIDWEST,_RS_SOP_RLS_REGION_WEST,,_RS_SOP_RLS_REGION_USA->_RS_SOP_RLS_REGION_WEST->_RS_SOP_RLS_REGION_MIDWEST,1,_RS_SOP_RLS_REGION_USA->_RS_SOP_RLS_REGION_WEST->_RS_SOP_RLS_REGION_MIDWEST,NotUnderAccountAdmin
_RS_SOP_RLS_REGION_NORTHEAST,_RS_SOP_RLS_REGION_EAST,,_RS_SOP_RLS_REGION_USA->_RS_SOP_RLS_REGION_EAST->_RS_SOP_RLS_REGION_NORTHEAST,1,_RS_SOP_RLS_REGION_USA->_RS_SOP_RLS_REGION_EAST->_RS_SOP_RLS_REGION_NORTHEAST,NotUnderAccountAdmin
_RS_SOP_RLS_REGION_SOUTH,_RS_SOP_RLS_REGION_EAST,,_RS_SOP_RLS_REGION_USA->_RS_SOP_RLS_REGION_EAST->_RS_SOP_RLS_REGION_SOUTH,1,_RS_SOP_RLS_REGION_USA->_RS_SOP_RLS_REGION_EAST->_RS_SOP_RLS_REGION_SOUTH,NotUnderAccountAdmin
_RS_SOP_RLS_REGION_SOUTHWEST,_RS_SOP_RLS_REGION_WEST,,_RS_SOP_RLS_REGION_USA->_RS_SOP_RLS_REGION_WEST->_RS_SOP_RLS_REGION_SOUTHWEST,1,_RS_SOP_RLS_REGION_USA->_RS_SOP_RLS_REGION_WEST->_RS_SOP_RLS_REGION_SOUTHWEST,NotUnderAccountAdmin
_RS_SOP_RLS_REGION_WEST,_RS_SOP_RLS_REGION_USA,,_RS_SOP_RLS_REGION_USA->_RS_SOP_RLS_REGION_WEST,1,_RS_SOP_RLS_REGION_USA->_RS_SOP_RLS_REGION_WEST,FunctionalNotUnderSysadmin
DOP_P_ALERTING_ADMIN,SYSADMIN,,ACCOUNTADMIN->SYSADMIN->DOP_P_ALERTING_ADMIN,1,DOP_P_ALERTING_ADMIN,Functional
DOP_P_CLOUDWATCH_ADMIN,SYSADMIN,,ACCOUNTADMIN->SYSADMIN->DOP_P_CLOUDWATCH_ADMIN,1,DOP_P_CLOUDWATCH_ADMIN,Functional
DOP_P_MONITOR_ADMIN,SYSADMIN,,ACCOUNTADMIN->SYSADMIN->DOP_P_MONITOR_ADMIN,1,DOP_P_MONITOR_ADMIN,Functional
DSC_P_SENTIMENT_ADMIN,SYSADMIN,,ACCOUNTADMIN->SYSADMIN->DSC_P_SENTIMENT_ADMIN,1,DSC_P_SENTIMENT_ADMIN,Functional
DSC_P_TWITTER_ADMIN,SYSADMIN,,ACCOUNTADMIN->SYSADMIN->DSC_P_TWITTER_ADMIN,1,DSC_P_TWITTER_ADMIN,Functional
ENG_P_DATAGEN_ADMIN,SYSADMIN,,ACCOUNTADMIN->SYSADMIN->ENG_P_DATAGEN_ADMIN,1,ENG_P_DATAGEN_ADMIN,Functional
ENG_P_XML_TO_JSON_ADMIN,SYSADMIN,,ACCOUNTADMIN->SYSADMIN->ENG_P_XML_TO_JSON_ADMIN,1,ENG_P_XML_TO_JSON_ADMIN,Functional
OKTA_PROVISIONER,ACCOUNTADMIN,,ACCOUNTADMIN->OKTA_PROVISIONER,1,ACCOUNTADMIN,SCIM
ORGADMIN,<NOTHING>,,ORGADMIN,1,,NotUnderAccountAdmin
PUBLIC,<NOTHING>,,PUBLIC,1,,BuiltIn
SECURITYADMIN,ACCOUNTADMIN,,ACCOUNTADMIN->SECURITYADMIN,1,ACCOUNTADMIN,BuiltIn
SKE_P_DDM_HR_CLERK,SKE_P_DDM_HR_MGR,,SKE_P_DDM_HR_MGR->SKE_P_DDM_HR_CLERK,1,SKE_P_DDM_HR_MGR->SKE_P_DDM_HR_CLERK,FunctionalNotUnderSysadmin
SKE_P_DEMO,PST_WORKSPACE,,"PST_WORKSPACE->SKE_P_DEMO
SKE_P_DDM_HR_MGR->SKE_P_DDM_HR_CLERK->SKE_P_DEMO",2,"PST_WORKSPACE->SKE_P_DEMO
SKE_P_DDM_HR_MGR->SKE_P_DDM_HR_CLERK->SKE_P_DEMO",FunctionalNotUnderSysadmin
SKE_P_DEMO,SKE_P_DDM_HR_CLERK,,"PST_WORKSPACE->SKE_P_DEMO
SKE_P_DDM_HR_MGR->SKE_P_DDM_HR_CLERK->SKE_P_DEMO",2,"PST_WORKSPACE->SKE_P_DEMO
SKE_P_DDM_HR_MGR->SKE_P_DDM_HR_CLERK->SKE_P_DEMO",FunctionalNotUnderSysadmin
SOP_P_DDM_ADMIN,SYSADMIN,,ACCOUNTADMIN->SYSADMIN->SOP_P_DDM_ADMIN,1,SOP_P_DDM_ADMIN,Functional
SOP_P_RBAC_GEN_ADMIN,SYSADMIN,,ACCOUNTADMIN->SYSADMIN->SOP_P_RBAC_GEN_ADMIN,1,SOP_P_RBAC_GEN_ADMIN,Functional
SOP_P_RLS_ADMIN,SYSADMIN,,ACCOUNTADMIN->SYSADMIN->SOP_P_RLS_ADMIN,1,SOP_P_RLS_ADMIN,Functional
SYSADMIN,ACCOUNTADMIN,,ACCOUNTADMIN->SYSADMIN,1,ACCOUNTADMIN,BuiltIn
USERADMIN,SECURITYADMIN,,ACCOUNTADMIN->SECURITYADMIN->USERADMIN,1,ACCOUNTADMIN,BuiltIn
