Name,Owner,Type,IsInherited,NumAssignedUsers,NumChildRoles,NumParentRoles,AssignedUsers,ChildRoles,ParentRoles,AncestryPaths,NumAncestryPaths,Comment,IsObjectIdentifierSpecialCharacters,CreatedOn,CreatedOnUTC
_AC_O_SKE_P_ELT,SECURITYADMIN,Functional,False,0,1,11,,_AC_U_SKE_P_ELT,"DOP_P_ALERTING_ADMIN,DOP_P_CLOUDWATCH_ADMIN,DOP_P_MONITOR_ADMIN,DSC_P_SENTIMENT_ADMIN,DSC_P_TWITTER_ADMIN,ENG_P_DATAGEN_ADMIN,ENG_P_XML_TO_JSON_ADMIN,SOP_P_DDM_ADMIN,SOP_P_RBAC_GEN_ADMIN,SOP_P_RLS_ADMIN,SYSADMIN","ACCOUNTADMIN->SYSADMIN->DOP_P_ALERTING_ADMIN->_AC_O_SKE_P_ELT
ACCOUNTADMIN->SYSADMIN->DOP_P_CLOUDWATCH_ADMIN->_AC_O_SKE_P_ELT
ACCOUNTADMIN->SYSADMIN->DOP_P_MONITOR_ADMIN->_AC_O_SKE_P_ELT
ACCOUNTADMIN->SYSADMIN->DSC_P_SENTIMENT_ADMIN->_AC_O_SKE_P_ELT
ACCOUNTADMIN->SYSADMIN->DSC_P_TWITTER_ADMIN->_AC_O_SKE_P_ELT
ACCOUNTADMIN->SYSADMIN->ENG_P_DATAGEN_ADMIN->_AC_O_SKE_P_ELT
ACCOUNTADMIN->SYSADMIN->ENG_P_XML_TO_JSON_ADMIN->_AC_O_SKE_P_ELT
ACCOUNTADMIN->SYSADMIN->SOP_P_DDM_ADMIN->_AC_O_SKE_P_ELT
ACCOUNTADMIN->SYSADMIN->SOP_P_RBAC_GEN_ADMIN->_AC_O_SKE_P_ELT
ACCOUNTADMIN->SYSADMIN->SOP_P_RLS_ADMIN->_AC_O_SKE_P_ELT
ACCOUNTADMIN->SYSADMIN->_AC_O_SKE_P_ELT",11,,False,2021-02-25T04:34:04.0070000-08:00,2021-02-25T12:34:04.0070000Z
DOP_P_ALERTING_ADMIN,SECURITYADMIN,Functional,False,1,2,1,EROESCH_SKE,"_AC_C_DOP_P_DEMO_ALERTING,_AC_O_SKE_P_ELT",SYSADMIN,ACCOUNTADMIN->SYSADMIN->DOP_P_ALERTING_ADMIN,1,,False,2021-03-01T04:42:15.4080000-08:00,2021-03-01T12:42:15.4080000Z
SYSADMIN,,BuiltIn,False,4,28,1,"BMORRISON_SKE,EROESCH_SKE,JBRODY_SKE,JBRODY_SKE","_AC_C_COM_P_UTIL,_AC_C_COM_P_UTIL_DB_SCH_BR,_AC_C_DOP_P_DEMO_ALERTING,_AC_C_DOP_P_DEMO_CLOUDWATCH,_AC_C_DOP_P_DEMO_MONITOR,_AC_C_DSC_P_DEMO_SENTIMENT,_AC_C_DSC_P_DEMO_TWITTER,_AC_C_ENG_P_DEMO_DATAGEN,_AC_C_ENG_P_DEMO_XML_TO_JSON,_AC_C_SKE_P_WRK,_AC_C_SOP_P_DEMO_DDM,_AC_C_SOP_P_DEMO_RBAC_GEN,_AC_C_SOP_P_DEMO_RLS,_AC_C_SOP_P_MSTR_DDM,_AC_O_SKE_P_ADHOC_BIG,_AC_O_SKE_P_ADHOC_TINY,_AC_O_SKE_P_ELT,_AC_X_TASK_ADMIN,DOP_P_ALERTING_ADMIN,DOP_P_CLOUDWATCH_ADMIN,DOP_P_MONITOR_ADMIN,DSC_P_SENTIMENT_ADMIN,DSC_P_TWITTER_ADMIN,ENG_P_DATAGEN_ADMIN,ENG_P_XML_TO_JSON_ADMIN,SOP_P_DDM_ADMIN,SOP_P_RBAC_GEN_ADMIN,SOP_P_RLS_ADMIN",ACCOUNTADMIN,ACCOUNTADMIN->SYSADMIN,1,System administrator can create and manage databases and warehouses.,False,2020-10-19T12:09:03.4400000-07:00,2020-10-19T19:09:03.4400000Z
ACCOUNTADMIN,,BuiltIn,False,3,3,0,"BMORRISON_SKE,EROESCH_SKE,SCOOMBES_SKE","OKTA_PROVISIONER,SECURITYADMIN,SYSADMIN",,ACCOUNTADMIN,1,Account administrator can manage all aspects of the account.,False,2020-10-19T12:09:03.4120000-07:00,2020-10-19T19:09:03.4120000Z
DOP_P_CLOUDWATCH_ADMIN,SECURITYADMIN,Functional,False,0,2,1,,"_AC_C_DOP_P_DEMO_CLOUDWATCH,_AC_O_SKE_P_ELT",SYSADMIN,ACCOUNTADMIN->SYSADMIN->DOP_P_CLOUDWATCH_ADMIN,1,,False,2021-02-27T04:01:01.7660000-08:00,2021-02-27T12:01:01.7660000Z
DOP_P_MONITOR_ADMIN,SECURITYADMIN,Functional,False,1,4,1,JBRODY_SKE,"_AC_C_DOP_P_DEMO_MONITOR,_AC_O_SKE_P_ELT,_AC_R_DOP_P_DEMO_ALERTING,_AC_X_TASK_ADMIN",SYSADMIN,ACCOUNTADMIN->SYSADMIN->DOP_P_MONITOR_ADMIN,1,,False,2021-02-25T04:30:45.3280000-08:00,2021-02-25T12:30:45.3280000Z
DSC_P_SENTIMENT_ADMIN,SECURITYADMIN,Functional,False,0,2,1,,"_AC_C_DSC_P_DEMO_SENTIMENT,_AC_O_SKE_P_ELT",SYSADMIN,ACCOUNTADMIN->SYSADMIN->DSC_P_SENTIMENT_ADMIN,1,,False,2021-02-27T04:04:53.7720000-08:00,2021-02-27T12:04:53.7720000Z
DSC_P_TWITTER_ADMIN,SECURITYADMIN,Functional,False,0,2,1,,"_AC_C_DSC_P_DEMO_TWITTER,_AC_O_SKE_P_ELT",SYSADMIN,ACCOUNTADMIN->SYSADMIN->DSC_P_TWITTER_ADMIN,1,,False,2021-02-27T04:04:53.9890000-08:00,2021-02-27T12:04:53.9890000Z
ENG_P_DATAGEN_ADMIN,SECURITYADMIN,Functional,False,0,2,1,,"_AC_C_ENG_P_DEMO_DATAGEN,_AC_O_SKE_P_ELT",SYSADMIN,ACCOUNTADMIN->SYSADMIN->ENG_P_DATAGEN_ADMIN,1,,False,2021-02-27T04:04:54.6570000-08:00,2021-02-27T12:04:54.6570000Z
ENG_P_XML_TO_JSON_ADMIN,SECURITYADMIN,Functional,False,0,2,1,,"_AC_C_ENG_P_DEMO_XML_TO_JSON,_AC_O_SKE_P_ELT",SYSADMIN,ACCOUNTADMIN->SYSADMIN->ENG_P_XML_TO_JSON_ADMIN,1,,False,2021-02-27T03:58:08.5490000-08:00,2021-02-27T11:58:08.5490000Z
SOP_P_DDM_ADMIN,SECURITYADMIN,Functional,False,0,2,1,,"_AC_C_SOP_P_DEMO_DDM,_AC_O_SKE_P_ELT",SYSADMIN,ACCOUNTADMIN->SYSADMIN->SOP_P_DDM_ADMIN,1,,False,2021-03-01T04:43:36.9870000-08:00,2021-03-01T12:43:36.9870000Z
SOP_P_RBAC_GEN_ADMIN,SECURITYADMIN,Functional,False,0,1,1,,_AC_O_SKE_P_ELT,SYSADMIN,ACCOUNTADMIN->SYSADMIN->SOP_P_RBAC_GEN_ADMIN,1,,False,2021-02-27T13:40:34.4070000-08:00,2021-02-27T21:40:34.4070000Z
SOP_P_RLS_ADMIN,SECURITYADMIN,Functional,False,0,3,1,,"_AC_C_SOP_P_DEMO_RLS,_AC_O_SKE_P_ELT,_AC_R_ENG_P_DEMO_DATAGEN",SYSADMIN,ACCOUNTADMIN->SYSADMIN->SOP_P_RLS_ADMIN,1,,False,2021-02-27T13:38:33.0520000-08:00,2021-02-27T21:38:33.0520000Z
_AC_U_SKE_P_ELT,SECURITYADMIN,Unknown,False,0,0,1,,,_AC_O_SKE_P_ELT,"ACCOUNTADMIN->SYSADMIN->DOP_P_ALERTING_ADMIN->_AC_O_SKE_P_ELT->_AC_U_SKE_P_ELT
ACCOUNTADMIN->SYSADMIN->DOP_P_CLOUDWATCH_ADMIN->_AC_O_SKE_P_ELT->_AC_U_SKE_P_ELT
ACCOUNTADMIN->SYSADMIN->DOP_P_MONITOR_ADMIN->_AC_O_SKE_P_ELT->_AC_U_SKE_P_ELT
ACCOUNTADMIN->SYSADMIN->DSC_P_SENTIMENT_ADMIN->_AC_O_SKE_P_ELT->_AC_U_SKE_P_ELT
ACCOUNTADMIN->SYSADMIN->DSC_P_TWITTER_ADMIN->_AC_O_SKE_P_ELT->_AC_U_SKE_P_ELT
ACCOUNTADMIN->SYSADMIN->ENG_P_DATAGEN_ADMIN->_AC_O_SKE_P_ELT->_AC_U_SKE_P_ELT
ACCOUNTADMIN->SYSADMIN->ENG_P_XML_TO_JSON_ADMIN->_AC_O_SKE_P_ELT->_AC_U_SKE_P_ELT
ACCOUNTADMIN->SYSADMIN->SOP_P_DDM_ADMIN->_AC_O_SKE_P_ELT->_AC_U_SKE_P_ELT
ACCOUNTADMIN->SYSADMIN->SOP_P_RBAC_GEN_ADMIN->_AC_O_SKE_P_ELT->_AC_U_SKE_P_ELT
ACCOUNTADMIN->SYSADMIN->SOP_P_RLS_ADMIN->_AC_O_SKE_P_ELT->_AC_U_SKE_P_ELT
ACCOUNTADMIN->SYSADMIN->_AC_O_SKE_P_ELT->_AC_U_SKE_P_ELT",11,,False,2021-02-25T04:34:04.7240000-08:00,2021-02-25T12:34:04.7240000Z
