Name,GrantedTo,DirectAncestry,AncestryPaths,NumAncestryPaths,ImportantAncestor,Type
_AC_C_ENG_P_DEMO_XML_TO_JSON,ENG_P_XML_TO_JSON_ADMIN,ENG_P_XML_TO_JSON_ADMIN->_AC_C_ENG_P_DEMO_XML_TO_JSON,"ACCOUNTADMIN->SYSADMIN->ENG_P_XML_TO_JSON_ADMIN->_AC_C_ENG_P_DEMO_XML_TO_JSON
ACCOUNTADMIN->SYSADMIN->_AC_C_ENG_P_DEMO_XML_TO_JSON",2,,Access
_AC_C_ENG_P_DEMO_XML_TO_JSON,SYSADMIN,SYSADMIN->_AC_C_ENG_P_DEMO_XML_TO_JSON,"ACCOUNTADMIN->SYSADMIN->ENG_P_XML_TO_JSON_ADMIN->_AC_C_ENG_P_DEMO_XML_TO_JSON
ACCOUNTADMIN->SYSADMIN->_AC_C_ENG_P_DEMO_XML_TO_JSON",2,,Access
_AC_R_ENG_P_DEMO_XML_TO_JSON,_AC_W_ENG_P_DEMO_XML_TO_JSON,_AC_W_ENG_P_DEMO_XML_TO_JSON->_AC_R_ENG_P_DEMO_XML_TO_JSON,"ACCOUNTADMIN->SYSADMIN->ENG_P_XML_TO_JSON_ADMIN->_AC_C_ENG_P_DEMO_XML_TO_JSON->_AC_W_ENG_P_DEMO_XML_TO_JSON->_AC_R_ENG_P_DEMO_XML_TO_JSON
ACCOUNTADMIN->SYSADMIN->_AC_C_ENG_P_DEMO_XML_TO_JSON->_AC_W_ENG_P_DEMO_XML_TO_JSON->_AC_R_ENG_P_DEMO_XML_TO_JSON
PST_WORKSPACE->SKE_P_DEMO->_AC_R_ENG_P_DEMO_XML_TO_JSON
SKE_P_DDM_HR_MGR->SKE_P_DDM_HR_CLERK->SKE_P_DEMO->_AC_R_ENG_P_DEMO_XML_TO_JSON",4,,Unknown
_AC_R_ENG_P_DEMO_XML_TO_JSON,SKE_P_DEMO,SKE_P_DEMO->_AC_R_ENG_P_DEMO_XML_TO_JSON,"ACCOUNTADMIN->SYSADMIN->ENG_P_XML_TO_JSON_ADMIN->_AC_C_ENG_P_DEMO_XML_TO_JSON->_AC_W_ENG_P_DEMO_XML_TO_JSON->_AC_R_ENG_P_DEMO_XML_TO_JSON
ACCOUNTADMIN->SYSADMIN->_AC_C_ENG_P_DEMO_XML_TO_JSON->_AC_W_ENG_P_DEMO_XML_TO_JSON->_AC_R_ENG_P_DEMO_XML_TO_JSON
PST_WORKSPACE->SKE_P_DEMO->_AC_R_ENG_P_DEMO_XML_TO_JSON
SKE_P_DDM_HR_MGR->SKE_P_DDM_HR_CLERK->SKE_P_DEMO->_AC_R_ENG_P_DEMO_XML_TO_JSON",4,,Unknown
_AC_W_ENG_P_DEMO_XML_TO_JSON,_AC_C_ENG_P_DEMO_XML_TO_JSON,_AC_C_ENG_P_DEMO_XML_TO_JSON->_AC_W_ENG_P_DEMO_XML_TO_JSON,"ACCOUNTADMIN->SYSADMIN->ENG_P_XML_TO_JSON_ADMIN->_AC_C_ENG_P_DEMO_XML_TO_JSON->_AC_W_ENG_P_DEMO_XML_TO_JSON
ACCOUNTADMIN->SYSADMIN->_AC_C_ENG_P_DEMO_XML_TO_JSON->_AC_W_ENG_P_DEMO_XML_TO_JSON",2,,Functional
ENG_P_XML_TO_JSON_ADMIN,SYSADMIN,SYSADMIN->ENG_P_XML_TO_JSON_ADMIN,ACCOUNTADMIN->SYSADMIN->ENG_P_XML_TO_JSON_ADMIN,1,,Functional
SKE_P_DDM_HR_CLERK,SKE_P_DDM_HR_MGR,SKE_P_DDM_HR_MGR->SKE_P_DDM_HR_CLERK,SKE_P_DDM_HR_MGR->SKE_P_DDM_HR_CLERK,1,,FunctionalNotUnderSysadmin
SKE_P_DEMO,PST_WORKSPACE,PST_WORKSPACE->SKE_P_DEMO,"PST_WORKSPACE->SKE_P_DEMO
SKE_P_DDM_HR_MGR->SKE_P_DDM_HR_CLERK->SKE_P_DEMO",2,,FunctionalNotUnderSysadmin
SKE_P_DEMO,SKE_P_DDM_HR_CLERK,SKE_P_DDM_HR_CLERK->SKE_P_DEMO,"PST_WORKSPACE->SKE_P_DEMO
SKE_P_DDM_HR_MGR->SKE_P_DDM_HR_CLERK->SKE_P_DEMO",2,,FunctionalNotUnderSysadmin
SYSADMIN,ACCOUNTADMIN,ACCOUNTADMIN->SYSADMIN,ACCOUNTADMIN->SYSADMIN,1,,BuiltIn
