Name,GrantedTo,DirectAncestry,AncestryPaths,NumAncestryPaths,ImportantAncestor,Type
_AC_C_DOP_P_DEMO_MONITOR,DOP_P_MONITOR_ADMIN,DOP_P_MONITOR_ADMIN->_AC_C_DOP_P_DEMO_MONITOR,"ACCOUNTADMIN->SYSADMIN->DOP_P_MONITOR_ADMIN->_AC_C_DOP_P_DEMO_MONITOR
ACCOUNTADMIN->SYSADMIN->_AC_C_DOP_P_DEMO_MONITOR",2,,Access
_AC_C_DOP_P_DEMO_MONITOR,SYSADMIN,SYSADMIN->_AC_C_DOP_P_DEMO_MONITOR,"ACCOUNTADMIN->SYSADMIN->DOP_P_MONITOR_ADMIN->_AC_C_DOP_P_DEMO_MONITOR
ACCOUNTADMIN->SYSADMIN->_AC_C_DOP_P_DEMO_MONITOR",2,,Access
_AC_R_DOP_P_DEMO_MONITOR,_AC_W_DOP_P_DEMO_MONITOR,_AC_W_DOP_P_DEMO_MONITOR->_AC_R_DOP_P_DEMO_MONITOR,"ACCOUNTADMIN->SYSADMIN->DOP_P_MONITOR_ADMIN->_AC_C_DOP_P_DEMO_MONITOR->_AC_W_DOP_P_DEMO_MONITOR->_AC_R_DOP_P_DEMO_MONITOR
ACCOUNTADMIN->SYSADMIN->_AC_C_DOP_P_DEMO_MONITOR->_AC_W_DOP_P_DEMO_MONITOR->_AC_R_DOP_P_DEMO_MONITOR
PST_WORKSPACE->SKE_P_DEMO->_AC_R_DOP_P_DEMO_MONITOR
SKE_P_DDM_HR_MGR->SKE_P_DDM_HR_CLERK->SKE_P_DEMO->_AC_R_DOP_P_DEMO_MONITOR",4,,Access
_AC_R_DOP_P_DEMO_MONITOR,SKE_P_DEMO,SKE_P_DEMO->_AC_R_DOP_P_DEMO_MONITOR,"ACCOUNTADMIN->SYSADMIN->DOP_P_MONITOR_ADMIN->_AC_C_DOP_P_DEMO_MONITOR->_AC_W_DOP_P_DEMO_MONITOR->_AC_R_DOP_P_DEMO_MONITOR
ACCOUNTADMIN->SYSADMIN->_AC_C_DOP_P_DEMO_MONITOR->_AC_W_DOP_P_DEMO_MONITOR->_AC_R_DOP_P_DEMO_MONITOR
PST_WORKSPACE->SKE_P_DEMO->_AC_R_DOP_P_DEMO_MONITOR
SKE_P_DDM_HR_MGR->SKE_P_DDM_HR_CLERK->SKE_P_DEMO->_AC_R_DOP_P_DEMO_MONITOR",4,,Access
_AC_W_DOP_P_DEMO_MONITOR,_AC_C_DOP_P_DEMO_MONITOR,_AC_C_DOP_P_DEMO_MONITOR->_AC_W_DOP_P_DEMO_MONITOR,"ACCOUNTADMIN->SYSADMIN->DOP_P_MONITOR_ADMIN->_AC_C_DOP_P_DEMO_MONITOR->_AC_W_DOP_P_DEMO_MONITOR
ACCOUNTADMIN->SYSADMIN->_AC_C_DOP_P_DEMO_MONITOR->_AC_W_DOP_P_DEMO_MONITOR",2,,Access
DOP_P_MONITOR_ADMIN,SYSADMIN,SYSADMIN->DOP_P_MONITOR_ADMIN,ACCOUNTADMIN->SYSADMIN->DOP_P_MONITOR_ADMIN,1,,Functional
SKE_P_DDM_HR_CLERK,SKE_P_DDM_HR_MGR,SKE_P_DDM_HR_MGR->SKE_P_DDM_HR_CLERK,SKE_P_DDM_HR_MGR->SKE_P_DDM_HR_CLERK,1,,FunctionalNotUnderSysadmin
SKE_P_DEMO,PST_WORKSPACE,PST_WORKSPACE->SKE_P_DEMO,"PST_WORKSPACE->SKE_P_DEMO
SKE_P_DDM_HR_MGR->SKE_P_DDM_HR_CLERK->SKE_P_DEMO",2,,FunctionalNotUnderSysadmin
SKE_P_DEMO,SKE_P_DDM_HR_CLERK,SKE_P_DDM_HR_CLERK->SKE_P_DEMO,"PST_WORKSPACE->SKE_P_DEMO
SKE_P_DDM_HR_MGR->SKE_P_DDM_HR_CLERK->SKE_P_DEMO",2,,FunctionalNotUnderSysadmin
SYSADMIN,ACCOUNTADMIN,ACCOUNTADMIN->SYSADMIN,ACCOUNTADMIN->SYSADMIN,1,,BuiltIn
