Name,Owner,Type,IsInherited,NumAssignedUsers,NumChildRoles,NumParentRoles,AssignedUsers,ChildRoles,ParentRoles,AncestryPaths,NumAncestryPaths,Comment,IsObjectIdentifierSpecialCharacters,CreatedOn,CreatedOnUTC
_AC_C_COM_P_UTIL,SECURITYADMIN,Functional,False,0,1,2,,_AC_W_COM_P_UTIL,"SKE_P_UTIL_ADMIN,SYSADMIN","SKE_P_UTIL_ADMIN->_AC_C_COM_P_UTIL
ACCOUNTADMIN->SYSADMIN->_AC_C_COM_P_UTIL",2,,False,2021-02-27T03:55:43.7200000-08:00,2021-02-27T11:55:43.7200000Z
SKE_P_UTIL_ADMIN,SECURITYADMIN,FunctionalNotUnderSysadmin,False,0,2,0,,"_AC_C_COM_P_UTIL,_AC_X_TASK_ADMIN",,SKE_P_UTIL_ADMIN,1,,False,2021-02-27T04:04:55.2050000-08:00,2021-02-27T12:04:55.2050000Z
SYSADMIN,,BuiltIn,False,4,28,1,"BMORRISON_SKE,EROESCH_SKE,JBRODY_SKE,JBRODY_SKE","_AC_C_COM_P_UTIL,_AC_C_COM_P_UTIL_DB_SCH_BR,_AC_C_DOP_P_DEMO_ALERTING,_AC_C_DOP_P_DEMO_CLOUDWATCH,_AC_C_DOP_P_DEMO_MONITOR,_AC_C_DSC_P_DEMO_SENTIMENT,_AC_C_DSC_P_DEMO_TWITTER,_AC_C_ENG_P_DEMO_DATAGEN,_AC_C_ENG_P_DEMO_XML_TO_JSON,_AC_C_SKE_P_WRK,_AC_C_SOP_P_DEMO_DDM,_AC_C_SOP_P_DEMO_RBAC_GEN,_AC_C_SOP_P_DEMO_RLS,_AC_C_SOP_P_MSTR_DDM,_AC_O_SKE_P_ADHOC_BIG,_AC_O_SKE_P_ADHOC_TINY,_AC_O_SKE_P_ELT,_AC_X_TASK_ADMIN,DOP_P_ALERTING_ADMIN,DOP_P_CLOUDWATCH_ADMIN,DOP_P_MONITOR_ADMIN,DSC_P_SENTIMENT_ADMIN,DSC_P_TWITTER_ADMIN,ENG_P_DATAGEN_ADMIN,ENG_P_XML_TO_JSON_ADMIN,SOP_P_DDM_ADMIN,SOP_P_RBAC_GEN_ADMIN,SOP_P_RLS_ADMIN",ACCOUNTADMIN,ACCOUNTADMIN->SYSADMIN,1,System administrator can create and manage databases and warehouses.,False,2020-10-19T12:09:03.4400000-07:00,2020-10-19T19:09:03.4400000Z
ACCOUNTADMIN,,BuiltIn,False,3,3,0,"BMORRISON_SKE,EROESCH_SKE,SCOOMBES_SKE","OKTA_PROVISIONER,SECURITYADMIN,SYSADMIN",,ACCOUNTADMIN,1,Account administrator can manage all aspects of the account.,False,2020-10-19T12:09:03.4120000-07:00,2020-10-19T19:09:03.4120000Z
_AC_W_COM_P_UTIL,SECURITYADMIN,Functional,False,0,1,1,,_AC_R_COM_P_UTIL,_AC_C_COM_P_UTIL,"SKE_P_UTIL_ADMIN->_AC_C_COM_P_UTIL->_AC_W_COM_P_UTIL
ACCOUNTADMIN->SYSADMIN->_AC_C_COM_P_UTIL->_AC_W_COM_P_UTIL",2,,False,2021-02-27T03:55:44.0630000-08:00,2021-02-27T11:55:44.0630000Z
_AC_R_COM_P_UTIL,SECURITYADMIN,Unknown,False,0,0,1,,,_AC_W_COM_P_UTIL,"SKE_P_UTIL_ADMIN->_AC_C_COM_P_UTIL->_AC_W_COM_P_UTIL->_AC_R_COM_P_UTIL
ACCOUNTADMIN->SYSADMIN->_AC_C_COM_P_UTIL->_AC_W_COM_P_UTIL->_AC_R_COM_P_UTIL",2,,False,2021-02-27T03:55:43.8770000-08:00,2021-02-27T11:55:43.8770000Z
