Name,Owner,Type,IsInherited,NumAssignedUsers,NumChildRoles,NumParentRoles,AssignedUsers,ChildRoles,ParentRoles,AncestryPaths,NumAncestryPaths,Comment,IsObjectIdentifierSpecialCharacters,CreatedOn,CreatedOnUTC
_RS_SOP_RLS_REGION_USA,SECURITYADMIN,FunctionalNotUnderSysadmin,False,0,2,0,,"_RS_SOP_RLS_REGION_EAST,_RS_SOP_RLS_REGION_WEST",,_RS_SOP_RLS_REGION_USA,1,,False,2021-02-28T08:22:46.2980000-08:00,2021-02-28T16:22:46.2980000Z
_RS_SOP_RLS_REGION_EAST,SECURITYADMIN,FunctionalNotUnderSysadmin,False,1,2,1,EROESCH_SKE,"_RS_SOP_RLS_REGION_NORTHEAST,_RS_SOP_RLS_REGION_SOUTH",_RS_SOP_RLS_REGION_USA,_RS_SOP_RLS_REGION_USA->_RS_SOP_RLS_REGION_EAST,1,,False,2021-02-28T08:22:45.7870000-08:00,2021-02-28T16:22:45.7870000Z
_RS_SOP_RLS_REGION_NORTHEAST,SECURITYADMIN,NotUnderAccountAdmin,False,0,0,1,,,_RS_SOP_RLS_REGION_EAST,_RS_SOP_RLS_REGION_USA->_RS_SOP_RLS_REGION_EAST->_RS_SOP_RLS_REGION_NORTHEAST,1,,False,2021-02-28T08:22:44.8720000-08:00,2021-02-28T16:22:44.8720000Z
_RS_SOP_RLS_REGION_SOUTH,SECURITYADMIN,NotUnderAccountAdmin,False,0,0,1,,,_RS_SOP_RLS_REGION_EAST,_RS_SOP_RLS_REGION_USA->_RS_SOP_RLS_REGION_EAST->_RS_SOP_RLS_REGION_SOUTH,1,,False,2021-02-28T08:22:45.2490000-08:00,2021-02-28T16:22:45.2490000Z
_RS_SOP_RLS_REGION_WEST,SECURITYADMIN,FunctionalNotUnderSysadmin,False,0,2,1,,"_RS_SOP_RLS_REGION_MIDWEST,_RS_SOP_RLS_REGION_SOUTHWEST",_RS_SOP_RLS_REGION_USA,_RS_SOP_RLS_REGION_USA->_RS_SOP_RLS_REGION_WEST,1,,False,2021-02-28T08:22:46.0460000-08:00,2021-02-28T16:22:46.0460000Z
_RS_SOP_RLS_REGION_MIDWEST,SECURITYADMIN,NotUnderAccountAdmin,False,0,0,1,,,_RS_SOP_RLS_REGION_WEST,_RS_SOP_RLS_REGION_USA->_RS_SOP_RLS_REGION_WEST->_RS_SOP_RLS_REGION_MIDWEST,1,,False,2021-02-28T08:22:45.0530000-08:00,2021-02-28T16:22:45.0530000Z
_RS_SOP_RLS_REGION_SOUTHWEST,SECURITYADMIN,NotUnderAccountAdmin,False,0,0,1,,,_RS_SOP_RLS_REGION_WEST,_RS_SOP_RLS_REGION_USA->_RS_SOP_RLS_REGION_WEST->_RS_SOP_RLS_REGION_SOUTHWEST,1,,False,2021-02-28T08:22:45.4810000-08:00,2021-02-28T16:22:45.4810000Z
