Name,Owner,Type,IsInherited,NumAssignedUsers,NumChildRoles,NumParentRoles,AssignedUsers,ChildRoles,ParentRoles,AncestryPaths,NumAncestryPaths,Comment,IsObjectIdentifierSpecialCharacters,CreatedOn,CreatedOnUTC
SKE_P_DDM_HR_CLERK,SECURITYADMIN,FunctionalNotUnderSysadmin,False,1,1,1,EROESCH_SKE,SKE_P_DEMO,SKE_P_DDM_HR_MGR,SKE_P_DDM_HR_MGR->SKE_P_DDM_HR_CLERK,1,,False,2021-03-01T04:36:55.9440000-08:00,2021-03-01T12:36:55.9440000Z
SKE_P_DDM_HR_MGR,SECURITYADMIN,FunctionalNotUnderSysadmin,False,1,1,0,EROESCH_SKE,SKE_P_DDM_HR_CLERK,,SKE_P_DDM_HR_MGR,1,,False,2021-03-01T04:40:21.9210000-08:00,2021-03-01T12:40:21.9210000Z
SKE_P_DEMO,OKTA_PROVISIONER,FunctionalNotUnderSysadmin,False,170,11,2,"A.RAJOLAPESCARINI,ABHITEJ.GOPIREDDY,ADAM.CROSBY,ALBIE.KOTZE,ALEXANDER.KHOKHLOV,ALINA.ESQUIVEL,ALISTAIR.JAYNE-COUPE,AMAR.AVULA,ANDRAS.FEHER,ANDREAS.LISKES,ANDREW.OH,ANDY.BLANCO,ANNE.SIDARI,ANTHONY.FOOTE,ARIHANT.JAIN,ARINDAM.GUHA,ARUN.MUNIYANDI,AVINASH.SINGH,BALA.SHANKAR,BEN.STATON,BENEDIKT.ENGEL,BING.CHEN,BISHAM.HARAH,BOB.MORRISON,BRETT.BALOUN,BROOKE.BOWIE,BRYAN.PLANTES,C.BRETSCHNEIDER,C.CHRISTOPHORIDIS,CARL.MARTIN,CARRIE.GOTT,CATALIN.BOBARNAC,CHASE.ROMANO,CHRISTIAN.BRAUN,CHUCK.DIEWALD,COLLIN.CANNON,CUONG.NGUYENTIEN,DAN.FLIPPO,DANIEL.ODIEVICH,DANIEL.SANDLER,DANNY.BRYANT,DARIN.BRISKMAN,DAVID.TEPLOW,DELAN.DESILVA,DENNIS.PARTIN,DEREK.CARLSON,DHARMENDRA.SHAVKANI,DONNA.ALCANTARA,DUSTY.MANGUM,ELENA.GORYAINOVA,ERIC.BELL,ERIC.LETHIER,ERICK.ROESCH,ERIKA.BAKSE,EROESCH_SKE,GAUTAM.BHAWSAR,GENE.FURIBONDO,GINA.BLAND,GINNY.WONG,GOVARDHAN.KATIREDDY,GREG.MARRON,GREGORY.SITZMAN,GURSOY.YERLI,HARISH.PARAMESWARAN,HILDA.DAVIES,IAN.FICKLING,IHOR.KARBOVSKYY,JAAKKO.LEVOMAKI,JACKIE.CHANDLER,JAI.PARMAR,JAMES.BRODY,JAMEY.PHILLIPS,JASON.SNYDER,JBRODY_SKE,JEDIDIAH.RAJBHUSHAN,JERRY.LOCKE,JIM.DEMITRIOU,JOANNA.JOHNSTON,JOHN.ADAMS,JOHN.DACOSTA,JOHN.RYAN,JOSHUA.SKARPHOL,JUSTINE.MCGONAGLE,KALA.GOVINDARAJAN,KEITH.HOYLE,KEITH.SMITH,KETAN.JANI,KHALID.REHMAN,KIM.TE,KISHORE.TATAVARTHI,KUMARAN.RAGHUNATHAN,LISA.CARDER,LYDIA.MANCINI,MAGNUS.HOOK,MAHE.DURAISWAMI,MARC.HENDERSON,MARCEL.MARRAS,MARCIN.KULAKOWSKI,MARION.BROWN,MARK.MAYO,MARTEN.PAULSSON,MARTIN.BADROCK,MATT.BRADY,MATT.PROCTOR,MATTHEW.KVANCZ,MATTHEW.STORA,MATTHEW.WIDEMAN,MAURICE.SAAH,MEI.LEE,MELINDA.WEBSTER,MICHAEL.GOODMAN,MICHAEL.HENSON,MICHAEL.RAINEY,MICHAEL.VANFOSSEN,MICHAEL.WALTON,MIKE.DONOVAN,MIKE.GOHL,MIKHAIL.FERNANDEZ,MINEAKI.MOTOHASHI,MRIDUL.JHUNJHUNWALA,MURALI.MADHUSUDANA,NAVEEN.CHINTHAPALLY,OMAR.AKIL,P.PURUSHOTHAMAN,PARESH.ADHIA,PAUL.MARIC,PETER.CAULFIELD,PETR.NEJTEK,PHILIPPE.TORRES,PRATEEK.PARASHAR,R.SREENIVASAN,RADX.RADHAKRISHNAN,RALPH.DREILICH,RAMAK.AFLATOONI,RANDY.SEERDEN,RATHEESH.NELLIKAL,RAUL.GONZALEZ,RAVI.KRISHNASWAMI,REDA.BERRADA,RICARDO.ALVAREZ,RICHARD.MORWOOD,RICHARD.MURNANE,ROBERT.TRENKAMP,RYAN.BARNES,SALVADOR.MARTINEZ,SAMIT.JAIN,SANKEY.ALEXANDER,SCOTT.REDDING,SEAN.HICKEY,SHARVAN.KUMAR,SHAWN.RAMSEY,SIMON.COOMBES,SUBHASH.BANDLA,SUNNY.MALIK,SURAJ.RAJAN,TED.BRACKIN,TED.READYHOUGH,THOMAS.CHURCHILL,THOMAS.MOORE,TIM.SALCH,TRAVIS.STERNER,UDAY.KALATHIA,UWE.HALBAUER,VINCENT.DELANY,VIVEK.DIWADE,WILL.RILEY,WRAY.FUCCI,YANG.LIU,ZACK.HOWE,ZHENG.LI","_AC_R_DOP_P_DEMO_ALERTING,_AC_R_DOP_P_DEMO_CLOUDWATCH,_AC_R_DOP_P_DEMO_MONITOR,_AC_R_DSC_P_DEMO_SENTIMENT,_AC_R_DSC_P_DEMO_TWITTER,_AC_R_ENG_P_DEMO_DATAGEN,_AC_R_ENG_P_DEMO_XML_TO_JSON,_AC_R_SOP_P_DEMO_RBAC_GEN,_AC_R_SOP_P_DEMO_RLS,_AC_U_SKE_P_ADHOC_BIG,_AC_U_SKE_P_ADHOC_TINY","PST_WORKSPACE,SKE_P_DDM_HR_CLERK","PST_WORKSPACE->SKE_P_DEMO
SKE_P_DDM_HR_MGR->SKE_P_DDM_HR_CLERK->SKE_P_DEMO",2,,False,2021-02-26T11:09:30.7330000-08:00,2021-02-26T19:09:30.7330000Z
_AC_R_DOP_P_DEMO_ALERTING,SECURITYADMIN,Unknown,True,0,0,3,,,"_AC_W_DOP_P_DEMO_ALERTING,DOP_P_MONITOR_ADMIN,SKE_P_DEMO","ACCOUNTADMIN->SYSADMIN->DOP_P_ALERTING_ADMIN->_AC_C_DOP_P_DEMO_ALERTING->_AC_W_DOP_P_DEMO_ALERTING->_AC_R_DOP_P_DEMO_ALERTING
ACCOUNTADMIN->SYSADMIN->_AC_C_DOP_P_DEMO_ALERTING->_AC_W_DOP_P_DEMO_ALERTING->_AC_R_DOP_P_DEMO_ALERTING
ACCOUNTADMIN->SYSADMIN->DOP_P_MONITOR_ADMIN->_AC_R_DOP_P_DEMO_ALERTING
PST_WORKSPACE->SKE_P_DEMO->_AC_R_DOP_P_DEMO_ALERTING
SKE_P_DDM_HR_MGR->SKE_P_DDM_HR_CLERK->SKE_P_DEMO->_AC_R_DOP_P_DEMO_ALERTING",5,,False,2021-02-27T04:04:18.7610000-08:00,2021-02-27T12:04:18.7610000Z
_AC_R_DOP_P_DEMO_CLOUDWATCH,SECURITYADMIN,Unknown,True,0,0,2,,,"_AC_W_DOP_P_DEMO_CLOUDWATCH,SKE_P_DEMO","ACCOUNTADMIN->SYSADMIN->DOP_P_CLOUDWATCH_ADMIN->_AC_C_DOP_P_DEMO_CLOUDWATCH->_AC_W_DOP_P_DEMO_CLOUDWATCH->_AC_R_DOP_P_DEMO_CLOUDWATCH
ACCOUNTADMIN->SYSADMIN->_AC_C_DOP_P_DEMO_CLOUDWATCH->_AC_W_DOP_P_DEMO_CLOUDWATCH->_AC_R_DOP_P_DEMO_CLOUDWATCH
PST_WORKSPACE->SKE_P_DEMO->_AC_R_DOP_P_DEMO_CLOUDWATCH
SKE_P_DDM_HR_MGR->SKE_P_DDM_HR_CLERK->SKE_P_DEMO->_AC_R_DOP_P_DEMO_CLOUDWATCH",4,,False,2021-02-27T04:03:19.0070000-08:00,2021-02-27T12:03:19.0070000Z
_AC_R_DOP_P_DEMO_MONITOR,SECURITYADMIN,Access,True,0,0,2,,,"_AC_W_DOP_P_DEMO_MONITOR,SKE_P_DEMO","ACCOUNTADMIN->SYSADMIN->DOP_P_MONITOR_ADMIN->_AC_C_DOP_P_DEMO_MONITOR->_AC_W_DOP_P_DEMO_MONITOR->_AC_R_DOP_P_DEMO_MONITOR
ACCOUNTADMIN->SYSADMIN->_AC_C_DOP_P_DEMO_MONITOR->_AC_W_DOP_P_DEMO_MONITOR->_AC_R_DOP_P_DEMO_MONITOR
PST_WORKSPACE->SKE_P_DEMO->_AC_R_DOP_P_DEMO_MONITOR
SKE_P_DDM_HR_MGR->SKE_P_DDM_HR_CLERK->SKE_P_DEMO->_AC_R_DOP_P_DEMO_MONITOR",4,,False,2021-02-25T04:15:29.5870000-08:00,2021-02-25T12:15:29.5870000Z
_AC_R_DSC_P_DEMO_SENTIMENT,SECURITYADMIN,Unknown,True,0,0,2,,,"_AC_W_DSC_P_DEMO_SENTIMENT,SKE_P_DEMO","ACCOUNTADMIN->SYSADMIN->DSC_P_SENTIMENT_ADMIN->_AC_C_DSC_P_DEMO_SENTIMENT->_AC_W_DSC_P_DEMO_SENTIMENT->_AC_R_DSC_P_DEMO_SENTIMENT
ACCOUNTADMIN->SYSADMIN->_AC_C_DSC_P_DEMO_SENTIMENT->_AC_W_DSC_P_DEMO_SENTIMENT->_AC_R_DSC_P_DEMO_SENTIMENT
PST_WORKSPACE->SKE_P_DEMO->_AC_R_DSC_P_DEMO_SENTIMENT
SKE_P_DDM_HR_MGR->SKE_P_DDM_HR_CLERK->SKE_P_DEMO->_AC_R_DSC_P_DEMO_SENTIMENT",4,,False,2021-02-27T03:46:27.5610000-08:00,2021-02-27T11:46:27.5610000Z
_AC_R_DSC_P_DEMO_TWITTER,SECURITYADMIN,Unknown,True,0,0,2,,,"_AC_W_DSC_P_DEMO_TWITTER,SKE_P_DEMO","ACCOUNTADMIN->SYSADMIN->DSC_P_TWITTER_ADMIN->_AC_C_DSC_P_DEMO_TWITTER->_AC_W_DSC_P_DEMO_TWITTER->_AC_R_DSC_P_DEMO_TWITTER
ACCOUNTADMIN->SYSADMIN->_AC_C_DSC_P_DEMO_TWITTER->_AC_W_DSC_P_DEMO_TWITTER->_AC_R_DSC_P_DEMO_TWITTER
PST_WORKSPACE->SKE_P_DEMO->_AC_R_DSC_P_DEMO_TWITTER
SKE_P_DDM_HR_MGR->SKE_P_DDM_HR_CLERK->SKE_P_DEMO->_AC_R_DSC_P_DEMO_TWITTER",4,,False,2021-02-27T03:46:27.7560000-08:00,2021-02-27T11:46:27.7560000Z
_AC_R_ENG_P_DEMO_DATAGEN,SECURITYADMIN,Unknown,True,0,0,3,,,"_AC_W_ENG_P_DEMO_DATAGEN,SKE_P_DEMO,SOP_P_RLS_ADMIN","ACCOUNTADMIN->SYSADMIN->ENG_P_DATAGEN_ADMIN->_AC_C_ENG_P_DEMO_DATAGEN->_AC_W_ENG_P_DEMO_DATAGEN->_AC_R_ENG_P_DEMO_DATAGEN
ACCOUNTADMIN->SYSADMIN->_AC_C_ENG_P_DEMO_DATAGEN->_AC_W_ENG_P_DEMO_DATAGEN->_AC_R_ENG_P_DEMO_DATAGEN
PST_WORKSPACE->SKE_P_DEMO->_AC_R_ENG_P_DEMO_DATAGEN
SKE_P_DDM_HR_MGR->SKE_P_DDM_HR_CLERK->SKE_P_DEMO->_AC_R_ENG_P_DEMO_DATAGEN
ACCOUNTADMIN->SYSADMIN->SOP_P_RLS_ADMIN->_AC_R_ENG_P_DEMO_DATAGEN",5,,False,2021-02-27T03:45:33.4480000-08:00,2021-02-27T11:45:33.4480000Z
_AC_R_ENG_P_DEMO_XML_TO_JSON,SECURITYADMIN,Unknown,True,0,0,2,,,"_AC_W_ENG_P_DEMO_XML_TO_JSON,SKE_P_DEMO","ACCOUNTADMIN->SYSADMIN->ENG_P_XML_TO_JSON_ADMIN->_AC_C_ENG_P_DEMO_XML_TO_JSON->_AC_W_ENG_P_DEMO_XML_TO_JSON->_AC_R_ENG_P_DEMO_XML_TO_JSON
ACCOUNTADMIN->SYSADMIN->_AC_C_ENG_P_DEMO_XML_TO_JSON->_AC_W_ENG_P_DEMO_XML_TO_JSON->_AC_R_ENG_P_DEMO_XML_TO_JSON
PST_WORKSPACE->SKE_P_DEMO->_AC_R_ENG_P_DEMO_XML_TO_JSON
SKE_P_DDM_HR_MGR->SKE_P_DDM_HR_CLERK->SKE_P_DEMO->_AC_R_ENG_P_DEMO_XML_TO_JSON",4,,False,2021-02-27T03:45:33.6410000-08:00,2021-02-27T11:45:33.6410000Z
_AC_R_SOP_P_DEMO_RBAC_GEN,SECURITYADMIN,Access,True,0,0,2,,,"_AC_W_SOP_P_DEMO_RBAC_GEN,SKE_P_DEMO","ACCOUNTADMIN->SYSADMIN->_AC_C_SOP_P_DEMO_RBAC_GEN->_AC_W_SOP_P_DEMO_RBAC_GEN->_AC_R_SOP_P_DEMO_RBAC_GEN
PST_WORKSPACE->SKE_P_DEMO->_AC_R_SOP_P_DEMO_RBAC_GEN
SKE_P_DDM_HR_MGR->SKE_P_DDM_HR_CLERK->SKE_P_DEMO->_AC_R_SOP_P_DEMO_RBAC_GEN",3,,False,2021-02-26T12:08:56.4610000-08:00,2021-02-26T20:08:56.4610000Z
_AC_R_SOP_P_DEMO_RLS,SECURITYADMIN,Access,True,0,0,2,,,"_AC_W_SOP_P_DEMO_RLS,SKE_P_DEMO","ACCOUNTADMIN->SYSADMIN->SOP_P_RLS_ADMIN->_AC_C_SOP_P_DEMO_RLS->_AC_W_SOP_P_DEMO_RLS->_AC_R_SOP_P_DEMO_RLS
ACCOUNTADMIN->SYSADMIN->_AC_C_SOP_P_DEMO_RLS->_AC_W_SOP_P_DEMO_RLS->_AC_R_SOP_P_DEMO_RLS
PST_WORKSPACE->SKE_P_DEMO->_AC_R_SOP_P_DEMO_RLS
SKE_P_DDM_HR_MGR->SKE_P_DDM_HR_CLERK->SKE_P_DEMO->_AC_R_SOP_P_DEMO_RLS",4,,False,2021-02-26T12:08:56.6970000-08:00,2021-02-26T20:08:56.6970000Z
_AC_U_SKE_P_ADHOC_BIG,SECURITYADMIN,Unknown,True,0,0,2,,,"_AC_O_SKE_P_ADHOC_BIG,SKE_P_DEMO","ACCOUNTADMIN->SYSADMIN->_AC_O_SKE_P_ADHOC_BIG->_AC_U_SKE_P_ADHOC_BIG
PST_WORKSPACE->SKE_P_DEMO->_AC_U_SKE_P_ADHOC_BIG
SKE_P_DDM_HR_MGR->SKE_P_DDM_HR_CLERK->SKE_P_DEMO->_AC_U_SKE_P_ADHOC_BIG",3,,False,2021-02-25T04:34:04.2020000-08:00,2021-02-25T12:34:04.2020000Z
_AC_U_SKE_P_ADHOC_TINY,SECURITYADMIN,Unknown,True,0,0,2,,,"_AC_O_SKE_P_ADHOC_TINY,SKE_P_DEMO","ACCOUNTADMIN->SYSADMIN->_AC_O_SKE_P_ADHOC_TINY->_AC_U_SKE_P_ADHOC_TINY
PST_WORKSPACE->SKE_P_DEMO->_AC_U_SKE_P_ADHOC_TINY
SKE_P_DDM_HR_MGR->SKE_P_DDM_HR_CLERK->SKE_P_DEMO->_AC_U_SKE_P_ADHOC_TINY",3,,False,2021-02-25T04:34:04.4020000-08:00,2021-02-25T12:34:04.4020000Z
