Name,GrantedTo,DirectAncestry,AncestryPaths,NumAncestryPaths,ImportantAncestor,Type
_AC_C_DSC_P_DEMO_SENTIMENT,DSC_P_SENTIMENT_ADMIN,DSC_P_SENTIMENT_ADMIN->_AC_C_DSC_P_DEMO_SENTIMENT,"ACCOUNTADMIN->SYSADMIN->DSC_P_SENTIMENT_ADMIN->_AC_C_DSC_P_DEMO_SENTIMENT
ACCOUNTADMIN->SYSADMIN->_AC_C_DSC_P_DEMO_SENTIMENT",2,,Access
_AC_O_SKE_P_ELT,DSC_P_SENTIMENT_ADMIN,DSC_P_SENTIMENT_ADMIN->_AC_O_SKE_P_ELT,"ACCOUNTADMIN->SYSADMIN->DOP_P_ALERTING_ADMIN->_AC_O_SKE_P_ELT
ACCOUNTADMIN->SYSADMIN->DOP_P_CLOUDWATCH_ADMIN->_AC_O_SKE_P_ELT
ACCOUNTADMIN->SYSADMIN->DOP_P_MONITOR_ADMIN->_AC_O_SKE_P_ELT
ACCOUNTADMIN->SYSADMIN->DSC_P_SENTIMENT_ADMIN->_AC_O_SKE_P_ELT
ACCOUNTADMIN->SYSADMIN->DSC_P_TWITTER_ADMIN->_AC_O_SKE_P_ELT
ACCOUNTADMIN->SYSADMIN->ENG_P_DATAGEN_ADMIN->_AC_O_SKE_P_ELT
ACCOUNTADMIN->SYSADMIN->ENG_P_XML_TO_JSON_ADMIN->_AC_O_SKE_P_ELT
ACCOUNTADMIN->SYSADMIN->SOP_P_DDM_ADMIN->_AC_O_SKE_P_ELT
ACCOUNTADMIN->SYSADMIN->SOP_P_RBAC_GEN_ADMIN->_AC_O_SKE_P_ELT
ACCOUNTADMIN->SYSADMIN->SOP_P_RLS_ADMIN->_AC_O_SKE_P_ELT
ACCOUNTADMIN->SYSADMIN->_AC_O_SKE_P_ELT",11,,Functional
_AC_R_DSC_P_DEMO_SENTIMENT,_AC_W_DSC_P_DEMO_SENTIMENT,_AC_W_DSC_P_DEMO_SENTIMENT->_AC_R_DSC_P_DEMO_SENTIMENT,"ACCOUNTADMIN->SYSADMIN->DSC_P_SENTIMENT_ADMIN->_AC_C_DSC_P_DEMO_SENTIMENT->_AC_W_DSC_P_DEMO_SENTIMENT->_AC_R_DSC_P_DEMO_SENTIMENT
ACCOUNTADMIN->SYSADMIN->_AC_C_DSC_P_DEMO_SENTIMENT->_AC_W_DSC_P_DEMO_SENTIMENT->_AC_R_DSC_P_DEMO_SENTIMENT
PST_WORKSPACE->SKE_P_DEMO->_AC_R_DSC_P_DEMO_SENTIMENT
SKE_P_DDM_HR_MGR->SKE_P_DDM_HR_CLERK->SKE_P_DEMO->_AC_R_DSC_P_DEMO_SENTIMENT",4,,Unknown
_AC_U_SKE_P_ELT,_AC_O_SKE_P_ELT,_AC_O_SKE_P_ELT->_AC_U_SKE_P_ELT,"ACCOUNTADMIN->SYSADMIN->DOP_P_ALERTING_ADMIN->_AC_O_SKE_P_ELT->_AC_U_SKE_P_ELT
ACCOUNTADMIN->SYSADMIN->DOP_P_CLOUDWATCH_ADMIN->_AC_O_SKE_P_ELT->_AC_U_SKE_P_ELT
ACCOUNTADMIN->SYSADMIN->DOP_P_MONITOR_ADMIN->_AC_O_SKE_P_ELT->_AC_U_SKE_P_ELT
ACCOUNTADMIN->SYSADMIN->DSC_P_SENTIMENT_ADMIN->_AC_O_SKE_P_ELT->_AC_U_SKE_P_ELT
ACCOUNTADMIN->SYSADMIN->DSC_P_TWITTER_ADMIN->_AC_O_SKE_P_ELT->_AC_U_SKE_P_ELT
ACCOUNTADMIN->SYSADMIN->ENG_P_DATAGEN_ADMIN->_AC_O_SKE_P_ELT->_AC_U_SKE_P_ELT
ACCOUNTADMIN->SYSADMIN->ENG_P_XML_TO_JSON_ADMIN->_AC_O_SKE_P_ELT->_AC_U_SKE_P_ELT
ACCOUNTADMIN->SYSADMIN->SOP_P_DDM_ADMIN->_AC_O_SKE_P_ELT->_AC_U_SKE_P_ELT
ACCOUNTADMIN->SYSADMIN->SOP_P_RBAC_GEN_ADMIN->_AC_O_SKE_P_ELT->_AC_U_SKE_P_ELT
ACCOUNTADMIN->SYSADMIN->SOP_P_RLS_ADMIN->_AC_O_SKE_P_ELT->_AC_U_SKE_P_ELT
ACCOUNTADMIN->SYSADMIN->_AC_O_SKE_P_ELT->_AC_U_SKE_P_ELT",11,,Unknown
_AC_W_DSC_P_DEMO_SENTIMENT,_AC_C_DSC_P_DEMO_SENTIMENT,_AC_C_DSC_P_DEMO_SENTIMENT->_AC_W_DSC_P_DEMO_SENTIMENT,"ACCOUNTADMIN->SYSADMIN->DSC_P_SENTIMENT_ADMIN->_AC_C_DSC_P_DEMO_SENTIMENT->_AC_W_DSC_P_DEMO_SENTIMENT
ACCOUNTADMIN->SYSADMIN->_AC_C_DSC_P_DEMO_SENTIMENT->_AC_W_DSC_P_DEMO_SENTIMENT",2,,Functional
DSC_P_SENTIMENT_ADMIN,SYSADMIN,SYSADMIN->DSC_P_SENTIMENT_ADMIN,ACCOUNTADMIN->SYSADMIN->DSC_P_SENTIMENT_ADMIN,1,,Functional
SYSADMIN,ACCOUNTADMIN,ACCOUNTADMIN->SYSADMIN,ACCOUNTADMIN->SYSADMIN,1,,BuiltIn
