Name,GrantedTo,DirectAncestry,AncestryPaths,NumAncestryPaths,ImportantAncestor,Type
_AC_C_SOP_P_DEMO_RBAC_GEN,SYSADMIN,SYSADMIN->_AC_C_SOP_P_DEMO_RBAC_GEN,ACCOUNTADMIN->SYSADMIN->_AC_C_SOP_P_DEMO_RBAC_GEN,1,,Access
_AC_R_SOP_P_DEMO_RBAC_GEN,_AC_W_SOP_P_DEMO_RBAC_GEN,_AC_W_SOP_P_DEMO_RBAC_GEN->_AC_R_SOP_P_DEMO_RBAC_GEN,"ACCOUNTADMIN->SYSADMIN->_AC_C_SOP_P_DEMO_RBAC_GEN->_AC_W_SOP_P_DEMO_RBAC_GEN->_AC_R_SOP_P_DEMO_RBAC_GEN
PST_WORKSPACE->SKE_P_DEMO->_AC_R_SOP_P_DEMO_RBAC_GEN
SKE_P_DDM_HR_MGR->SKE_P_DDM_HR_CLERK->SKE_P_DEMO->_AC_R_SOP_P_DEMO_RBAC_GEN",3,,Access
_AC_R_SOP_P_DEMO_RBAC_GEN,SKE_P_DEMO,SKE_P_DEMO->_AC_R_SOP_P_DEMO_RBAC_GEN,"ACCOUNTADMIN->SYSADMIN->_AC_C_SOP_P_DEMO_RBAC_GEN->_AC_W_SOP_P_DEMO_RBAC_GEN->_AC_R_SOP_P_DEMO_RBAC_GEN
PST_WORKSPACE->SKE_P_DEMO->_AC_R_SOP_P_DEMO_RBAC_GEN
SKE_P_DDM_HR_MGR->SKE_P_DDM_HR_CLERK->SKE_P_DEMO->_AC_R_SOP_P_DEMO_RBAC_GEN",3,,Access
_AC_W_SOP_P_DEMO_RBAC_GEN,_AC_C_SOP_P_DEMO_RBAC_GEN,_AC_C_SOP_P_DEMO_RBAC_GEN->_AC_W_SOP_P_DEMO_RBAC_GEN,ACCOUNTADMIN->SYSADMIN->_AC_C_SOP_P_DEMO_RBAC_GEN->_AC_W_SOP_P_DEMO_RBAC_GEN,1,,Access
SKE_P_DDM_HR_CLERK,SKE_P_DDM_HR_MGR,SKE_P_DDM_HR_MGR->SKE_P_DDM_HR_CLERK,SKE_P_DDM_HR_MGR->SKE_P_DDM_HR_CLERK,1,,FunctionalNotUnderSysadmin
SKE_P_DEMO,PST_WORKSPACE,PST_WORKSPACE->SKE_P_DEMO,"PST_WORKSPACE->SKE_P_DEMO
SKE_P_DDM_HR_MGR->SKE_P_DDM_HR_CLERK->SKE_P_DEMO",2,,FunctionalNotUnderSysadmin
SKE_P_DEMO,SKE_P_DDM_HR_CLERK,SKE_P_DDM_HR_CLERK->SKE_P_DEMO,"PST_WORKSPACE->SKE_P_DEMO
SKE_P_DDM_HR_MGR->SKE_P_DDM_HR_CLERK->SKE_P_DEMO",2,,FunctionalNotUnderSysadmin
SYSADMIN,ACCOUNTADMIN,ACCOUNTADMIN->SYSADMIN,ACCOUNTADMIN->SYSADMIN,1,,BuiltIn
