Name,Owner,Type,IsInherited,NumAssignedUsers,NumChildRoles,NumParentRoles,AssignedUsers,ChildRoles,ParentRoles,AncestryPaths,NumAncestryPaths,Comment,IsObjectIdentifierSpecialCharacters,CreatedOn,CreatedOnUTC
_AC_C_DOP_P_DEMO_MONITOR,SECURITYADMIN,Access,False,0,1,2,,_AC_W_DOP_P_DEMO_MONITOR,"DOP_P_MONITOR_ADMIN,SYSADMIN","ACCOUNTADMIN->SYSADMIN->DOP_P_MONITOR_ADMIN->_AC_C_DOP_P_DEMO_MONITOR
ACCOUNTADMIN->SYSADMIN->_AC_C_DOP_P_DEMO_MONITOR",2,,False,2021-02-25T04:15:30.0100000-08:00,2021-02-25T12:15:30.0100000Z
DOP_P_MONITOR_ADMIN,SECURITYADMIN,Functional,False,1,4,1,JBRODY_SKE,"_AC_C_DOP_P_DEMO_MONITOR,_AC_O_SKE_P_ELT,_AC_R_DOP_P_DEMO_ALERTING,_AC_X_TASK_ADMIN",SYSADMIN,ACCOUNTADMIN->SYSADMIN->DOP_P_MONITOR_ADMIN,1,,False,2021-02-25T04:30:45.3280000-08:00,2021-02-25T12:30:45.3280000Z
SYSADMIN,,BuiltIn,False,4,28,1,"BMORRISON_SKE,EROESCH_SKE,JBRODY_SKE,JBRODY_SKE","_AC_C_COM_P_UTIL,_AC_C_COM_P_UTIL_DB_SCH_BR,_AC_C_DOP_P_DEMO_ALERTING,_AC_C_DOP_P_DEMO_CLOUDWATCH,_AC_C_DOP_P_DEMO_MONITOR,_AC_C_DSC_P_DEMO_SENTIMENT,_AC_C_DSC_P_DEMO_TWITTER,_AC_C_ENG_P_DEMO_DATAGEN,_AC_C_ENG_P_DEMO_XML_TO_JSON,_AC_C_SKE_P_WRK,_AC_C_SOP_P_DEMO_DDM,_AC_C_SOP_P_DEMO_RBAC_GEN,_AC_C_SOP_P_DEMO_RLS,_AC_C_SOP_P_MSTR_DDM,_AC_O_SKE_P_ADHOC_BIG,_AC_O_SKE_P_ADHOC_TINY,_AC_O_SKE_P_ELT,_AC_X_TASK_ADMIN,DOP_P_ALERTING_ADMIN,DOP_P_CLOUDWATCH_ADMIN,DOP_P_MONITOR_ADMIN,DSC_P_SENTIMENT_ADMIN,DSC_P_TWITTER_ADMIN,ENG_P_DATAGEN_ADMIN,ENG_P_XML_TO_JSON_ADMIN,SOP_P_DDM_ADMIN,SOP_P_RBAC_GEN_ADMIN,SOP_P_RLS_ADMIN",ACCOUNTADMIN,ACCOUNTADMIN->SYSADMIN,1,System administrator can create and manage databases and warehouses.,False,2020-10-19T12:09:03.4400000-07:00,2020-10-19T19:09:03.4400000Z
ACCOUNTADMIN,,BuiltIn,False,3,3,0,"BMORRISON_SKE,EROESCH_SKE,SCOOMBES_SKE","OKTA_PROVISIONER,SECURITYADMIN,SYSADMIN",,ACCOUNTADMIN,1,Account administrator can manage all aspects of the account.,False,2020-10-19T12:09:03.4120000-07:00,2020-10-19T19:09:03.4120000Z
_AC_W_DOP_P_DEMO_MONITOR,SECURITYADMIN,Access,False,0,1,1,,_AC_R_DOP_P_DEMO_MONITOR,_AC_C_DOP_P_DEMO_MONITOR,"ACCOUNTADMIN->SYSADMIN->DOP_P_MONITOR_ADMIN->_AC_C_DOP_P_DEMO_MONITOR->_AC_W_DOP_P_DEMO_MONITOR
ACCOUNTADMIN->SYSADMIN->_AC_C_DOP_P_DEMO_MONITOR->_AC_W_DOP_P_DEMO_MONITOR",2,,False,2021-02-25T04:15:29.8160000-08:00,2021-02-25T12:15:29.8160000Z
_AC_R_DOP_P_DEMO_MONITOR,SECURITYADMIN,Access,True,0,0,2,,,"_AC_W_DOP_P_DEMO_MONITOR,SKE_P_DEMO","ACCOUNTADMIN->SYSADMIN->DOP_P_MONITOR_ADMIN->_AC_C_DOP_P_DEMO_MONITOR->_AC_W_DOP_P_DEMO_MONITOR->_AC_R_DOP_P_DEMO_MONITOR
ACCOUNTADMIN->SYSADMIN->_AC_C_DOP_P_DEMO_MONITOR->_AC_W_DOP_P_DEMO_MONITOR->_AC_R_DOP_P_DEMO_MONITOR
PST_WORKSPACE->SKE_P_DEMO->_AC_R_DOP_P_DEMO_MONITOR
SKE_P_DDM_HR_MGR->SKE_P_DDM_HR_CLERK->SKE_P_DEMO->_AC_R_DOP_P_DEMO_MONITOR",4,,False,2021-02-25T04:15:29.5870000-08:00,2021-02-25T12:15:29.5870000Z
