Name,GrantedTo,DirectAncestry,AncestryPaths,NumAncestryPaths,ImportantAncestor,Type
_AC_X_TASK_ADMIN,DOP_P_MONITOR_ADMIN,DOP_P_MONITOR_ADMIN->_AC_X_TASK_ADMIN,"ACCOUNTADMIN->SYSADMIN->DOP_P_MONITOR_ADMIN->_AC_X_TASK_ADMIN
SKE_P_UTIL_ADMIN->_AC_X_TASK_ADMIN
ACCOUNTADMIN->SYSADMIN->_AC_X_TASK_ADMIN",3,,Unknown
_AC_X_TASK_ADMIN,SKE_P_UTIL_ADMIN,SKE_P_UTIL_ADMIN->_AC_X_TASK_ADMIN,"ACCOUNTADMIN->SYSADMIN->DOP_P_MONITOR_ADMIN->_AC_X_TASK_ADMIN
SKE_P_UTIL_ADMIN->_AC_X_TASK_ADMIN
ACCOUNTADMIN->SYSADMIN->_AC_X_TASK_ADMIN",3,,Unknown
_AC_X_TASK_ADMIN,SYSADMIN,SYSADMIN->_AC_X_TASK_ADMIN,"ACCOUNTADMIN->SYSADMIN->DOP_P_MONITOR_ADMIN->_AC_X_TASK_ADMIN
SKE_P_UTIL_ADMIN->_AC_X_TASK_ADMIN
ACCOUNTADMIN->SYSADMIN->_AC_X_TASK_ADMIN",3,,Unknown
DOP_P_MONITOR_ADMIN,SYSADMIN,SYSADMIN->DOP_P_MONITOR_ADMIN,ACCOUNTADMIN->SYSADMIN->DOP_P_MONITOR_ADMIN,1,,Functional
SYSADMIN,ACCOUNTADMIN,ACCOUNTADMIN->SYSADMIN,ACCOUNTADMIN->SYSADMIN,1,,BuiltIn
