Name,GrantedTo,DirectAncestry,AncestryPaths,NumAncestryPaths,ImportantAncestor,Type
_AC_C_DSC_P_DEMO_SENTIMENT,DSC_P_SENTIMENT_ADMIN,DSC_P_SENTIMENT_ADMIN->_AC_C_DSC_P_DEMO_SENTIMENT,"ACCOUNTADMIN->SYSADMIN->DSC_P_SENTIMENT_ADMIN->_AC_C_DSC_P_DEMO_SENTIMENT
ACCOUNTADMIN->SYSADMIN->_AC_C_DSC_P_DEMO_SENTIMENT",2,,Access
_AC_C_DSC_P_DEMO_SENTIMENT,SYSADMIN,SYSADMIN->_AC_C_DSC_P_DEMO_SENTIMENT,"ACCOUNTADMIN->SYSADMIN->DSC_P_SENTIMENT_ADMIN->_AC_C_DSC_P_DEMO_SENTIMENT
ACCOUNTADMIN->SYSADMIN->_AC_C_DSC_P_DEMO_SENTIMENT",2,,Access
_AC_R_DSC_P_DEMO_SENTIMENT,_AC_W_DSC_P_DEMO_SENTIMENT,_AC_W_DSC_P_DEMO_SENTIMENT->_AC_R_DSC_P_DEMO_SENTIMENT,"ACCOUNTADMIN->SYSADMIN->DSC_P_SENTIMENT_ADMIN->_AC_C_DSC_P_DEMO_SENTIMENT->_AC_W_DSC_P_DEMO_SENTIMENT->_AC_R_DSC_P_DEMO_SENTIMENT
ACCOUNTADMIN->SYSADMIN->_AC_C_DSC_P_DEMO_SENTIMENT->_AC_W_DSC_P_DEMO_SENTIMENT->_AC_R_DSC_P_DEMO_SENTIMENT
PST_WORKSPACE->SKE_P_DEMO->_AC_R_DSC_P_DEMO_SENTIMENT
SKE_P_DDM_HR_MGR->SKE_P_DDM_HR_CLERK->SKE_P_DEMO->_AC_R_DSC_P_DEMO_SENTIMENT",4,,Unknown
_AC_W_DSC_P_DEMO_SENTIMENT,_AC_C_DSC_P_DEMO_SENTIMENT,_AC_C_DSC_P_DEMO_SENTIMENT->_AC_W_DSC_P_DEMO_SENTIMENT,"ACCOUNTADMIN->SYSADMIN->DSC_P_SENTIMENT_ADMIN->_AC_C_DSC_P_DEMO_SENTIMENT->_AC_W_DSC_P_DEMO_SENTIMENT
ACCOUNTADMIN->SYSADMIN->_AC_C_DSC_P_DEMO_SENTIMENT->_AC_W_DSC_P_DEMO_SENTIMENT",2,,Functional
DSC_P_SENTIMENT_ADMIN,SYSADMIN,SYSADMIN->DSC_P_SENTIMENT_ADMIN,ACCOUNTADMIN->SYSADMIN->DSC_P_SENTIMENT_ADMIN,1,,Functional
SYSADMIN,ACCOUNTADMIN,ACCOUNTADMIN->SYSADMIN,ACCOUNTADMIN->SYSADMIN,1,,BuiltIn
