Name,Owner,Type,IsInherited,NumAssignedUsers,NumChildRoles,NumParentRoles,AssignedUsers,ChildRoles,ParentRoles,AncestryPaths,NumAncestryPaths,Comment,IsObjectIdentifierSpecialCharacters,CreatedOn,CreatedOnUTC
_AC_R_DOP_P_DEMO_CLOUDWATCH,SECURITYADMIN,Unknown,True,0,0,2,,,"_AC_W_DOP_P_DEMO_CLOUDWATCH,SKE_P_DEMO","ACCOUNTADMIN->SYSADMIN->DOP_P_CLOUDWATCH_ADMIN->_AC_C_DOP_P_DEMO_CLOUDWATCH->_AC_W_DOP_P_DEMO_CLOUDWATCH->_AC_R_DOP_P_DEMO_CLOUDWATCH
ACCOUNTADMIN->SYSADMIN->_AC_C_DOP_P_DEMO_CLOUDWATCH->_AC_W_DOP_P_DEMO_CLOUDWATCH->_AC_R_DOP_P_DEMO_CLOUDWATCH
PST_WORKSPACE->SKE_P_DEMO->_AC_R_DOP_P_DEMO_CLOUDWATCH
SKE_P_DDM_HR_MGR->SKE_P_DDM_HR_CLERK->SKE_P_DEMO->_AC_R_DOP_P_DEMO_CLOUDWATCH",4,,False,2021-02-27T04:03:19.0070000-08:00,2021-02-27T12:03:19.0070000Z
_AC_W_DOP_P_DEMO_CLOUDWATCH,SECURITYADMIN,Functional,False,0,1,1,,_AC_R_DOP_P_DEMO_CLOUDWATCH,_AC_C_DOP_P_DEMO_CLOUDWATCH,"ACCOUNTADMIN->SYSADMIN->DOP_P_CLOUDWATCH_ADMIN->_AC_C_DOP_P_DEMO_CLOUDWATCH->_AC_W_DOP_P_DEMO_CLOUDWATCH
ACCOUNTADMIN->SYSADMIN->_AC_C_DOP_P_DEMO_CLOUDWATCH->_AC_W_DOP_P_DEMO_CLOUDWATCH",2,,False,2021-02-27T04:03:19.1960000-08:00,2021-02-27T12:03:19.1960000Z
_AC_C_DOP_P_DEMO_CLOUDWATCH,SECURITYADMIN,Functional,False,0,1,2,,_AC_W_DOP_P_DEMO_CLOUDWATCH,"DOP_P_CLOUDWATCH_ADMIN,SYSADMIN","ACCOUNTADMIN->SYSADMIN->DOP_P_CLOUDWATCH_ADMIN->_AC_C_DOP_P_DEMO_CLOUDWATCH
ACCOUNTADMIN->SYSADMIN->_AC_C_DOP_P_DEMO_CLOUDWATCH",2,,False,2021-02-27T04:03:18.8050000-08:00,2021-02-27T12:03:18.8050000Z
DOP_P_CLOUDWATCH_ADMIN,SECURITYADMIN,Functional,False,0,2,1,,"_AC_C_DOP_P_DEMO_CLOUDWATCH,_AC_O_SKE_P_ELT",SYSADMIN,ACCOUNTADMIN->SYSADMIN->DOP_P_CLOUDWATCH_ADMIN,1,,False,2021-02-27T04:01:01.7660000-08:00,2021-02-27T12:01:01.7660000Z
SYSADMIN,,BuiltIn,False,4,28,1,"BMORRISON_SKE,EROESCH_SKE,JBRODY_SKE,JBRODY_SKE","_AC_C_COM_P_UTIL,_AC_C_COM_P_UTIL_DB_SCH_BR,_AC_C_DOP_P_DEMO_ALERTING,_AC_C_DOP_P_DEMO_CLOUDWATCH,_AC_C_DOP_P_DEMO_MONITOR,_AC_C_DSC_P_DEMO_SENTIMENT,_AC_C_DSC_P_DEMO_TWITTER,_AC_C_ENG_P_DEMO_DATAGEN,_AC_C_ENG_P_DEMO_XML_TO_JSON,_AC_C_SKE_P_WRK,_AC_C_SOP_P_DEMO_DDM,_AC_C_SOP_P_DEMO_RBAC_GEN,_AC_C_SOP_P_DEMO_RLS,_AC_C_SOP_P_MSTR_DDM,_AC_O_SKE_P_ADHOC_BIG,_AC_O_SKE_P_ADHOC_TINY,_AC_O_SKE_P_ELT,_AC_X_TASK_ADMIN,DOP_P_ALERTING_ADMIN,DOP_P_CLOUDWATCH_ADMIN,DOP_P_MONITOR_ADMIN,DSC_P_SENTIMENT_ADMIN,DSC_P_TWITTER_ADMIN,ENG_P_DATAGEN_ADMIN,ENG_P_XML_TO_JSON_ADMIN,SOP_P_DDM_ADMIN,SOP_P_RBAC_GEN_ADMIN,SOP_P_RLS_ADMIN",ACCOUNTADMIN,ACCOUNTADMIN->SYSADMIN,1,System administrator can create and manage databases and warehouses.,False,2020-10-19T12:09:03.4400000-07:00,2020-10-19T19:09:03.4400000Z
ACCOUNTADMIN,,BuiltIn,False,3,3,0,"BMORRISON_SKE,EROESCH_SKE,SCOOMBES_SKE","OKTA_PROVISIONER,SECURITYADMIN,SYSADMIN",,ACCOUNTADMIN,1,Account administrator can manage all aspects of the account.,False,2020-10-19T12:09:03.4120000-07:00,2020-10-19T19:09:03.4120000Z
SKE_P_DEMO,OKTA_PROVISIONER,FunctionalNotUnderSysadmin,False,170,11,2,"A.RAJOLAPESCARINI,ABHITEJ.GOPIREDDY,ADAM.CROSBY,ALBIE.KOTZE,ALEXANDER.KHOKHLOV,ALINA.ESQUIVEL,ALISTAIR.JAYNE-COUPE,AMAR.AVULA,ANDRAS.FEHER,ANDREAS.LISKES,ANDREW.OH,ANDY.BLANCO,ANNE.SIDARI,ANTHONY.FOOTE,ARIHANT.JAIN,ARINDAM.GUHA,ARUN.MUNIYANDI,AVINASH.SINGH,BALA.SHANKAR,BEN.STATON,BENEDIKT.ENGEL,BING.CHEN,BISHAM.HARAH,BOB.MORRISON,BRETT.BALOUN,BROOKE.BOWIE,BRYAN.PLANTES,C.BRETSCHNEIDER,C.CHRISTOPHORIDIS,CARL.MARTIN,CARRIE.GOTT,CATALIN.BOBARNAC,CHASE.ROMANO,CHRISTIAN.BRAUN,CHUCK.DIEWALD,COLLIN.CANNON,CUONG.NGUYENTIEN,DAN.FLIPPO,DANIEL.ODIEVICH,DANIEL.SANDLER,DANNY.BRYANT,DARIN.BRISKMAN,DAVID.TEPLOW,DELAN.DESILVA,DENNIS.PARTIN,DEREK.CARLSON,DHARMENDRA.SHAVKANI,DONNA.ALCANTARA,DUSTY.MANGUM,ELENA.GORYAINOVA,ERIC.BELL,ERIC.LETHIER,ERICK.ROESCH,ERIKA.BAKSE,EROESCH_SKE,GAUTAM.BHAWSAR,GENE.FURIBONDO,GINA.BLAND,GINNY.WONG,GOVARDHAN.KATIREDDY,GREG.MARRON,GREGORY.SITZMAN,GURSOY.YERLI,HARISH.PARAMESWARAN,HILDA.DAVIES,IAN.FICKLING,IHOR.KARBOVSKYY,JAAKKO.LEVOMAKI,JACKIE.CHANDLER,JAI.PARMAR,JAMES.BRODY,JAMEY.PHILLIPS,JASON.SNYDER,JBRODY_SKE,JEDIDIAH.RAJBHUSHAN,JERRY.LOCKE,JIM.DEMITRIOU,JOANNA.JOHNSTON,JOHN.ADAMS,JOHN.DACOSTA,JOHN.RYAN,JOSHUA.SKARPHOL,JUSTINE.MCGONAGLE,KALA.GOVINDARAJAN,KEITH.HOYLE,KEITH.SMITH,KETAN.JANI,KHALID.REHMAN,KIM.TE,KISHORE.TATAVARTHI,KUMARAN.RAGHUNATHAN,LISA.CARDER,LYDIA.MANCINI,MAGNUS.HOOK,MAHE.DURAISWAMI,MARC.HENDERSON,MARCEL.MARRAS,MARCIN.KULAKOWSKI,MARION.BROWN,MARK.MAYO,MARTEN.PAULSSON,MARTIN.BADROCK,MATT.BRADY,MATT.PROCTOR,MATTHEW.KVANCZ,MATTHEW.STORA,MATTHEW.WIDEMAN,MAURICE.SAAH,MEI.LEE,MELINDA.WEBSTER,MICHAEL.GOODMAN,MICHAEL.HENSON,MICHAEL.RAINEY,MICHAEL.VANFOSSEN,MICHAEL.WALTON,MIKE.DONOVAN,MIKE.GOHL,MIKHAIL.FERNANDEZ,MINEAKI.MOTOHASHI,MRIDUL.JHUNJHUNWALA,MURALI.MADHUSUDANA,NAVEEN.CHINTHAPALLY,OMAR.AKIL,P.PURUSHOTHAMAN,PARESH.ADHIA,PAUL.MARIC,PETER.CAULFIELD,PETR.NEJTEK,PHILIPPE.TORRES,PRATEEK.PARASHAR,R.SREENIVASAN,RADX.RADHAKRISHNAN,RALPH.DREILICH,RAMAK.AFLATOONI,RANDY.SEERDEN,RATHEESH.NELLIKAL,RAUL.GONZALEZ,RAVI.KRISHNASWAMI,REDA.BERRADA,RICARDO.ALVAREZ,RICHARD.MORWOOD,RICHARD.MURNANE,ROBERT.TRENKAMP,RYAN.BARNES,SALVADOR.MARTINEZ,SAMIT.JAIN,SANKEY.ALEXANDER,SCOTT.REDDING,SEAN.HICKEY,SHARVAN.KUMAR,SHAWN.RAMSEY,SIMON.COOMBES,SUBHASH.BANDLA,SUNNY.MALIK,SURAJ.RAJAN,TED.BRACKIN,TED.READYHOUGH,THOMAS.CHURCHILL,THOMAS.MOORE,TIM.SALCH,TRAVIS.STERNER,UDAY.KALATHIA,UWE.HALBAUER,VINCENT.DELANY,VIVEK.DIWADE,WILL.RILEY,WRAY.FUCCI,YANG.LIU,ZACK.HOWE,ZHENG.LI","_AC_R_DOP_P_DEMO_ALERTING,_AC_R_DOP_P_DEMO_CLOUDWATCH,_AC_R_DOP_P_DEMO_MONITOR,_AC_R_DSC_P_DEMO_SENTIMENT,_AC_R_DSC_P_DEMO_TWITTER,_AC_R_ENG_P_DEMO_DATAGEN,_AC_R_ENG_P_DEMO_XML_TO_JSON,_AC_R_SOP_P_DEMO_RBAC_GEN,_AC_R_SOP_P_DEMO_RLS,_AC_U_SKE_P_ADHOC_BIG,_AC_U_SKE_P_ADHOC_TINY","PST_WORKSPACE,SKE_P_DDM_HR_CLERK","PST_WORKSPACE->SKE_P_DEMO
SKE_P_DDM_HR_MGR->SKE_P_DDM_HR_CLERK->SKE_P_DEMO",2,,False,2021-02-26T11:09:30.7330000-08:00,2021-02-26T19:09:30.7330000Z
PST_WORKSPACE,SECURITYADMIN,FunctionalNotUnderSysadmin,False,0,2,0,,"_AC_C_SKE_P_WRK,SKE_P_DEMO",,PST_WORKSPACE,1,,False,2021-02-27T04:00:59.7920000-08:00,2021-02-27T12:00:59.7920000Z
SKE_P_DDM_HR_CLERK,SECURITYADMIN,FunctionalNotUnderSysadmin,False,1,1,1,EROESCH_SKE,SKE_P_DEMO,SKE_P_DDM_HR_MGR,SKE_P_DDM_HR_MGR->SKE_P_DDM_HR_CLERK,1,,False,2021-03-01T04:36:55.9440000-08:00,2021-03-01T12:36:55.9440000Z
SKE_P_DDM_HR_MGR,SECURITYADMIN,FunctionalNotUnderSysadmin,False,1,1,0,EROESCH_SKE,SKE_P_DDM_HR_CLERK,,SKE_P_DDM_HR_MGR,1,,False,2021-03-01T04:40:21.9210000-08:00,2021-03-01T12:40:21.9210000Z
