Name,Owner,Type,IsInherited,NumAssignedUsers,NumChildRoles,NumParentRoles,AssignedUsers,ChildRoles,ParentRoles,AncestryPaths,NumAncestryPaths,Comment,IsObjectIdentifierSpecialCharacters,CreatedOn,CreatedOnUTC
_AC_C_SKE_P_WRK,SECURITYADMIN,Functional,False,0,1,2,,_AC_W_SKE_P_WRK,"PST_WORKSPACE,SYSADMIN","PST_WORKSPACE->_AC_C_SKE_P_WRK
ACCOUNTADMIN->SYSADMIN->_AC_C_SKE_P_WRK",2,,False,2021-02-23T14:12:50.3670000-08:00,2021-02-23T22:12:50.3670000Z
PST_WORKSPACE,SECURITYADMIN,FunctionalNotUnderSysadmin,False,0,2,0,,"_AC_C_SKE_P_WRK,SKE_P_DEMO",,PST_WORKSPACE,1,,False,2021-02-27T04:00:59.7920000-08:00,2021-02-27T12:00:59.7920000Z
SYSADMIN,,BuiltIn,False,4,28,1,"BMORRISON_SKE,EROESCH_SKE,JBRODY_SKE,JBRODY_SKE","_AC_C_COM_P_UTIL,_AC_C_COM_P_UTIL_DB_SCH_BR,_AC_C_DOP_P_DEMO_ALERTING,_AC_C_DOP_P_DEMO_CLOUDWATCH,_AC_C_DOP_P_DEMO_MONITOR,_AC_C_DSC_P_DEMO_SENTIMENT,_AC_C_DSC_P_DEMO_TWITTER,_AC_C_ENG_P_DEMO_DATAGEN,_AC_C_ENG_P_DEMO_XML_TO_JSON,_AC_C_SKE_P_WRK,_AC_C_SOP_P_DEMO_DDM,_AC_C_SOP_P_DEMO_RBAC_GEN,_AC_C_SOP_P_DEMO_RLS,_AC_C_SOP_P_MSTR_DDM,_AC_O_SKE_P_ADHOC_BIG,_AC_O_SKE_P_ADHOC_TINY,_AC_O_SKE_P_ELT,_AC_X_TASK_ADMIN,DOP_P_ALERTING_ADMIN,DOP_P_CLOUDWATCH_ADMIN,DOP_P_MONITOR_ADMIN,DSC_P_SENTIMENT_ADMIN,DSC_P_TWITTER_ADMIN,ENG_P_DATAGEN_ADMIN,ENG_P_XML_TO_JSON_ADMIN,SOP_P_DDM_ADMIN,SOP_P_RBAC_GEN_ADMIN,SOP_P_RLS_ADMIN",ACCOUNTADMIN,ACCOUNTADMIN->SYSADMIN,1,System administrator can create and manage databases and warehouses.,False,2020-10-19T12:09:03.4400000-07:00,2020-10-19T19:09:03.4400000Z
ACCOUNTADMIN,,BuiltIn,False,3,3,0,"BMORRISON_SKE,EROESCH_SKE,SCOOMBES_SKE","OKTA_PROVISIONER,SECURITYADMIN,SYSADMIN",,ACCOUNTADMIN,1,Account administrator can manage all aspects of the account.,False,2020-10-19T12:09:03.4120000-07:00,2020-10-19T19:09:03.4120000Z
_AC_W_SKE_P_WRK,SECURITYADMIN,Functional,False,0,1,1,,_AC_R_SKE_P_WRK,_AC_C_SKE_P_WRK,"PST_WORKSPACE->_AC_C_SKE_P_WRK->_AC_W_SKE_P_WRK
ACCOUNTADMIN->SYSADMIN->_AC_C_SKE_P_WRK->_AC_W_SKE_P_WRK",2,,False,2021-02-23T14:12:50.1950000-08:00,2021-02-23T22:12:50.1950000Z
_AC_R_SKE_P_WRK,SECURITYADMIN,Unknown,False,0,0,1,,,_AC_W_SKE_P_WRK,"PST_WORKSPACE->_AC_C_SKE_P_WRK->_AC_W_SKE_P_WRK->_AC_R_SKE_P_WRK
ACCOUNTADMIN->SYSADMIN->_AC_C_SKE_P_WRK->_AC_W_SKE_P_WRK->_AC_R_SKE_P_WRK",2,,False,2021-02-23T14:12:50.0040000-08:00,2021-02-23T22:12:50.0040000Z
