Name,GrantedTo,DirectAncestry,AncestryPaths,NumAncestryPaths,ImportantAncestor,Type
_AC_C_SOP_P_DEMO_RLS,SOP_P_RLS_ADMIN,SOP_P_RLS_ADMIN->_AC_C_SOP_P_DEMO_RLS,"ACCOUNTADMIN->SYSADMIN->SOP_P_RLS_ADMIN->_AC_C_SOP_P_DEMO_RLS
ACCOUNTADMIN->SYSADMIN->_AC_C_SOP_P_DEMO_RLS",2,,Access
_AC_O_SKE_P_ELT,SOP_P_RLS_ADMIN,SOP_P_RLS_ADMIN->_AC_O_SKE_P_ELT,"ACCOUNTADMIN->SYSADMIN->DOP_P_ALERTING_ADMIN->_AC_O_SKE_P_ELT
ACCOUNTADMIN->SYSADMIN->DOP_P_CLOUDWATCH_ADMIN->_AC_O_SKE_P_ELT
ACCOUNTADMIN->SYSADMIN->DOP_P_MONITOR_ADMIN->_AC_O_SKE_P_ELT
ACCOUNTADMIN->SYSADMIN->DSC_P_SENTIMENT_ADMIN->_AC_O_SKE_P_ELT
ACCOUNTADMIN->SYSADMIN->DSC_P_TWITTER_ADMIN->_AC_O_SKE_P_ELT
ACCOUNTADMIN->SYSADMIN->ENG_P_DATAGEN_ADMIN->_AC_O_SKE_P_ELT
ACCOUNTADMIN->SYSADMIN->ENG_P_XML_TO_JSON_ADMIN->_AC_O_SKE_P_ELT
ACCOUNTADMIN->SYSADMIN->SOP_P_DDM_ADMIN->_AC_O_SKE_P_ELT
ACCOUNTADMIN->SYSADMIN->SOP_P_RBAC_GEN_ADMIN->_AC_O_SKE_P_ELT
ACCOUNTADMIN->SYSADMIN->SOP_P_RLS_ADMIN->_AC_O_SKE_P_ELT
ACCOUNTADMIN->SYSADMIN->_AC_O_SKE_P_ELT",11,,Functional
_AC_R_ENG_P_DEMO_DATAGEN,SOP_P_RLS_ADMIN,SOP_P_RLS_ADMIN->_AC_R_ENG_P_DEMO_DATAGEN,"ACCOUNTADMIN->SYSADMIN->ENG_P_DATAGEN_ADMIN->_AC_C_ENG_P_DEMO_DATAGEN->_AC_W_ENG_P_DEMO_DATAGEN->_AC_R_ENG_P_DEMO_DATAGEN
ACCOUNTADMIN->SYSADMIN->_AC_C_ENG_P_DEMO_DATAGEN->_AC_W_ENG_P_DEMO_DATAGEN->_AC_R_ENG_P_DEMO_DATAGEN
PST_WORKSPACE->SKE_P_DEMO->_AC_R_ENG_P_DEMO_DATAGEN
SKE_P_DDM_HR_MGR->SKE_P_DDM_HR_CLERK->SKE_P_DEMO->_AC_R_ENG_P_DEMO_DATAGEN
ACCOUNTADMIN->SYSADMIN->SOP_P_RLS_ADMIN->_AC_R_ENG_P_DEMO_DATAGEN",5,,Unknown
_AC_R_SOP_P_DEMO_RLS,_AC_W_SOP_P_DEMO_RLS,_AC_W_SOP_P_DEMO_RLS->_AC_R_SOP_P_DEMO_RLS,"ACCOUNTADMIN->SYSADMIN->SOP_P_RLS_ADMIN->_AC_C_SOP_P_DEMO_RLS->_AC_W_SOP_P_DEMO_RLS->_AC_R_SOP_P_DEMO_RLS
ACCOUNTADMIN->SYSADMIN->_AC_C_SOP_P_DEMO_RLS->_AC_W_SOP_P_DEMO_RLS->_AC_R_SOP_P_DEMO_RLS
PST_WORKSPACE->SKE_P_DEMO->_AC_R_SOP_P_DEMO_RLS
SKE_P_DDM_HR_MGR->SKE_P_DDM_HR_CLERK->SKE_P_DEMO->_AC_R_SOP_P_DEMO_RLS",4,,Access
_AC_U_SKE_P_ELT,_AC_O_SKE_P_ELT,_AC_O_SKE_P_ELT->_AC_U_SKE_P_ELT,"ACCOUNTADMIN->SYSADMIN->DOP_P_ALERTING_ADMIN->_AC_O_SKE_P_ELT->_AC_U_SKE_P_ELT
ACCOUNTADMIN->SYSADMIN->DOP_P_CLOUDWATCH_ADMIN->_AC_O_SKE_P_ELT->_AC_U_SKE_P_ELT
ACCOUNTADMIN->SYSADMIN->DOP_P_MONITOR_ADMIN->_AC_O_SKE_P_ELT->_AC_U_SKE_P_ELT
ACCOUNTADMIN->SYSADMIN->DSC_P_SENTIMENT_ADMIN->_AC_O_SKE_P_ELT->_AC_U_SKE_P_ELT
ACCOUNTADMIN->SYSADMIN->DSC_P_TWITTER_ADMIN->_AC_O_SKE_P_ELT->_AC_U_SKE_P_ELT
ACCOUNTADMIN->SYSADMIN->ENG_P_DATAGEN_ADMIN->_AC_O_SKE_P_ELT->_AC_U_SKE_P_ELT
ACCOUNTADMIN->SYSADMIN->ENG_P_XML_TO_JSON_ADMIN->_AC_O_SKE_P_ELT->_AC_U_SKE_P_ELT
ACCOUNTADMIN->SYSADMIN->SOP_P_DDM_ADMIN->_AC_O_SKE_P_ELT->_AC_U_SKE_P_ELT
ACCOUNTADMIN->SYSADMIN->SOP_P_RBAC_GEN_ADMIN->_AC_O_SKE_P_ELT->_AC_U_SKE_P_ELT
ACCOUNTADMIN->SYSADMIN->SOP_P_RLS_ADMIN->_AC_O_SKE_P_ELT->_AC_U_SKE_P_ELT
ACCOUNTADMIN->SYSADMIN->_AC_O_SKE_P_ELT->_AC_U_SKE_P_ELT",11,,Unknown
_AC_W_SOP_P_DEMO_RLS,_AC_C_SOP_P_DEMO_RLS,_AC_C_SOP_P_DEMO_RLS->_AC_W_SOP_P_DEMO_RLS,"ACCOUNTADMIN->SYSADMIN->SOP_P_RLS_ADMIN->_AC_C_SOP_P_DEMO_RLS->_AC_W_SOP_P_DEMO_RLS
ACCOUNTADMIN->SYSADMIN->_AC_C_SOP_P_DEMO_RLS->_AC_W_SOP_P_DEMO_RLS",2,,Access
SOP_P_RLS_ADMIN,SYSADMIN,SYSADMIN->SOP_P_RLS_ADMIN,ACCOUNTADMIN->SYSADMIN->SOP_P_RLS_ADMIN,1,,Functional
SYSADMIN,ACCOUNTADMIN,ACCOUNTADMIN->SYSADMIN,ACCOUNTADMIN->SYSADMIN,1,,BuiltIn
