Name,GrantedTo,DirectAncestry,AncestryPaths,NumAncestryPaths,ImportantAncestor,Type
_AC_C_DOP_P_DEMO_CLOUDWATCH,DOP_P_CLOUDWATCH_ADMIN,DOP_P_CLOUDWATCH_ADMIN->_AC_C_DOP_P_DEMO_CLOUDWATCH,"ACCOUNTADMIN->SYSADMIN->DOP_P_CLOUDWATCH_ADMIN->_AC_C_DOP_P_DEMO_CLOUDWATCH
ACCOUNTADMIN->SYSADMIN->_AC_C_DOP_P_DEMO_CLOUDWATCH",2,,Functional
_AC_C_DOP_P_DEMO_CLOUDWATCH,SYSADMIN,SYSADMIN->_AC_C_DOP_P_DEMO_CLOUDWATCH,"ACCOUNTADMIN->SYSADMIN->DOP_P_CLOUDWATCH_ADMIN->_AC_C_DOP_P_DEMO_CLOUDWATCH
ACCOUNTADMIN->SYSADMIN->_AC_C_DOP_P_DEMO_CLOUDWATCH",2,,Functional
_AC_R_DOP_P_DEMO_CLOUDWATCH,_AC_W_DOP_P_DEMO_CLOUDWATCH,_AC_W_DOP_P_DEMO_CLOUDWATCH->_AC_R_DOP_P_DEMO_CLOUDWATCH,"ACCOUNTADMIN->SYSADMIN->DOP_P_CLOUDWATCH_ADMIN->_AC_C_DOP_P_DEMO_CLOUDWATCH->_AC_W_DOP_P_DEMO_CLOUDWATCH->_AC_R_DOP_P_DEMO_CLOUDWATCH
ACCOUNTADMIN->SYSADMIN->_AC_C_DOP_P_DEMO_CLOUDWATCH->_AC_W_DOP_P_DEMO_CLOUDWATCH->_AC_R_DOP_P_DEMO_CLOUDWATCH
PST_WORKSPACE->SKE_P_DEMO->_AC_R_DOP_P_DEMO_CLOUDWATCH
SKE_P_DDM_HR_MGR->SKE_P_DDM_HR_CLERK->SKE_P_DEMO->_AC_R_DOP_P_DEMO_CLOUDWATCH",4,,Unknown
_AC_W_DOP_P_DEMO_CLOUDWATCH,_AC_C_DOP_P_DEMO_CLOUDWATCH,_AC_C_DOP_P_DEMO_CLOUDWATCH->_AC_W_DOP_P_DEMO_CLOUDWATCH,"ACCOUNTADMIN->SYSADMIN->DOP_P_CLOUDWATCH_ADMIN->_AC_C_DOP_P_DEMO_CLOUDWATCH->_AC_W_DOP_P_DEMO_CLOUDWATCH
ACCOUNTADMIN->SYSADMIN->_AC_C_DOP_P_DEMO_CLOUDWATCH->_AC_W_DOP_P_DEMO_CLOUDWATCH",2,,Functional
DOP_P_CLOUDWATCH_ADMIN,SYSADMIN,SYSADMIN->DOP_P_CLOUDWATCH_ADMIN,ACCOUNTADMIN->SYSADMIN->DOP_P_CLOUDWATCH_ADMIN,1,,Functional
SYSADMIN,ACCOUNTADMIN,ACCOUNTADMIN->SYSADMIN,ACCOUNTADMIN->SYSADMIN,1,,BuiltIn
