Name,GrantedTo,DirectAncestry,AncestryPaths,NumAncestryPaths,ImportantAncestor,Type
_RS_SOP_RLS_REGION_EAST,_RS_SOP_RLS_REGION_USA,_RS_SOP_RLS_REGION_USA->_RS_SOP_RLS_REGION_EAST,_RS_SOP_RLS_REGION_USA->_RS_SOP_RLS_REGION_EAST,1,,FunctionalNotUnderSysadmin
_RS_SOP_RLS_REGION_MIDWEST,_RS_SOP_RLS_REGION_WEST,_RS_SOP_RLS_REGION_WEST->_RS_SOP_RLS_REGION_MIDWEST,_RS_SOP_RLS_REGION_USA->_RS_SOP_RLS_REGION_WEST->_RS_SOP_RLS_REGION_MIDWEST,1,,NotUnderAccountAdmin
_RS_SOP_RLS_REGION_NORTHEAST,_RS_SOP_RLS_REGION_EAST,_RS_SOP_RLS_REGION_EAST->_RS_SOP_RLS_REGION_NORTHEAST,_RS_SOP_RLS_REGION_USA->_RS_SOP_RLS_REGION_EAST->_RS_SOP_RLS_REGION_NORTHEAST,1,,NotUnderAccountAdmin
_RS_SOP_RLS_REGION_SOUTH,_RS_SOP_RLS_REGION_EAST,_RS_SOP_RLS_REGION_EAST->_RS_SOP_RLS_REGION_SOUTH,_RS_SOP_RLS_REGION_USA->_RS_SOP_RLS_REGION_EAST->_RS_SOP_RLS_REGION_SOUTH,1,,NotUnderAccountAdmin
_RS_SOP_RLS_REGION_SOUTHWEST,_RS_SOP_RLS_REGION_WEST,_RS_SOP_RLS_REGION_WEST->_RS_SOP_RLS_REGION_SOUTHWEST,_RS_SOP_RLS_REGION_USA->_RS_SOP_RLS_REGION_WEST->_RS_SOP_RLS_REGION_SOUTHWEST,1,,NotUnderAccountAdmin
_RS_SOP_RLS_REGION_WEST,_RS_SOP_RLS_REGION_USA,_RS_SOP_RLS_REGION_USA->_RS_SOP_RLS_REGION_WEST,_RS_SOP_RLS_REGION_USA->_RS_SOP_RLS_REGION_WEST,1,,FunctionalNotUnderSysadmin
