Name,GrantedTo,DirectAncestry,AncestryPaths,NumAncestryPaths,ImportantAncestor,Type
_AC_C_SOP_P_DEMO_RLS,SOP_P_RLS_ADMIN,SOP_P_RLS_ADMIN->_AC_C_SOP_P_DEMO_RLS,"ACCOUNTADMIN->SYSADMIN->SOP_P_RLS_ADMIN->_AC_C_SOP_P_DEMO_RLS
ACCOUNTADMIN->SYSADMIN->_AC_C_SOP_P_DEMO_RLS",2,,Access
_AC_C_SOP_P_DEMO_RLS,SYSADMIN,SYSADMIN->_AC_C_SOP_P_DEMO_RLS,"ACCOUNTADMIN->SYSADMIN->SOP_P_RLS_ADMIN->_AC_C_SOP_P_DEMO_RLS
ACCOUNTADMIN->SYSADMIN->_AC_C_SOP_P_DEMO_RLS",2,,Access
_AC_R_SOP_P_DEMO_RLS,_AC_W_SOP_P_DEMO_RLS,_AC_W_SOP_P_DEMO_RLS->_AC_R_SOP_P_DEMO_RLS,"ACCOUNTADMIN->SYSADMIN->SOP_P_RLS_ADMIN->_AC_C_SOP_P_DEMO_RLS->_AC_W_SOP_P_DEMO_RLS->_AC_R_SOP_P_DEMO_RLS
ACCOUNTADMIN->SYSADMIN->_AC_C_SOP_P_DEMO_RLS->_AC_W_SOP_P_DEMO_RLS->_AC_R_SOP_P_DEMO_RLS
PST_WORKSPACE->SKE_P_DEMO->_AC_R_SOP_P_DEMO_RLS
SKE_P_DDM_HR_MGR->SKE_P_DDM_HR_CLERK->SKE_P_DEMO->_AC_R_SOP_P_DEMO_RLS",4,,Access
_AC_W_SOP_P_DEMO_RLS,_AC_C_SOP_P_DEMO_RLS,_AC_C_SOP_P_DEMO_RLS->_AC_W_SOP_P_DEMO_RLS,"ACCOUNTADMIN->SYSADMIN->SOP_P_RLS_ADMIN->_AC_C_SOP_P_DEMO_RLS->_AC_W_SOP_P_DEMO_RLS
ACCOUNTADMIN->SYSADMIN->_AC_C_SOP_P_DEMO_RLS->_AC_W_SOP_P_DEMO_RLS",2,,Access
SOP_P_RLS_ADMIN,SYSADMIN,SYSADMIN->SOP_P_RLS_ADMIN,ACCOUNTADMIN->SYSADMIN->SOP_P_RLS_ADMIN,1,,Functional
SYSADMIN,ACCOUNTADMIN,ACCOUNTADMIN->SYSADMIN,ACCOUNTADMIN->SYSADMIN,1,,BuiltIn
