Name,Owner,Type,IsInherited,NumAssignedUsers,NumChildRoles,NumParentRoles,AssignedUsers,ChildRoles,ParentRoles,AncestryPaths,NumAncestryPaths,Comment,IsObjectIdentifierSpecialCharacters,CreatedOn,CreatedOnUTC
_AC_C_COM_P_UTIL,SECURITYADMIN,Functional,False,0,1,2,,_AC_W_COM_P_UTIL,"SKE_P_UTIL_ADMIN,SYSADMIN","SKE_P_UTIL_ADMIN->_AC_C_COM_P_UTIL
ACCOUNTADMIN->SYSADMIN->_AC_C_COM_P_UTIL",2,,False,2021-02-27T03:55:43.7200000-08:00,2021-02-27T11:55:43.7200000Z
_AC_C_COM_P_UTIL_DB_SCH_BR,SECURITYADMIN,Functional,False,0,1,1,,_AC_W_COM_P_UTIL_DB_SCH_BR,SYSADMIN,ACCOUNTADMIN->SYSADMIN->_AC_C_COM_P_UTIL_DB_SCH_BR,1,,False,2021-02-27T03:47:19.7260000-08:00,2021-02-27T11:47:19.7260000Z
_AC_C_DOP_P_DEMO_ALERTING,SECURITYADMIN,Access,False,0,1,2,,_AC_W_DOP_P_DEMO_ALERTING,"DOP_P_ALERTING_ADMIN,SYSADMIN","ACCOUNTADMIN->SYSADMIN->DOP_P_ALERTING_ADMIN->_AC_C_DOP_P_DEMO_ALERTING
ACCOUNTADMIN->SYSADMIN->_AC_C_DOP_P_DEMO_ALERTING",2,,False,2021-02-27T04:04:18.5020000-08:00,2021-02-27T12:04:18.5020000Z
_AC_C_DOP_P_DEMO_CLOUDWATCH,SECURITYADMIN,Functional,False,0,1,2,,_AC_W_DOP_P_DEMO_CLOUDWATCH,"DOP_P_CLOUDWATCH_ADMIN,SYSADMIN","ACCOUNTADMIN->SYSADMIN->DOP_P_CLOUDWATCH_ADMIN->_AC_C_DOP_P_DEMO_CLOUDWATCH
ACCOUNTADMIN->SYSADMIN->_AC_C_DOP_P_DEMO_CLOUDWATCH",2,,False,2021-02-27T04:03:18.8050000-08:00,2021-02-27T12:03:18.8050000Z
_AC_C_DOP_P_DEMO_MONITOR,SECURITYADMIN,Access,False,0,1,2,,_AC_W_DOP_P_DEMO_MONITOR,"DOP_P_MONITOR_ADMIN,SYSADMIN","ACCOUNTADMIN->SYSADMIN->DOP_P_MONITOR_ADMIN->_AC_C_DOP_P_DEMO_MONITOR
ACCOUNTADMIN->SYSADMIN->_AC_C_DOP_P_DEMO_MONITOR",2,,False,2021-02-25T04:15:30.0100000-08:00,2021-02-25T12:15:30.0100000Z
_AC_C_DSC_P_DEMO_SENTIMENT,SECURITYADMIN,Access,False,0,1,2,,_AC_W_DSC_P_DEMO_SENTIMENT,"DSC_P_SENTIMENT_ADMIN,SYSADMIN","ACCOUNTADMIN->SYSADMIN->DSC_P_SENTIMENT_ADMIN->_AC_C_DSC_P_DEMO_SENTIMENT
ACCOUNTADMIN->SYSADMIN->_AC_C_DSC_P_DEMO_SENTIMENT",2,,False,2021-02-27T03:46:27.1890000-08:00,2021-02-27T11:46:27.1890000Z
_AC_C_DSC_P_DEMO_TWITTER,SECURITYADMIN,Access,False,0,1,2,,_AC_W_DSC_P_DEMO_TWITTER,"DSC_P_TWITTER_ADMIN,SYSADMIN","ACCOUNTADMIN->SYSADMIN->DSC_P_TWITTER_ADMIN->_AC_C_DSC_P_DEMO_TWITTER
ACCOUNTADMIN->SYSADMIN->_AC_C_DSC_P_DEMO_TWITTER",2,,False,2021-02-27T03:46:27.3830000-08:00,2021-02-27T11:46:27.3830000Z
_AC_C_ENG_P_DEMO_DATAGEN,SECURITYADMIN,Access,False,0,1,2,,_AC_W_ENG_P_DEMO_DATAGEN,"ENG_P_DATAGEN_ADMIN,SYSADMIN","ACCOUNTADMIN->SYSADMIN->ENG_P_DATAGEN_ADMIN->_AC_C_ENG_P_DEMO_DATAGEN
ACCOUNTADMIN->SYSADMIN->_AC_C_ENG_P_DEMO_DATAGEN",2,,False,2021-02-27T03:45:33.0720000-08:00,2021-02-27T11:45:33.0720000Z
_AC_C_ENG_P_DEMO_XML_TO_JSON,SECURITYADMIN,Access,False,0,1,2,,_AC_W_ENG_P_DEMO_XML_TO_JSON,"ENG_P_XML_TO_JSON_ADMIN,SYSADMIN","ACCOUNTADMIN->SYSADMIN->ENG_P_XML_TO_JSON_ADMIN->_AC_C_ENG_P_DEMO_XML_TO_JSON
ACCOUNTADMIN->SYSADMIN->_AC_C_ENG_P_DEMO_XML_TO_JSON",2,,False,2021-02-27T03:45:33.2780000-08:00,2021-02-27T11:45:33.2780000Z
_AC_C_SKE_P_WRK,SECURITYADMIN,Functional,False,0,1,2,,_AC_W_SKE_P_WRK,"PST_WORKSPACE,SYSADMIN","PST_WORKSPACE->_AC_C_SKE_P_WRK
ACCOUNTADMIN->SYSADMIN->_AC_C_SKE_P_WRK",2,,False,2021-02-23T14:12:50.3670000-08:00,2021-02-23T22:12:50.3670000Z
_AC_C_SOP_P_DEMO_DDM,SECURITYADMIN,Functional,False,0,1,2,,_AC_W_SOP_P_DEMO_DDM,"SOP_P_DDM_ADMIN,SYSADMIN","ACCOUNTADMIN->SYSADMIN->SOP_P_DDM_ADMIN->_AC_C_SOP_P_DEMO_DDM
ACCOUNTADMIN->SYSADMIN->_AC_C_SOP_P_DEMO_DDM",2,,False,2021-02-26T12:08:55.3670000-08:00,2021-02-26T20:08:55.3670000Z
_AC_C_SOP_P_DEMO_RBAC_GEN,SECURITYADMIN,Access,False,0,1,1,,_AC_W_SOP_P_DEMO_RBAC_GEN,SYSADMIN,ACCOUNTADMIN->SYSADMIN->_AC_C_SOP_P_DEMO_RBAC_GEN,1,,False,2021-02-26T12:08:55.5690000-08:00,2021-02-26T20:08:55.5690000Z
_AC_C_SOP_P_DEMO_RLS,SECURITYADMIN,Access,False,0,1,2,,_AC_W_SOP_P_DEMO_RLS,"SOP_P_RLS_ADMIN,SYSADMIN","ACCOUNTADMIN->SYSADMIN->SOP_P_RLS_ADMIN->_AC_C_SOP_P_DEMO_RLS
ACCOUNTADMIN->SYSADMIN->_AC_C_SOP_P_DEMO_RLS",2,,False,2021-02-26T12:08:55.7760000-08:00,2021-02-26T20:08:55.7760000Z
_AC_C_SOP_P_MSTR_DDM,SECURITYADMIN,Functional,False,0,1,1,,_AC_W_SOP_P_MSTR_DDM,SYSADMIN,ACCOUNTADMIN->SYSADMIN->_AC_C_SOP_P_MSTR_DDM,1,,False,2021-03-01T04:47:06.9520000-08:00,2021-03-01T12:47:06.9520000Z
_AC_O_SKE_P_ADHOC_BIG,SECURITYADMIN,Functional,False,0,1,1,,_AC_U_SKE_P_ADHOC_BIG,SYSADMIN,ACCOUNTADMIN->SYSADMIN->_AC_O_SKE_P_ADHOC_BIG,1,,False,2021-02-25T04:34:03.6260000-08:00,2021-02-25T12:34:03.6260000Z
_AC_O_SKE_P_ADHOC_TINY,SECURITYADMIN,Functional,False,0,1,1,,_AC_U_SKE_P_ADHOC_TINY,SYSADMIN,ACCOUNTADMIN->SYSADMIN->_AC_O_SKE_P_ADHOC_TINY,1,,False,2021-02-25T04:34:03.8360000-08:00,2021-02-25T12:34:03.8360000Z
_AC_O_SKE_P_ELT,SECURITYADMIN,Functional,False,0,1,11,,_AC_U_SKE_P_ELT,"DOP_P_ALERTING_ADMIN,DOP_P_CLOUDWATCH_ADMIN,DOP_P_MONITOR_ADMIN,DSC_P_SENTIMENT_ADMIN,DSC_P_TWITTER_ADMIN,ENG_P_DATAGEN_ADMIN,ENG_P_XML_TO_JSON_ADMIN,SOP_P_DDM_ADMIN,SOP_P_RBAC_GEN_ADMIN,SOP_P_RLS_ADMIN,SYSADMIN","ACCOUNTADMIN->SYSADMIN->DOP_P_ALERTING_ADMIN->_AC_O_SKE_P_ELT
ACCOUNTADMIN->SYSADMIN->DOP_P_CLOUDWATCH_ADMIN->_AC_O_SKE_P_ELT
ACCOUNTADMIN->SYSADMIN->DOP_P_MONITOR_ADMIN->_AC_O_SKE_P_ELT
ACCOUNTADMIN->SYSADMIN->DSC_P_SENTIMENT_ADMIN->_AC_O_SKE_P_ELT
ACCOUNTADMIN->SYSADMIN->DSC_P_TWITTER_ADMIN->_AC_O_SKE_P_ELT
ACCOUNTADMIN->SYSADMIN->ENG_P_DATAGEN_ADMIN->_AC_O_SKE_P_ELT
ACCOUNTADMIN->SYSADMIN->ENG_P_XML_TO_JSON_ADMIN->_AC_O_SKE_P_ELT
ACCOUNTADMIN->SYSADMIN->SOP_P_DDM_ADMIN->_AC_O_SKE_P_ELT
ACCOUNTADMIN->SYSADMIN->SOP_P_RBAC_GEN_ADMIN->_AC_O_SKE_P_ELT
ACCOUNTADMIN->SYSADMIN->SOP_P_RLS_ADMIN->_AC_O_SKE_P_ELT
ACCOUNTADMIN->SYSADMIN->_AC_O_SKE_P_ELT",11,,False,2021-02-25T04:34:04.0070000-08:00,2021-02-25T12:34:04.0070000Z
_AC_R_COM_P_UTIL,SECURITYADMIN,Unknown,False,0,0,1,,,_AC_W_COM_P_UTIL,"SKE_P_UTIL_ADMIN->_AC_C_COM_P_UTIL->_AC_W_COM_P_UTIL->_AC_R_COM_P_UTIL
ACCOUNTADMIN->SYSADMIN->_AC_C_COM_P_UTIL->_AC_W_COM_P_UTIL->_AC_R_COM_P_UTIL",2,,False,2021-02-27T03:55:43.8770000-08:00,2021-02-27T11:55:43.8770000Z
_AC_R_COM_P_UTIL_DB_SCH_BR,SECURITYADMIN,Unknown,False,0,0,1,,,_AC_W_COM_P_UTIL_DB_SCH_BR,ACCOUNTADMIN->SYSADMIN->_AC_C_COM_P_UTIL_DB_SCH_BR->_AC_W_COM_P_UTIL_DB_SCH_BR->_AC_R_COM_P_UTIL_DB_SCH_BR,1,,False,2021-02-27T03:47:19.9140000-08:00,2021-02-27T11:47:19.9140000Z
_AC_R_DOP_P_DEMO_ALERTING,SECURITYADMIN,Unknown,True,0,0,3,,,"_AC_W_DOP_P_DEMO_ALERTING,DOP_P_MONITOR_ADMIN,SKE_P_DEMO","ACCOUNTADMIN->SYSADMIN->DOP_P_ALERTING_ADMIN->_AC_C_DOP_P_DEMO_ALERTING->_AC_W_DOP_P_DEMO_ALERTING->_AC_R_DOP_P_DEMO_ALERTING
ACCOUNTADMIN->SYSADMIN->_AC_C_DOP_P_DEMO_ALERTING->_AC_W_DOP_P_DEMO_ALERTING->_AC_R_DOP_P_DEMO_ALERTING
ACCOUNTADMIN->SYSADMIN->DOP_P_MONITOR_ADMIN->_AC_R_DOP_P_DEMO_ALERTING
PST_WORKSPACE->SKE_P_DEMO->_AC_R_DOP_P_DEMO_ALERTING
SKE_P_DDM_HR_MGR->SKE_P_DDM_HR_CLERK->SKE_P_DEMO->_AC_R_DOP_P_DEMO_ALERTING",5,,False,2021-02-27T04:04:18.7610000-08:00,2021-02-27T12:04:18.7610000Z
_AC_R_DOP_P_DEMO_CLOUDWATCH,SECURITYADMIN,Unknown,True,0,0,2,,,"_AC_W_DOP_P_DEMO_CLOUDWATCH,SKE_P_DEMO","ACCOUNTADMIN->SYSADMIN->DOP_P_CLOUDWATCH_ADMIN->_AC_C_DOP_P_DEMO_CLOUDWATCH->_AC_W_DOP_P_DEMO_CLOUDWATCH->_AC_R_DOP_P_DEMO_CLOUDWATCH
ACCOUNTADMIN->SYSADMIN->_AC_C_DOP_P_DEMO_CLOUDWATCH->_AC_W_DOP_P_DEMO_CLOUDWATCH->_AC_R_DOP_P_DEMO_CLOUDWATCH
PST_WORKSPACE->SKE_P_DEMO->_AC_R_DOP_P_DEMO_CLOUDWATCH
SKE_P_DDM_HR_MGR->SKE_P_DDM_HR_CLERK->SKE_P_DEMO->_AC_R_DOP_P_DEMO_CLOUDWATCH",4,,False,2021-02-27T04:03:19.0070000-08:00,2021-02-27T12:03:19.0070000Z
_AC_R_DOP_P_DEMO_MONITOR,SECURITYADMIN,Access,True,0,0,2,,,"_AC_W_DOP_P_DEMO_MONITOR,SKE_P_DEMO","ACCOUNTADMIN->SYSADMIN->DOP_P_MONITOR_ADMIN->_AC_C_DOP_P_DEMO_MONITOR->_AC_W_DOP_P_DEMO_MONITOR->_AC_R_DOP_P_DEMO_MONITOR
ACCOUNTADMIN->SYSADMIN->_AC_C_DOP_P_DEMO_MONITOR->_AC_W_DOP_P_DEMO_MONITOR->_AC_R_DOP_P_DEMO_MONITOR
PST_WORKSPACE->SKE_P_DEMO->_AC_R_DOP_P_DEMO_MONITOR
SKE_P_DDM_HR_MGR->SKE_P_DDM_HR_CLERK->SKE_P_DEMO->_AC_R_DOP_P_DEMO_MONITOR",4,,False,2021-02-25T04:15:29.5870000-08:00,2021-02-25T12:15:29.5870000Z
_AC_R_DSC_P_DEMO_SENTIMENT,SECURITYADMIN,Unknown,True,0,0,2,,,"_AC_W_DSC_P_DEMO_SENTIMENT,SKE_P_DEMO","ACCOUNTADMIN->SYSADMIN->DSC_P_SENTIMENT_ADMIN->_AC_C_DSC_P_DEMO_SENTIMENT->_AC_W_DSC_P_DEMO_SENTIMENT->_AC_R_DSC_P_DEMO_SENTIMENT
ACCOUNTADMIN->SYSADMIN->_AC_C_DSC_P_DEMO_SENTIMENT->_AC_W_DSC_P_DEMO_SENTIMENT->_AC_R_DSC_P_DEMO_SENTIMENT
PST_WORKSPACE->SKE_P_DEMO->_AC_R_DSC_P_DEMO_SENTIMENT
SKE_P_DDM_HR_MGR->SKE_P_DDM_HR_CLERK->SKE_P_DEMO->_AC_R_DSC_P_DEMO_SENTIMENT",4,,False,2021-02-27T03:46:27.5610000-08:00,2021-02-27T11:46:27.5610000Z
_AC_R_DSC_P_DEMO_TWITTER,SECURITYADMIN,Unknown,True,0,0,2,,,"_AC_W_DSC_P_DEMO_TWITTER,SKE_P_DEMO","ACCOUNTADMIN->SYSADMIN->DSC_P_TWITTER_ADMIN->_AC_C_DSC_P_DEMO_TWITTER->_AC_W_DSC_P_DEMO_TWITTER->_AC_R_DSC_P_DEMO_TWITTER
ACCOUNTADMIN->SYSADMIN->_AC_C_DSC_P_DEMO_TWITTER->_AC_W_DSC_P_DEMO_TWITTER->_AC_R_DSC_P_DEMO_TWITTER
PST_WORKSPACE->SKE_P_DEMO->_AC_R_DSC_P_DEMO_TWITTER
SKE_P_DDM_HR_MGR->SKE_P_DDM_HR_CLERK->SKE_P_DEMO->_AC_R_DSC_P_DEMO_TWITTER",4,,False,2021-02-27T03:46:27.7560000-08:00,2021-02-27T11:46:27.7560000Z
_AC_R_ENG_P_DEMO_DATAGEN,SECURITYADMIN,Unknown,True,0,0,3,,,"_AC_W_ENG_P_DEMO_DATAGEN,SKE_P_DEMO,SOP_P_RLS_ADMIN","ACCOUNTADMIN->SYSADMIN->ENG_P_DATAGEN_ADMIN->_AC_C_ENG_P_DEMO_DATAGEN->_AC_W_ENG_P_DEMO_DATAGEN->_AC_R_ENG_P_DEMO_DATAGEN
ACCOUNTADMIN->SYSADMIN->_AC_C_ENG_P_DEMO_DATAGEN->_AC_W_ENG_P_DEMO_DATAGEN->_AC_R_ENG_P_DEMO_DATAGEN
PST_WORKSPACE->SKE_P_DEMO->_AC_R_ENG_P_DEMO_DATAGEN
SKE_P_DDM_HR_MGR->SKE_P_DDM_HR_CLERK->SKE_P_DEMO->_AC_R_ENG_P_DEMO_DATAGEN
ACCOUNTADMIN->SYSADMIN->SOP_P_RLS_ADMIN->_AC_R_ENG_P_DEMO_DATAGEN",5,,False,2021-02-27T03:45:33.4480000-08:00,2021-02-27T11:45:33.4480000Z
_AC_R_ENG_P_DEMO_XML_TO_JSON,SECURITYADMIN,Unknown,True,0,0,2,,,"_AC_W_ENG_P_DEMO_XML_TO_JSON,SKE_P_DEMO","ACCOUNTADMIN->SYSADMIN->ENG_P_XML_TO_JSON_ADMIN->_AC_C_ENG_P_DEMO_XML_TO_JSON->_AC_W_ENG_P_DEMO_XML_TO_JSON->_AC_R_ENG_P_DEMO_XML_TO_JSON
ACCOUNTADMIN->SYSADMIN->_AC_C_ENG_P_DEMO_XML_TO_JSON->_AC_W_ENG_P_DEMO_XML_TO_JSON->_AC_R_ENG_P_DEMO_XML_TO_JSON
PST_WORKSPACE->SKE_P_DEMO->_AC_R_ENG_P_DEMO_XML_TO_JSON
SKE_P_DDM_HR_MGR->SKE_P_DDM_HR_CLERK->SKE_P_DEMO->_AC_R_ENG_P_DEMO_XML_TO_JSON",4,,False,2021-02-27T03:45:33.6410000-08:00,2021-02-27T11:45:33.6410000Z
_AC_R_SKE_P_WRK,SECURITYADMIN,Unknown,False,0,0,1,,,_AC_W_SKE_P_WRK,"PST_WORKSPACE->_AC_C_SKE_P_WRK->_AC_W_SKE_P_WRK->_AC_R_SKE_P_WRK
ACCOUNTADMIN->SYSADMIN->_AC_C_SKE_P_WRK->_AC_W_SKE_P_WRK->_AC_R_SKE_P_WRK",2,,False,2021-02-23T14:12:50.0040000-08:00,2021-02-23T22:12:50.0040000Z
_AC_R_SOP_P_DEMO_DDM,SECURITYADMIN,Unknown,False,0,0,1,,,_AC_W_SOP_P_DEMO_DDM,"ACCOUNTADMIN->SYSADMIN->SOP_P_DDM_ADMIN->_AC_C_SOP_P_DEMO_DDM->_AC_W_SOP_P_DEMO_DDM->_AC_R_SOP_P_DEMO_DDM
ACCOUNTADMIN->SYSADMIN->_AC_C_SOP_P_DEMO_DDM->_AC_W_SOP_P_DEMO_DDM->_AC_R_SOP_P_DEMO_DDM",2,,False,2021-02-26T12:08:55.9680000-08:00,2021-02-26T20:08:55.9680000Z
_AC_R_SOP_P_DEMO_RBAC_GEN,SECURITYADMIN,Access,True,0,0,2,,,"_AC_W_SOP_P_DEMO_RBAC_GEN,SKE_P_DEMO","ACCOUNTADMIN->SYSADMIN->_AC_C_SOP_P_DEMO_RBAC_GEN->_AC_W_SOP_P_DEMO_RBAC_GEN->_AC_R_SOP_P_DEMO_RBAC_GEN
PST_WORKSPACE->SKE_P_DEMO->_AC_R_SOP_P_DEMO_RBAC_GEN
SKE_P_DDM_HR_MGR->SKE_P_DDM_HR_CLERK->SKE_P_DEMO->_AC_R_SOP_P_DEMO_RBAC_GEN",3,,False,2021-02-26T12:08:56.4610000-08:00,2021-02-26T20:08:56.4610000Z
_AC_R_SOP_P_DEMO_RLS,SECURITYADMIN,Access,True,0,0,2,,,"_AC_W_SOP_P_DEMO_RLS,SKE_P_DEMO","ACCOUNTADMIN->SYSADMIN->SOP_P_RLS_ADMIN->_AC_C_SOP_P_DEMO_RLS->_AC_W_SOP_P_DEMO_RLS->_AC_R_SOP_P_DEMO_RLS
ACCOUNTADMIN->SYSADMIN->_AC_C_SOP_P_DEMO_RLS->_AC_W_SOP_P_DEMO_RLS->_AC_R_SOP_P_DEMO_RLS
PST_WORKSPACE->SKE_P_DEMO->_AC_R_SOP_P_DEMO_RLS
SKE_P_DDM_HR_MGR->SKE_P_DDM_HR_CLERK->SKE_P_DEMO->_AC_R_SOP_P_DEMO_RLS",4,,False,2021-02-26T12:08:56.6970000-08:00,2021-02-26T20:08:56.6970000Z
_AC_R_SOP_P_MSTR_DDM,SECURITYADMIN,Unknown,False,0,0,1,,,_AC_W_SOP_P_MSTR_DDM,ACCOUNTADMIN->SYSADMIN->_AC_C_SOP_P_MSTR_DDM->_AC_W_SOP_P_MSTR_DDM->_AC_R_SOP_P_MSTR_DDM,1,,False,2021-03-01T04:47:07.1490000-08:00,2021-03-01T12:47:07.1490000Z
_AC_U_SKE_P_ADHOC_BIG,SECURITYADMIN,Unknown,True,0,0,2,,,"_AC_O_SKE_P_ADHOC_BIG,SKE_P_DEMO","ACCOUNTADMIN->SYSADMIN->_AC_O_SKE_P_ADHOC_BIG->_AC_U_SKE_P_ADHOC_BIG
PST_WORKSPACE->SKE_P_DEMO->_AC_U_SKE_P_ADHOC_BIG
SKE_P_DDM_HR_MGR->SKE_P_DDM_HR_CLERK->SKE_P_DEMO->_AC_U_SKE_P_ADHOC_BIG",3,,False,2021-02-25T04:34:04.2020000-08:00,2021-02-25T12:34:04.2020000Z
_AC_U_SKE_P_ADHOC_TINY,SECURITYADMIN,Unknown,True,0,0,2,,,"_AC_O_SKE_P_ADHOC_TINY,SKE_P_DEMO","ACCOUNTADMIN->SYSADMIN->_AC_O_SKE_P_ADHOC_TINY->_AC_U_SKE_P_ADHOC_TINY
PST_WORKSPACE->SKE_P_DEMO->_AC_U_SKE_P_ADHOC_TINY
SKE_P_DDM_HR_MGR->SKE_P_DDM_HR_CLERK->SKE_P_DEMO->_AC_U_SKE_P_ADHOC_TINY",3,,False,2021-02-25T04:34:04.4020000-08:00,2021-02-25T12:34:04.4020000Z
_AC_U_SKE_P_ELT,SECURITYADMIN,Unknown,False,0,0,1,,,_AC_O_SKE_P_ELT,"ACCOUNTADMIN->SYSADMIN->DOP_P_ALERTING_ADMIN->_AC_O_SKE_P_ELT->_AC_U_SKE_P_ELT
ACCOUNTADMIN->SYSADMIN->DOP_P_CLOUDWATCH_ADMIN->_AC_O_SKE_P_ELT->_AC_U_SKE_P_ELT
ACCOUNTADMIN->SYSADMIN->DOP_P_MONITOR_ADMIN->_AC_O_SKE_P_ELT->_AC_U_SKE_P_ELT
ACCOUNTADMIN->SYSADMIN->DSC_P_SENTIMENT_ADMIN->_AC_O_SKE_P_ELT->_AC_U_SKE_P_ELT
ACCOUNTADMIN->SYSADMIN->DSC_P_TWITTER_ADMIN->_AC_O_SKE_P_ELT->_AC_U_SKE_P_ELT
ACCOUNTADMIN->SYSADMIN->ENG_P_DATAGEN_ADMIN->_AC_O_SKE_P_ELT->_AC_U_SKE_P_ELT
ACCOUNTADMIN->SYSADMIN->ENG_P_XML_TO_JSON_ADMIN->_AC_O_SKE_P_ELT->_AC_U_SKE_P_ELT
ACCOUNTADMIN->SYSADMIN->SOP_P_DDM_ADMIN->_AC_O_SKE_P_ELT->_AC_U_SKE_P_ELT
ACCOUNTADMIN->SYSADMIN->SOP_P_RBAC_GEN_ADMIN->_AC_O_SKE_P_ELT->_AC_U_SKE_P_ELT
ACCOUNTADMIN->SYSADMIN->SOP_P_RLS_ADMIN->_AC_O_SKE_P_ELT->_AC_U_SKE_P_ELT
ACCOUNTADMIN->SYSADMIN->_AC_O_SKE_P_ELT->_AC_U_SKE_P_ELT",11,,False,2021-02-25T04:34:04.7240000-08:00,2021-02-25T12:34:04.7240000Z
_AC_W_COM_P_UTIL,SECURITYADMIN,Functional,False,0,1,1,,_AC_R_COM_P_UTIL,_AC_C_COM_P_UTIL,"SKE_P_UTIL_ADMIN->_AC_C_COM_P_UTIL->_AC_W_COM_P_UTIL
ACCOUNTADMIN->SYSADMIN->_AC_C_COM_P_UTIL->_AC_W_COM_P_UTIL",2,,False,2021-02-27T03:55:44.0630000-08:00,2021-02-27T11:55:44.0630000Z
_AC_W_COM_P_UTIL_DB_SCH_BR,SECURITYADMIN,Functional,False,0,1,1,,_AC_R_COM_P_UTIL_DB_SCH_BR,_AC_C_COM_P_UTIL_DB_SCH_BR,ACCOUNTADMIN->SYSADMIN->_AC_C_COM_P_UTIL_DB_SCH_BR->_AC_W_COM_P_UTIL_DB_SCH_BR,1,,False,2021-02-27T03:47:20.0870000-08:00,2021-02-27T11:47:20.0870000Z
_AC_W_DOP_P_DEMO_ALERTING,SECURITYADMIN,Functional,False,0,1,1,,_AC_R_DOP_P_DEMO_ALERTING,_AC_C_DOP_P_DEMO_ALERTING,"ACCOUNTADMIN->SYSADMIN->DOP_P_ALERTING_ADMIN->_AC_C_DOP_P_DEMO_ALERTING->_AC_W_DOP_P_DEMO_ALERTING
ACCOUNTADMIN->SYSADMIN->_AC_C_DOP_P_DEMO_ALERTING->_AC_W_DOP_P_DEMO_ALERTING",2,,False,2021-02-27T04:04:18.9910000-08:00,2021-02-27T12:04:18.9910000Z
_AC_W_DOP_P_DEMO_CLOUDWATCH,SECURITYADMIN,Functional,False,0,1,1,,_AC_R_DOP_P_DEMO_CLOUDWATCH,_AC_C_DOP_P_DEMO_CLOUDWATCH,"ACCOUNTADMIN->SYSADMIN->DOP_P_CLOUDWATCH_ADMIN->_AC_C_DOP_P_DEMO_CLOUDWATCH->_AC_W_DOP_P_DEMO_CLOUDWATCH
ACCOUNTADMIN->SYSADMIN->_AC_C_DOP_P_DEMO_CLOUDWATCH->_AC_W_DOP_P_DEMO_CLOUDWATCH",2,,False,2021-02-27T04:03:19.1960000-08:00,2021-02-27T12:03:19.1960000Z
_AC_W_DOP_P_DEMO_MONITOR,SECURITYADMIN,Access,False,0,1,1,,_AC_R_DOP_P_DEMO_MONITOR,_AC_C_DOP_P_DEMO_MONITOR,"ACCOUNTADMIN->SYSADMIN->DOP_P_MONITOR_ADMIN->_AC_C_DOP_P_DEMO_MONITOR->_AC_W_DOP_P_DEMO_MONITOR
ACCOUNTADMIN->SYSADMIN->_AC_C_DOP_P_DEMO_MONITOR->_AC_W_DOP_P_DEMO_MONITOR",2,,False,2021-02-25T04:15:29.8160000-08:00,2021-02-25T12:15:29.8160000Z
_AC_W_DSC_P_DEMO_SENTIMENT,SECURITYADMIN,Functional,False,0,1,1,,_AC_R_DSC_P_DEMO_SENTIMENT,_AC_C_DSC_P_DEMO_SENTIMENT,"ACCOUNTADMIN->SYSADMIN->DSC_P_SENTIMENT_ADMIN->_AC_C_DSC_P_DEMO_SENTIMENT->_AC_W_DSC_P_DEMO_SENTIMENT
ACCOUNTADMIN->SYSADMIN->_AC_C_DSC_P_DEMO_SENTIMENT->_AC_W_DSC_P_DEMO_SENTIMENT",2,,False,2021-02-27T03:46:27.9190000-08:00,2021-02-27T11:46:27.9190000Z
_AC_W_DSC_P_DEMO_TWITTER,SECURITYADMIN,Functional,False,0,1,1,,_AC_R_DSC_P_DEMO_TWITTER,_AC_C_DSC_P_DEMO_TWITTER,"ACCOUNTADMIN->SYSADMIN->DSC_P_TWITTER_ADMIN->_AC_C_DSC_P_DEMO_TWITTER->_AC_W_DSC_P_DEMO_TWITTER
ACCOUNTADMIN->SYSADMIN->_AC_C_DSC_P_DEMO_TWITTER->_AC_W_DSC_P_DEMO_TWITTER",2,,False,2021-02-27T03:46:28.0830000-08:00,2021-02-27T11:46:28.0830000Z
_AC_W_ENG_P_DEMO_DATAGEN,SECURITYADMIN,Functional,False,0,1,1,,_AC_R_ENG_P_DEMO_DATAGEN,_AC_C_ENG_P_DEMO_DATAGEN,"ACCOUNTADMIN->SYSADMIN->ENG_P_DATAGEN_ADMIN->_AC_C_ENG_P_DEMO_DATAGEN->_AC_W_ENG_P_DEMO_DATAGEN
ACCOUNTADMIN->SYSADMIN->_AC_C_ENG_P_DEMO_DATAGEN->_AC_W_ENG_P_DEMO_DATAGEN",2,,False,2021-02-27T03:45:33.8060000-08:00,2021-02-27T11:45:33.8060000Z
_AC_W_ENG_P_DEMO_XML_TO_JSON,SECURITYADMIN,Functional,False,0,1,1,,_AC_R_ENG_P_DEMO_XML_TO_JSON,_AC_C_ENG_P_DEMO_XML_TO_JSON,"ACCOUNTADMIN->SYSADMIN->ENG_P_XML_TO_JSON_ADMIN->_AC_C_ENG_P_DEMO_XML_TO_JSON->_AC_W_ENG_P_DEMO_XML_TO_JSON
ACCOUNTADMIN->SYSADMIN->_AC_C_ENG_P_DEMO_XML_TO_JSON->_AC_W_ENG_P_DEMO_XML_TO_JSON",2,,False,2021-02-27T03:45:33.9900000-08:00,2021-02-27T11:45:33.9900000Z
_AC_W_SKE_P_WRK,SECURITYADMIN,Functional,False,0,1,1,,_AC_R_SKE_P_WRK,_AC_C_SKE_P_WRK,"PST_WORKSPACE->_AC_C_SKE_P_WRK->_AC_W_SKE_P_WRK
ACCOUNTADMIN->SYSADMIN->_AC_C_SKE_P_WRK->_AC_W_SKE_P_WRK",2,,False,2021-02-23T14:12:50.1950000-08:00,2021-02-23T22:12:50.1950000Z
_AC_W_SOP_P_DEMO_DDM,SECURITYADMIN,Functional,False,0,1,1,,_AC_R_SOP_P_DEMO_DDM,_AC_C_SOP_P_DEMO_DDM,"ACCOUNTADMIN->SYSADMIN->SOP_P_DDM_ADMIN->_AC_C_SOP_P_DEMO_DDM->_AC_W_SOP_P_DEMO_DDM
ACCOUNTADMIN->SYSADMIN->_AC_C_SOP_P_DEMO_DDM->_AC_W_SOP_P_DEMO_DDM",2,,False,2021-02-26T12:08:56.9090000-08:00,2021-02-26T20:08:56.9090000Z
_AC_W_SOP_P_DEMO_RBAC_GEN,SECURITYADMIN,Access,False,0,1,1,,_AC_R_SOP_P_DEMO_RBAC_GEN,_AC_C_SOP_P_DEMO_RBAC_GEN,ACCOUNTADMIN->SYSADMIN->_AC_C_SOP_P_DEMO_RBAC_GEN->_AC_W_SOP_P_DEMO_RBAC_GEN,1,,False,2021-02-26T12:08:57.1330000-08:00,2021-02-26T20:08:57.1330000Z
_AC_W_SOP_P_DEMO_RLS,SECURITYADMIN,Access,False,0,1,1,,_AC_R_SOP_P_DEMO_RLS,_AC_C_SOP_P_DEMO_RLS,"ACCOUNTADMIN->SYSADMIN->SOP_P_RLS_ADMIN->_AC_C_SOP_P_DEMO_RLS->_AC_W_SOP_P_DEMO_RLS
ACCOUNTADMIN->SYSADMIN->_AC_C_SOP_P_DEMO_RLS->_AC_W_SOP_P_DEMO_RLS",2,,False,2021-02-26T12:08:57.2920000-08:00,2021-02-26T20:08:57.2920000Z
_AC_W_SOP_P_MSTR_DDM,SECURITYADMIN,Functional,False,0,1,1,,_AC_R_SOP_P_MSTR_DDM,_AC_C_SOP_P_MSTR_DDM,ACCOUNTADMIN->SYSADMIN->_AC_C_SOP_P_MSTR_DDM->_AC_W_SOP_P_MSTR_DDM,1,,False,2021-03-01T04:47:07.3450000-08:00,2021-03-01T12:47:07.3450000Z
_AC_X_TASK_ADMIN,SECURITYADMIN,Unknown,False,0,0,3,,,"DOP_P_MONITOR_ADMIN,SKE_P_UTIL_ADMIN,SYSADMIN","ACCOUNTADMIN->SYSADMIN->DOP_P_MONITOR_ADMIN->_AC_X_TASK_ADMIN
SKE_P_UTIL_ADMIN->_AC_X_TASK_ADMIN
ACCOUNTADMIN->SYSADMIN->_AC_X_TASK_ADMIN",3,,False,2021-02-24T08:12:22.9860000-08:00,2021-02-24T16:12:22.9860000Z
_CS_SOP_RLS_DDM_EMPLOYEE_PII,SECURITYADMIN,NotUnderAccountAdmin,False,0,0,0,,,,_CS_SOP_RLS_DDM_EMPLOYEE_PII,1,,False,2021-03-01T05:10:36.0480000-08:00,2021-03-01T13:10:36.0480000Z
_RS_SOP_RLS_MKTSEGMENT_AUTOMOBILE,SECURITYADMIN,NotUnderAccountAdmin,False,0,0,0,,,,_RS_SOP_RLS_MKTSEGMENT_AUTOMOBILE,1,,False,2021-02-28T08:22:49.0430000-08:00,2021-02-28T16:22:49.0430000Z
_RS_SOP_RLS_MKTSEGMENT_BUILDING,SECURITYADMIN,NotUnderAccountAdmin,False,0,0,0,,,,_RS_SOP_RLS_MKTSEGMENT_BUILDING,1,,False,2021-02-28T08:22:48.1700000-08:00,2021-02-28T16:22:48.1700000Z
_RS_SOP_RLS_MKTSEGMENT_FURNITURE,SECURITYADMIN,NotUnderAccountAdmin,False,1,0,0,EROESCH_SKE,,,_RS_SOP_RLS_MKTSEGMENT_FURNITURE,1,,False,2021-02-28T08:22:48.8340000-08:00,2021-02-28T16:22:48.8340000Z
_RS_SOP_RLS_MKTSEGMENT_HOUSEHOLD,SECURITYADMIN,NotUnderAccountAdmin,False,0,0,0,,,,_RS_SOP_RLS_MKTSEGMENT_HOUSEHOLD,1,,False,2021-02-28T08:22:48.6040000-08:00,2021-02-28T16:22:48.6040000Z
_RS_SOP_RLS_MKTSEGMENT_MACHINERY,SECURITYADMIN,NotUnderAccountAdmin,False,0,0,0,,,,_RS_SOP_RLS_MKTSEGMENT_MACHINERY,1,,False,2021-02-28T08:22:48.3910000-08:00,2021-02-28T16:22:48.3910000Z
_RS_SOP_RLS_REGION_EAST,SECURITYADMIN,FunctionalNotUnderSysadmin,False,1,2,1,EROESCH_SKE,"_RS_SOP_RLS_REGION_NORTHEAST,_RS_SOP_RLS_REGION_SOUTH",_RS_SOP_RLS_REGION_USA,_RS_SOP_RLS_REGION_USA->_RS_SOP_RLS_REGION_EAST,1,,False,2021-02-28T08:22:45.7870000-08:00,2021-02-28T16:22:45.7870000Z
_RS_SOP_RLS_REGION_MIDWEST,SECURITYADMIN,NotUnderAccountAdmin,False,0,0,1,,,_RS_SOP_RLS_REGION_WEST,_RS_SOP_RLS_REGION_USA->_RS_SOP_RLS_REGION_WEST->_RS_SOP_RLS_REGION_MIDWEST,1,,False,2021-02-28T08:22:45.0530000-08:00,2021-02-28T16:22:45.0530000Z
_RS_SOP_RLS_REGION_NORTHEAST,SECURITYADMIN,NotUnderAccountAdmin,False,0,0,1,,,_RS_SOP_RLS_REGION_EAST,_RS_SOP_RLS_REGION_USA->_RS_SOP_RLS_REGION_EAST->_RS_SOP_RLS_REGION_NORTHEAST,1,,False,2021-02-28T08:22:44.8720000-08:00,2021-02-28T16:22:44.8720000Z
_RS_SOP_RLS_REGION_SOUTH,SECURITYADMIN,NotUnderAccountAdmin,False,0,0,1,,,_RS_SOP_RLS_REGION_EAST,_RS_SOP_RLS_REGION_USA->_RS_SOP_RLS_REGION_EAST->_RS_SOP_RLS_REGION_SOUTH,1,,False,2021-02-28T08:22:45.2490000-08:00,2021-02-28T16:22:45.2490000Z
_RS_SOP_RLS_REGION_SOUTHWEST,SECURITYADMIN,NotUnderAccountAdmin,False,0,0,1,,,_RS_SOP_RLS_REGION_WEST,_RS_SOP_RLS_REGION_USA->_RS_SOP_RLS_REGION_WEST->_RS_SOP_RLS_REGION_SOUTHWEST,1,,False,2021-02-28T08:22:45.4810000-08:00,2021-02-28T16:22:45.4810000Z
_RS_SOP_RLS_REGION_USA,SECURITYADMIN,FunctionalNotUnderSysadmin,False,0,2,0,,"_RS_SOP_RLS_REGION_EAST,_RS_SOP_RLS_REGION_WEST",,_RS_SOP_RLS_REGION_USA,1,,False,2021-02-28T08:22:46.2980000-08:00,2021-02-28T16:22:46.2980000Z
_RS_SOP_RLS_REGION_WEST,SECURITYADMIN,FunctionalNotUnderSysadmin,False,0,2,1,,"_RS_SOP_RLS_REGION_MIDWEST,_RS_SOP_RLS_REGION_SOUTHWEST",_RS_SOP_RLS_REGION_USA,_RS_SOP_RLS_REGION_USA->_RS_SOP_RLS_REGION_WEST,1,,False,2021-02-28T08:22:46.0460000-08:00,2021-02-28T16:22:46.0460000Z
ACCOUNTADMIN,,BuiltIn,False,3,3,0,"BMORRISON_SKE,EROESCH_SKE,SCOOMBES_SKE","OKTA_PROVISIONER,SECURITYADMIN,SYSADMIN",,ACCOUNTADMIN,1,Account administrator can manage all aspects of the account.,False,2020-10-19T12:09:03.4120000-07:00,2020-10-19T19:09:03.4120000Z
DOP_P_ALERTING_ADMIN,SECURITYADMIN,Functional,False,1,2,1,EROESCH_SKE,"_AC_C_DOP_P_DEMO_ALERTING,_AC_O_SKE_P_ELT",SYSADMIN,ACCOUNTADMIN->SYSADMIN->DOP_P_ALERTING_ADMIN,1,,False,2021-03-01T04:42:15.4080000-08:00,2021-03-01T12:42:15.4080000Z
DOP_P_CLOUDWATCH_ADMIN,SECURITYADMIN,Functional,False,0,2,1,,"_AC_C_DOP_P_DEMO_CLOUDWATCH,_AC_O_SKE_P_ELT",SYSADMIN,ACCOUNTADMIN->SYSADMIN->DOP_P_CLOUDWATCH_ADMIN,1,,False,2021-02-27T04:01:01.7660000-08:00,2021-02-27T12:01:01.7660000Z
DOP_P_MONITOR_ADMIN,SECURITYADMIN,Functional,False,1,4,1,JBRODY_SKE,"_AC_C_DOP_P_DEMO_MONITOR,_AC_O_SKE_P_ELT,_AC_R_DOP_P_DEMO_ALERTING,_AC_X_TASK_ADMIN",SYSADMIN,ACCOUNTADMIN->SYSADMIN->DOP_P_MONITOR_ADMIN,1,,False,2021-02-25T04:30:45.3280000-08:00,2021-02-25T12:30:45.3280000Z
DSC_P_SENTIMENT_ADMIN,SECURITYADMIN,Functional,False,0,2,1,,"_AC_C_DSC_P_DEMO_SENTIMENT,_AC_O_SKE_P_ELT",SYSADMIN,ACCOUNTADMIN->SYSADMIN->DSC_P_SENTIMENT_ADMIN,1,,False,2021-02-27T04:04:53.7720000-08:00,2021-02-27T12:04:53.7720000Z
DSC_P_TWITTER_ADMIN,SECURITYADMIN,Functional,False,0,2,1,,"_AC_C_DSC_P_DEMO_TWITTER,_AC_O_SKE_P_ELT",SYSADMIN,ACCOUNTADMIN->SYSADMIN->DSC_P_TWITTER_ADMIN,1,,False,2021-02-27T04:04:53.9890000-08:00,2021-02-27T12:04:53.9890000Z
ENG_P_DATAGEN_ADMIN,SECURITYADMIN,Functional,False,0,2,1,,"_AC_C_ENG_P_DEMO_DATAGEN,_AC_O_SKE_P_ELT",SYSADMIN,ACCOUNTADMIN->SYSADMIN->ENG_P_DATAGEN_ADMIN,1,,False,2021-02-27T04:04:54.6570000-08:00,2021-02-27T12:04:54.6570000Z
ENG_P_XML_TO_JSON_ADMIN,SECURITYADMIN,Functional,False,0,2,1,,"_AC_C_ENG_P_DEMO_XML_TO_JSON,_AC_O_SKE_P_ELT",SYSADMIN,ACCOUNTADMIN->SYSADMIN->ENG_P_XML_TO_JSON_ADMIN,1,,False,2021-02-27T03:58:08.5490000-08:00,2021-02-27T11:58:08.5490000Z
OKTA_PROVISIONER,ACCOUNTADMIN,SCIM,False,0,0,1,,,ACCOUNTADMIN,ACCOUNTADMIN->OKTA_PROVISIONER,1,,False,2021-02-26T10:51:02.4790000-08:00,2021-02-26T18:51:02.4790000Z
ORGADMIN,,NotUnderAccountAdmin,False,1,0,0,EROESCH_SKE,,,ORGADMIN,1,Organization administrator can manage organizations and accounts in organizations,False,2020-10-19T12:16:01.9620000-07:00,2020-10-19T19:16:01.9620000Z
PST_WORKSPACE,SECURITYADMIN,FunctionalNotUnderSysadmin,False,0,2,0,,"_AC_C_SKE_P_WRK,SKE_P_DEMO",,PST_WORKSPACE,1,,False,2021-02-27T04:00:59.7920000-08:00,2021-02-27T12:00:59.7920000Z
PUBLIC,,BuiltIn,True,0,0,0,,,,PUBLIC,1,Public role is automatically available to every user in the account.,False,2020-10-19T12:09:03.3840000-07:00,2020-10-19T19:09:03.3840000Z
SECURITYADMIN,,BuiltIn,False,0,1,1,,USERADMIN,ACCOUNTADMIN,ACCOUNTADMIN->SECURITYADMIN,1,Security administrator can manage security aspects of the account.,False,2020-10-19T12:09:03.4250000-07:00,2020-10-19T19:09:03.4250000Z
SKE_P_DDM_HR_CLERK,SECURITYADMIN,FunctionalNotUnderSysadmin,False,1,1,1,EROESCH_SKE,SKE_P_DEMO,SKE_P_DDM_HR_MGR,SKE_P_DDM_HR_MGR->SKE_P_DDM_HR_CLERK,1,,False,2021-03-01T04:36:55.9440000-08:00,2021-03-01T12:36:55.9440000Z
SKE_P_DDM_HR_MGR,SECURITYADMIN,FunctionalNotUnderSysadmin,False,1,1,0,EROESCH_SKE,SKE_P_DDM_HR_CLERK,,SKE_P_DDM_HR_MGR,1,,False,2021-03-01T04:40:21.9210000-08:00,2021-03-01T12:40:21.9210000Z
SKE_P_DEMO,OKTA_PROVISIONER,FunctionalNotUnderSysadmin,False,170,11,2,"A.RAJOLAPESCARINI,ABHITEJ.GOPIREDDY,ADAM.CROSBY,ALBIE.KOTZE,ALEXANDER.KHOKHLOV,ALINA.ESQUIVEL,ALISTAIR.JAYNE-COUPE,AMAR.AVULA,ANDRAS.FEHER,ANDREAS.LISKES,ANDREW.OH,ANDY.BLANCO,ANNE.SIDARI,ANTHONY.FOOTE,ARIHANT.JAIN,ARINDAM.GUHA,ARUN.MUNIYANDI,AVINASH.SINGH,BALA.SHANKAR,BEN.STATON,BENEDIKT.ENGEL,BING.CHEN,BISHAM.HARAH,BOB.MORRISON,BRETT.BALOUN,BROOKE.BOWIE,BRYAN.PLANTES,C.BRETSCHNEIDER,C.CHRISTOPHORIDIS,CARL.MARTIN,CARRIE.GOTT,CATALIN.BOBARNAC,CHASE.ROMANO,CHRISTIAN.BRAUN,CHUCK.DIEWALD,COLLIN.CANNON,CUONG.NGUYENTIEN,DAN.FLIPPO,DANIEL.ODIEVICH,DANIEL.SANDLER,DANNY.BRYANT,DARIN.BRISKMAN,DAVID.TEPLOW,DELAN.DESILVA,DENNIS.PARTIN,DEREK.CARLSON,DHARMENDRA.SHAVKANI,DONNA.ALCANTARA,DUSTY.MANGUM,ELENA.GORYAINOVA,ERIC.BELL,ERIC.LETHIER,ERICK.ROESCH,ERIKA.BAKSE,EROESCH_SKE,GAUTAM.BHAWSAR,GENE.FURIBONDO,GINA.BLAND,GINNY.WONG,GOVARDHAN.KATIREDDY,GREG.MARRON,GREGORY.SITZMAN,GURSOY.YERLI,HARISH.PARAMESWARAN,HILDA.DAVIES,IAN.FICKLING,IHOR.KARBOVSKYY,JAAKKO.LEVOMAKI,JACKIE.CHANDLER,JAI.PARMAR,JAMES.BRODY,JAMEY.PHILLIPS,JASON.SNYDER,JBRODY_SKE,JEDIDIAH.RAJBHUSHAN,JERRY.LOCKE,JIM.DEMITRIOU,JOANNA.JOHNSTON,JOHN.ADAMS,JOHN.DACOSTA,JOHN.RYAN,JOSHUA.SKARPHOL,JUSTINE.MCGONAGLE,KALA.GOVINDARAJAN,KEITH.HOYLE,KEITH.SMITH,KETAN.JANI,KHALID.REHMAN,KIM.TE,KISHORE.TATAVARTHI,KUMARAN.RAGHUNATHAN,LISA.CARDER,LYDIA.MANCINI,MAGNUS.HOOK,MAHE.DURAISWAMI,MARC.HENDERSON,MARCEL.MARRAS,MARCIN.KULAKOWSKI,MARION.BROWN,MARK.MAYO,MARTEN.PAULSSON,MARTIN.BADROCK,MATT.BRADY,MATT.PROCTOR,MATTHEW.KVANCZ,MATTHEW.STORA,MATTHEW.WIDEMAN,MAURICE.SAAH,MEI.LEE,MELINDA.WEBSTER,MICHAEL.GOODMAN,MICHAEL.HENSON,MICHAEL.RAINEY,MICHAEL.VANFOSSEN,MICHAEL.WALTON,MIKE.DONOVAN,MIKE.GOHL,MIKHAIL.FERNANDEZ,MINEAKI.MOTOHASHI,MRIDUL.JHUNJHUNWALA,MURALI.MADHUSUDANA,NAVEEN.CHINTHAPALLY,OMAR.AKIL,P.PURUSHOTHAMAN,PARESH.ADHIA,PAUL.MARIC,PETER.CAULFIELD,PETR.NEJTEK,PHILIPPE.TORRES,PRATEEK.PARASHAR,R.SREENIVASAN,RADX.RADHAKRISHNAN,RALPH.DREILICH,RAMAK.AFLATOONI,RANDY.SEERDEN,RATHEESH.NELLIKAL,RAUL.GONZALEZ,RAVI.KRISHNASWAMI,REDA.BERRADA,RICARDO.ALVAREZ,RICHARD.MORWOOD,RICHARD.MURNANE,ROBERT.TRENKAMP,RYAN.BARNES,SALVADOR.MARTINEZ,SAMIT.JAIN,SANKEY.ALEXANDER,SCOTT.REDDING,SEAN.HICKEY,SHARVAN.KUMAR,SHAWN.RAMSEY,SIMON.COOMBES,SUBHASH.BANDLA,SUNNY.MALIK,SURAJ.RAJAN,TED.BRACKIN,TED.READYHOUGH,THOMAS.CHURCHILL,THOMAS.MOORE,TIM.SALCH,TRAVIS.STERNER,UDAY.KALATHIA,UWE.HALBAUER,VINCENT.DELANY,VIVEK.DIWADE,WILL.RILEY,WRAY.FUCCI,YANG.LIU,ZACK.HOWE,ZHENG.LI","_AC_R_DOP_P_DEMO_ALERTING,_AC_R_DOP_P_DEMO_CLOUDWATCH,_AC_R_DOP_P_DEMO_MONITOR,_AC_R_DSC_P_DEMO_SENTIMENT,_AC_R_DSC_P_DEMO_TWITTER,_AC_R_ENG_P_DEMO_DATAGEN,_AC_R_ENG_P_DEMO_XML_TO_JSON,_AC_R_SOP_P_DEMO_RBAC_GEN,_AC_R_SOP_P_DEMO_RLS,_AC_U_SKE_P_ADHOC_BIG,_AC_U_SKE_P_ADHOC_TINY","PST_WORKSPACE,SKE_P_DDM_HR_CLERK","PST_WORKSPACE->SKE_P_DEMO
SKE_P_DDM_HR_MGR->SKE_P_DDM_HR_CLERK->SKE_P_DEMO",2,,False,2021-02-26T11:09:30.7330000-08:00,2021-02-26T19:09:30.7330000Z
SKE_P_UTIL_ADMIN,SECURITYADMIN,FunctionalNotUnderSysadmin,False,0,2,0,,"_AC_C_COM_P_UTIL,_AC_X_TASK_ADMIN",,SKE_P_UTIL_ADMIN,1,,False,2021-02-27T04:04:55.2050000-08:00,2021-02-27T12:04:55.2050000Z
SOP_P_DDM_ADMIN,SECURITYADMIN,Functional,False,0,2,1,,"_AC_C_SOP_P_DEMO_DDM,_AC_O_SKE_P_ELT",SYSADMIN,ACCOUNTADMIN->SYSADMIN->SOP_P_DDM_ADMIN,1,,False,2021-03-01T04:43:36.9870000-08:00,2021-03-01T12:43:36.9870000Z
SOP_P_RBAC_GEN_ADMIN,SECURITYADMIN,Functional,False,0,1,1,,_AC_O_SKE_P_ELT,SYSADMIN,ACCOUNTADMIN->SYSADMIN->SOP_P_RBAC_GEN_ADMIN,1,,False,2021-02-27T13:40:34.4070000-08:00,2021-02-27T21:40:34.4070000Z
SOP_P_RLS_ADMIN,SECURITYADMIN,Functional,False,0,3,1,,"_AC_C_SOP_P_DEMO_RLS,_AC_O_SKE_P_ELT,_AC_R_ENG_P_DEMO_DATAGEN",SYSADMIN,ACCOUNTADMIN->SYSADMIN->SOP_P_RLS_ADMIN,1,,False,2021-02-27T13:38:33.0520000-08:00,2021-02-27T21:38:33.0520000Z
SYSADMIN,,BuiltIn,False,4,28,1,"BMORRISON_SKE,EROESCH_SKE,JBRODY_SKE,JBRODY_SKE","_AC_C_COM_P_UTIL,_AC_C_COM_P_UTIL_DB_SCH_BR,_AC_C_DOP_P_DEMO_ALERTING,_AC_C_DOP_P_DEMO_CLOUDWATCH,_AC_C_DOP_P_DEMO_MONITOR,_AC_C_DSC_P_DEMO_SENTIMENT,_AC_C_DSC_P_DEMO_TWITTER,_AC_C_ENG_P_DEMO_DATAGEN,_AC_C_ENG_P_DEMO_XML_TO_JSON,_AC_C_SKE_P_WRK,_AC_C_SOP_P_DEMO_DDM,_AC_C_SOP_P_DEMO_RBAC_GEN,_AC_C_SOP_P_DEMO_RLS,_AC_C_SOP_P_MSTR_DDM,_AC_O_SKE_P_ADHOC_BIG,_AC_O_SKE_P_ADHOC_TINY,_AC_O_SKE_P_ELT,_AC_X_TASK_ADMIN,DOP_P_ALERTING_ADMIN,DOP_P_CLOUDWATCH_ADMIN,DOP_P_MONITOR_ADMIN,DSC_P_SENTIMENT_ADMIN,DSC_P_TWITTER_ADMIN,ENG_P_DATAGEN_ADMIN,ENG_P_XML_TO_JSON_ADMIN,SOP_P_DDM_ADMIN,SOP_P_RBAC_GEN_ADMIN,SOP_P_RLS_ADMIN",ACCOUNTADMIN,ACCOUNTADMIN->SYSADMIN,1,System administrator can create and manage databases and warehouses.,False,2020-10-19T12:09:03.4400000-07:00,2020-10-19T19:09:03.4400000Z
USERADMIN,,BuiltIn,False,0,0,1,,,SECURITYADMIN,ACCOUNTADMIN->SECURITYADMIN->USERADMIN,1,User administrator can create and manage users and roles,False,2020-10-19T12:09:03.4520000-07:00,2020-10-19T19:09:03.4520000Z
