Name,GrantedTo,DirectAncestry,AncestryPaths,NumAncestryPaths,ImportantAncestor,Type
_AC_C_DSC_P_DEMO_TWITTER,DSC_P_TWITTER_ADMIN,DSC_P_TWITTER_ADMIN->_AC_C_DSC_P_DEMO_TWITTER,"ACCOUNTADMIN->SYSADMIN->DSC_P_TWITTER_ADMIN->_AC_C_DSC_P_DEMO_TWITTER
ACCOUNTADMIN->SYSADMIN->_AC_C_DSC_P_DEMO_TWITTER",2,,Access
_AC_C_DSC_P_DEMO_TWITTER,SYSADMIN,SYSADMIN->_AC_C_DSC_P_DEMO_TWITTER,"ACCOUNTADMIN->SYSADMIN->DSC_P_TWITTER_ADMIN->_AC_C_DSC_P_DEMO_TWITTER
ACCOUNTADMIN->SYSADMIN->_AC_C_DSC_P_DEMO_TWITTER",2,,Access
_AC_R_DSC_P_DEMO_TWITTER,_AC_W_DSC_P_DEMO_TWITTER,_AC_W_DSC_P_DEMO_TWITTER->_AC_R_DSC_P_DEMO_TWITTER,"ACCOUNTADMIN->SYSADMIN->DSC_P_TWITTER_ADMIN->_AC_C_DSC_P_DEMO_TWITTER->_AC_W_DSC_P_DEMO_TWITTER->_AC_R_DSC_P_DEMO_TWITTER
ACCOUNTADMIN->SYSADMIN->_AC_C_DSC_P_DEMO_TWITTER->_AC_W_DSC_P_DEMO_TWITTER->_AC_R_DSC_P_DEMO_TWITTER
PST_WORKSPACE->SKE_P_DEMO->_AC_R_DSC_P_DEMO_TWITTER
SKE_P_DDM_HR_MGR->SKE_P_DDM_HR_CLERK->SKE_P_DEMO->_AC_R_DSC_P_DEMO_TWITTER",4,,Unknown
_AC_W_DSC_P_DEMO_TWITTER,_AC_C_DSC_P_DEMO_TWITTER,_AC_C_DSC_P_DEMO_TWITTER->_AC_W_DSC_P_DEMO_TWITTER,"ACCOUNTADMIN->SYSADMIN->DSC_P_TWITTER_ADMIN->_AC_C_DSC_P_DEMO_TWITTER->_AC_W_DSC_P_DEMO_TWITTER
ACCOUNTADMIN->SYSADMIN->_AC_C_DSC_P_DEMO_TWITTER->_AC_W_DSC_P_DEMO_TWITTER",2,,Functional
DSC_P_TWITTER_ADMIN,SYSADMIN,SYSADMIN->DSC_P_TWITTER_ADMIN,ACCOUNTADMIN->SYSADMIN->DSC_P_TWITTER_ADMIN,1,,Functional
SYSADMIN,ACCOUNTADMIN,ACCOUNTADMIN->SYSADMIN,ACCOUNTADMIN->SYSADMIN,1,,BuiltIn
