Name,GrantedTo,DirectAncestry,AncestryPaths,NumAncestryPaths,ImportantAncestor,Type
_AC_C_SOP_P_MSTR_DDM,SYSADMIN,SYSADMIN->_AC_C_SOP_P_MSTR_DDM,ACCOUNTADMIN->SYSADMIN->_AC_C_SOP_P_MSTR_DDM,1,,Functional
_AC_R_SOP_P_MSTR_DDM,_AC_W_SOP_P_MSTR_DDM,_AC_W_SOP_P_MSTR_DDM->_AC_R_SOP_P_MSTR_DDM,ACCOUNTADMIN->SYSADMIN->_AC_C_SOP_P_MSTR_DDM->_AC_W_SOP_P_MSTR_DDM->_AC_R_SOP_P_MSTR_DDM,1,,Unknown
_AC_W_SOP_P_MSTR_DDM,_AC_C_SOP_P_MSTR_DDM,_AC_C_SOP_P_MSTR_DDM->_AC_W_SOP_P_MSTR_DDM,ACCOUNTADMIN->SYSADMIN->_AC_C_SOP_P_MSTR_DDM->_AC_W_SOP_P_MSTR_DDM,1,,Functional
SYSADMIN,ACCOUNTADMIN,ACCOUNTADMIN->SYSADMIN,ACCOUNTADMIN->SYSADMIN,1,,BuiltIn
