Name,GrantedTo,DirectAncestry,AncestryPaths,NumAncestryPaths,ImportantAncestor,Type
_AC_O_SKE_P_ADHOC_TINY,SYSADMIN,SYSADMIN->_AC_O_SKE_P_ADHOC_TINY,ACCOUNTADMIN->SYSADMIN->_AC_O_SKE_P_ADHOC_TINY,1,,Functional
_AC_U_SKE_P_ADHOC_TINY,_AC_O_SKE_P_ADHOC_TINY,_AC_O_SKE_P_ADHOC_TINY->_AC_U_SKE_P_ADHOC_TINY,"ACCOUNTADMIN->SYSADMIN->_AC_O_SKE_P_ADHOC_TINY->_AC_U_SKE_P_ADHOC_TINY
PST_WORKSPACE->SKE_P_DEMO->_AC_U_SKE_P_ADHOC_TINY
SKE_P_DDM_HR_MGR->SKE_P_DDM_HR_CLERK->SKE_P_DEMO->_AC_U_SKE_P_ADHOC_TINY",3,,Unknown
_AC_U_SKE_P_ADHOC_TINY,SKE_P_DEMO,SKE_P_DEMO->_AC_U_SKE_P_ADHOC_TINY,"ACCOUNTADMIN->SYSADMIN->_AC_O_SKE_P_ADHOC_TINY->_AC_U_SKE_P_ADHOC_TINY
PST_WORKSPACE->SKE_P_DEMO->_AC_U_SKE_P_ADHOC_TINY
SKE_P_DDM_HR_MGR->SKE_P_DDM_HR_CLERK->SKE_P_DEMO->_AC_U_SKE_P_ADHOC_TINY",3,,Unknown
SKE_P_DDM_HR_CLERK,SKE_P_DDM_HR_MGR,SKE_P_DDM_HR_MGR->SKE_P_DDM_HR_CLERK,SKE_P_DDM_HR_MGR->SKE_P_DDM_HR_CLERK,1,,FunctionalNotUnderSysadmin
SKE_P_DEMO,PST_WORKSPACE,PST_WORKSPACE->SKE_P_DEMO,"PST_WORKSPACE->SKE_P_DEMO
SKE_P_DDM_HR_MGR->SKE_P_DDM_HR_CLERK->SKE_P_DEMO",2,,FunctionalNotUnderSysadmin
SKE_P_DEMO,SKE_P_DDM_HR_CLERK,SKE_P_DDM_HR_CLERK->SKE_P_DEMO,"PST_WORKSPACE->SKE_P_DEMO
SKE_P_DDM_HR_MGR->SKE_P_DDM_HR_CLERK->SKE_P_DEMO",2,,FunctionalNotUnderSysadmin
SYSADMIN,ACCOUNTADMIN,ACCOUNTADMIN->SYSADMIN,ACCOUNTADMIN->SYSADMIN,1,,BuiltIn
