Name,GrantedTo,DirectAncestry,AncestryPaths,NumAncestryPaths,ImportantAncestor,Type
_AC_C_ENG_P_DEMO_DATAGEN,ENG_P_DATAGEN_ADMIN,ENG_P_DATAGEN_ADMIN->_AC_C_ENG_P_DEMO_DATAGEN,"ACCOUNTADMIN->SYSADMIN->ENG_P_DATAGEN_ADMIN->_AC_C_ENG_P_DEMO_DATAGEN
ACCOUNTADMIN->SYSADMIN->_AC_C_ENG_P_DEMO_DATAGEN",2,,Access
_AC_C_ENG_P_DEMO_DATAGEN,SYSADMIN,SYSADMIN->_AC_C_ENG_P_DEMO_DATAGEN,"ACCOUNTADMIN->SYSADMIN->ENG_P_DATAGEN_ADMIN->_AC_C_ENG_P_DEMO_DATAGEN
ACCOUNTADMIN->SYSADMIN->_AC_C_ENG_P_DEMO_DATAGEN",2,,Access
_AC_R_ENG_P_DEMO_DATAGEN,_AC_W_ENG_P_DEMO_DATAGEN,_AC_W_ENG_P_DEMO_DATAGEN->_AC_R_ENG_P_DEMO_DATAGEN,"ACCOUNTADMIN->SYSADMIN->ENG_P_DATAGEN_ADMIN->_AC_C_ENG_P_DEMO_DATAGEN->_AC_W_ENG_P_DEMO_DATAGEN->_AC_R_ENG_P_DEMO_DATAGEN
ACCOUNTADMIN->SYSADMIN->_AC_C_ENG_P_DEMO_DATAGEN->_AC_W_ENG_P_DEMO_DATAGEN->_AC_R_ENG_P_DEMO_DATAGEN
PST_WORKSPACE->SKE_P_DEMO->_AC_R_ENG_P_DEMO_DATAGEN
SKE_P_DDM_HR_MGR->SKE_P_DDM_HR_CLERK->SKE_P_DEMO->_AC_R_ENG_P_DEMO_DATAGEN
ACCOUNTADMIN->SYSADMIN->SOP_P_RLS_ADMIN->_AC_R_ENG_P_DEMO_DATAGEN",5,,Unknown
_AC_W_ENG_P_DEMO_DATAGEN,_AC_C_ENG_P_DEMO_DATAGEN,_AC_C_ENG_P_DEMO_DATAGEN->_AC_W_ENG_P_DEMO_DATAGEN,"ACCOUNTADMIN->SYSADMIN->ENG_P_DATAGEN_ADMIN->_AC_C_ENG_P_DEMO_DATAGEN->_AC_W_ENG_P_DEMO_DATAGEN
ACCOUNTADMIN->SYSADMIN->_AC_C_ENG_P_DEMO_DATAGEN->_AC_W_ENG_P_DEMO_DATAGEN",2,,Functional
ENG_P_DATAGEN_ADMIN,SYSADMIN,SYSADMIN->ENG_P_DATAGEN_ADMIN,ACCOUNTADMIN->SYSADMIN->ENG_P_DATAGEN_ADMIN,1,,Functional
SYSADMIN,ACCOUNTADMIN,ACCOUNTADMIN->SYSADMIN,ACCOUNTADMIN->SYSADMIN,1,,BuiltIn
