Name,Owner,Type,IsInherited,NumAssignedUsers,NumChildRoles,NumParentRoles,AssignedUsers,ChildRoles,ParentRoles,AncestryPaths,NumAncestryPaths,Comment,IsObjectIdentifierSpecialCharacters,CreatedOn,CreatedOnUTC
SOP_P_RLS_ADMIN,SECURITYADMIN,Functional,False,0,3,1,,"_AC_C_SOP_P_DEMO_RLS,_AC_O_SKE_P_ELT,_AC_R_ENG_P_DEMO_DATAGEN",SYSADMIN,ACCOUNTADMIN->SYSADMIN->SOP_P_RLS_ADMIN,1,,False,2021-02-27T13:38:33.0520000-08:00,2021-02-27T21:38:33.0520000Z
SYSADMIN,,BuiltIn,False,4,28,1,"BMORRISON_SKE,EROESCH_SKE,JBRODY_SKE,JBRODY_SKE","_AC_C_COM_P_UTIL,_AC_C_COM_P_UTIL_DB_SCH_BR,_AC_C_DOP_P_DEMO_ALERTING,_AC_C_DOP_P_DEMO_CLOUDWATCH,_AC_C_DOP_P_DEMO_MONITOR,_AC_C_DSC_P_DEMO_SENTIMENT,_AC_C_DSC_P_DEMO_TWITTER,_AC_C_ENG_P_DEMO_DATAGEN,_AC_C_ENG_P_DEMO_XML_TO_JSON,_AC_C_SKE_P_WRK,_AC_C_SOP_P_DEMO_DDM,_AC_C_SOP_P_DEMO_RBAC_GEN,_AC_C_SOP_P_DEMO_RLS,_AC_C_SOP_P_MSTR_DDM,_AC_O_SKE_P_ADHOC_BIG,_AC_O_SKE_P_ADHOC_TINY,_AC_O_SKE_P_ELT,_AC_X_TASK_ADMIN,DOP_P_ALERTING_ADMIN,DOP_P_CLOUDWATCH_ADMIN,DOP_P_MONITOR_ADMIN,DSC_P_SENTIMENT_ADMIN,DSC_P_TWITTER_ADMIN,ENG_P_DATAGEN_ADMIN,ENG_P_XML_TO_JSON_ADMIN,SOP_P_DDM_ADMIN,SOP_P_RBAC_GEN_ADMIN,SOP_P_RLS_ADMIN",ACCOUNTADMIN,ACCOUNTADMIN->SYSADMIN,1,System administrator can create and manage databases and warehouses.,False,2020-10-19T12:09:03.4400000-07:00,2020-10-19T19:09:03.4400000Z
ACCOUNTADMIN,,BuiltIn,False,3,3,0,"BMORRISON_SKE,EROESCH_SKE,SCOOMBES_SKE","OKTA_PROVISIONER,SECURITYADMIN,SYSADMIN",,ACCOUNTADMIN,1,Account administrator can manage all aspects of the account.,False,2020-10-19T12:09:03.4120000-07:00,2020-10-19T19:09:03.4120000Z
_AC_C_SOP_P_DEMO_RLS,SECURITYADMIN,Access,False,0,1,2,,_AC_W_SOP_P_DEMO_RLS,"SOP_P_RLS_ADMIN,SYSADMIN","ACCOUNTADMIN->SYSADMIN->SOP_P_RLS_ADMIN->_AC_C_SOP_P_DEMO_RLS
ACCOUNTADMIN->SYSADMIN->_AC_C_SOP_P_DEMO_RLS",2,,False,2021-02-26T12:08:55.7760000-08:00,2021-02-26T20:08:55.7760000Z
_AC_W_SOP_P_DEMO_RLS,SECURITYADMIN,Access,False,0,1,1,,_AC_R_SOP_P_DEMO_RLS,_AC_C_SOP_P_DEMO_RLS,"ACCOUNTADMIN->SYSADMIN->SOP_P_RLS_ADMIN->_AC_C_SOP_P_DEMO_RLS->_AC_W_SOP_P_DEMO_RLS
ACCOUNTADMIN->SYSADMIN->_AC_C_SOP_P_DEMO_RLS->_AC_W_SOP_P_DEMO_RLS",2,,False,2021-02-26T12:08:57.2920000-08:00,2021-02-26T20:08:57.2920000Z
_AC_R_SOP_P_DEMO_RLS,SECURITYADMIN,Access,True,0,0,2,,,"_AC_W_SOP_P_DEMO_RLS,SKE_P_DEMO","ACCOUNTADMIN->SYSADMIN->SOP_P_RLS_ADMIN->_AC_C_SOP_P_DEMO_RLS->_AC_W_SOP_P_DEMO_RLS->_AC_R_SOP_P_DEMO_RLS
ACCOUNTADMIN->SYSADMIN->_AC_C_SOP_P_DEMO_RLS->_AC_W_SOP_P_DEMO_RLS->_AC_R_SOP_P_DEMO_RLS
PST_WORKSPACE->SKE_P_DEMO->_AC_R_SOP_P_DEMO_RLS
SKE_P_DDM_HR_MGR->SKE_P_DDM_HR_CLERK->SKE_P_DEMO->_AC_R_SOP_P_DEMO_RLS",4,,False,2021-02-26T12:08:56.6970000-08:00,2021-02-26T20:08:56.6970000Z
_AC_O_SKE_P_ELT,SECURITYADMIN,Functional,False,0,1,11,,_AC_U_SKE_P_ELT,"DOP_P_ALERTING_ADMIN,DOP_P_CLOUDWATCH_ADMIN,DOP_P_MONITOR_ADMIN,DSC_P_SENTIMENT_ADMIN,DSC_P_TWITTER_ADMIN,ENG_P_DATAGEN_ADMIN,ENG_P_XML_TO_JSON_ADMIN,SOP_P_DDM_ADMIN,SOP_P_RBAC_GEN_ADMIN,SOP_P_RLS_ADMIN,SYSADMIN","ACCOUNTADMIN->SYSADMIN->DOP_P_ALERTING_ADMIN->_AC_O_SKE_P_ELT
ACCOUNTADMIN->SYSADMIN->DOP_P_CLOUDWATCH_ADMIN->_AC_O_SKE_P_ELT
ACCOUNTADMIN->SYSADMIN->DOP_P_MONITOR_ADMIN->_AC_O_SKE_P_ELT
ACCOUNTADMIN->SYSADMIN->DSC_P_SENTIMENT_ADMIN->_AC_O_SKE_P_ELT
ACCOUNTADMIN->SYSADMIN->DSC_P_TWITTER_ADMIN->_AC_O_SKE_P_ELT
ACCOUNTADMIN->SYSADMIN->ENG_P_DATAGEN_ADMIN->_AC_O_SKE_P_ELT
ACCOUNTADMIN->SYSADMIN->ENG_P_XML_TO_JSON_ADMIN->_AC_O_SKE_P_ELT
ACCOUNTADMIN->SYSADMIN->SOP_P_DDM_ADMIN->_AC_O_SKE_P_ELT
ACCOUNTADMIN->SYSADMIN->SOP_P_RBAC_GEN_ADMIN->_AC_O_SKE_P_ELT
ACCOUNTADMIN->SYSADMIN->SOP_P_RLS_ADMIN->_AC_O_SKE_P_ELT
ACCOUNTADMIN->SYSADMIN->_AC_O_SKE_P_ELT",11,,False,2021-02-25T04:34:04.0070000-08:00,2021-02-25T12:34:04.0070000Z
_AC_U_SKE_P_ELT,SECURITYADMIN,Unknown,False,0,0,1,,,_AC_O_SKE_P_ELT,"ACCOUNTADMIN->SYSADMIN->DOP_P_ALERTING_ADMIN->_AC_O_SKE_P_ELT->_AC_U_SKE_P_ELT
ACCOUNTADMIN->SYSADMIN->DOP_P_CLOUDWATCH_ADMIN->_AC_O_SKE_P_ELT->_AC_U_SKE_P_ELT
ACCOUNTADMIN->SYSADMIN->DOP_P_MONITOR_ADMIN->_AC_O_SKE_P_ELT->_AC_U_SKE_P_ELT
ACCOUNTADMIN->SYSADMIN->DSC_P_SENTIMENT_ADMIN->_AC_O_SKE_P_ELT->_AC_U_SKE_P_ELT
ACCOUNTADMIN->SYSADMIN->DSC_P_TWITTER_ADMIN->_AC_O_SKE_P_ELT->_AC_U_SKE_P_ELT
ACCOUNTADMIN->SYSADMIN->ENG_P_DATAGEN_ADMIN->_AC_O_SKE_P_ELT->_AC_U_SKE_P_ELT
ACCOUNTADMIN->SYSADMIN->ENG_P_XML_TO_JSON_ADMIN->_AC_O_SKE_P_ELT->_AC_U_SKE_P_ELT
ACCOUNTADMIN->SYSADMIN->SOP_P_DDM_ADMIN->_AC_O_SKE_P_ELT->_AC_U_SKE_P_ELT
ACCOUNTADMIN->SYSADMIN->SOP_P_RBAC_GEN_ADMIN->_AC_O_SKE_P_ELT->_AC_U_SKE_P_ELT
ACCOUNTADMIN->SYSADMIN->SOP_P_RLS_ADMIN->_AC_O_SKE_P_ELT->_AC_U_SKE_P_ELT
ACCOUNTADMIN->SYSADMIN->_AC_O_SKE_P_ELT->_AC_U_SKE_P_ELT",11,,False,2021-02-25T04:34:04.7240000-08:00,2021-02-25T12:34:04.7240000Z
_AC_R_ENG_P_DEMO_DATAGEN,SECURITYADMIN,Unknown,True,0,0,3,,,"_AC_W_ENG_P_DEMO_DATAGEN,SKE_P_DEMO,SOP_P_RLS_ADMIN","ACCOUNTADMIN->SYSADMIN->ENG_P_DATAGEN_ADMIN->_AC_C_ENG_P_DEMO_DATAGEN->_AC_W_ENG_P_DEMO_DATAGEN->_AC_R_ENG_P_DEMO_DATAGEN
ACCOUNTADMIN->SYSADMIN->_AC_C_ENG_P_DEMO_DATAGEN->_AC_W_ENG_P_DEMO_DATAGEN->_AC_R_ENG_P_DEMO_DATAGEN
PST_WORKSPACE->SKE_P_DEMO->_AC_R_ENG_P_DEMO_DATAGEN
SKE_P_DDM_HR_MGR->SKE_P_DDM_HR_CLERK->SKE_P_DEMO->_AC_R_ENG_P_DEMO_DATAGEN
ACCOUNTADMIN->SYSADMIN->SOP_P_RLS_ADMIN->_AC_R_ENG_P_DEMO_DATAGEN",5,,False,2021-02-27T03:45:33.4480000-08:00,2021-02-27T11:45:33.4480000Z
