Name,GrantedTo,DirectAncestry,AncestryPaths,NumAncestryPaths,ImportantAncestor,Type
_AC_C_SKE_P_WRK,PST_WORKSPACE,PST_WORKSPACE->_AC_C_SKE_P_WRK,"PST_WORKSPACE->_AC_C_SKE_P_WRK
ACCOUNTADMIN->SYSADMIN->_AC_C_SKE_P_WRK",2,,Functional
_AC_C_SKE_P_WRK,SYSADMIN,SYSADMIN->_AC_C_SKE_P_WRK,"PST_WORKSPACE->_AC_C_SKE_P_WRK
ACCOUNTADMIN->SYSADMIN->_AC_C_SKE_P_WRK",2,,Functional
_AC_R_SKE_P_WRK,_AC_W_SKE_P_WRK,_AC_W_SKE_P_WRK->_AC_R_SKE_P_WRK,"PST_WORKSPACE->_AC_C_SKE_P_WRK->_AC_W_SKE_P_WRK->_AC_R_SKE_P_WRK
ACCOUNTADMIN->SYSADMIN->_AC_C_SKE_P_WRK->_AC_W_SKE_P_WRK->_AC_R_SKE_P_WRK",2,,Unknown
_AC_W_SKE_P_WRK,_AC_C_SKE_P_WRK,_AC_C_SKE_P_WRK->_AC_W_SKE_P_WRK,"PST_WORKSPACE->_AC_C_SKE_P_WRK->_AC_W_SKE_P_WRK
ACCOUNTADMIN->SYSADMIN->_AC_C_SKE_P_WRK->_AC_W_SKE_P_WRK",2,,Functional
SYSADMIN,ACCOUNTADMIN,ACCOUNTADMIN->SYSADMIN,ACCOUNTADMIN->SYSADMIN,1,,BuiltIn
