Name,GrantedTo,DirectAncestry,AncestryPaths,NumAncestryPaths,ImportantAncestor,Type
_AC_C_SOP_P_DEMO_DDM,SOP_P_DDM_ADMIN,SOP_P_DDM_ADMIN->_AC_C_SOP_P_DEMO_DDM,"ACCOUNTADMIN->SYSADMIN->SOP_P_DDM_ADMIN->_AC_C_SOP_P_DEMO_DDM
ACCOUNTADMIN->SYSADMIN->_AC_C_SOP_P_DEMO_DDM",2,,Functional
_AC_C_SOP_P_DEMO_DDM,SYSADMIN,SYSADMIN->_AC_C_SOP_P_DEMO_DDM,"ACCOUNTADMIN->SYSADMIN->SOP_P_DDM_ADMIN->_AC_C_SOP_P_DEMO_DDM
ACCOUNTADMIN->SYSADMIN->_AC_C_SOP_P_DEMO_DDM",2,,Functional
_AC_R_SOP_P_DEMO_DDM,_AC_W_SOP_P_DEMO_DDM,_AC_W_SOP_P_DEMO_DDM->_AC_R_SOP_P_DEMO_DDM,"ACCOUNTADMIN->SYSADMIN->SOP_P_DDM_ADMIN->_AC_C_SOP_P_DEMO_DDM->_AC_W_SOP_P_DEMO_DDM->_AC_R_SOP_P_DEMO_DDM
ACCOUNTADMIN->SYSADMIN->_AC_C_SOP_P_DEMO_DDM->_AC_W_SOP_P_DEMO_DDM->_AC_R_SOP_P_DEMO_DDM",2,,Unknown
_AC_W_SOP_P_DEMO_DDM,_AC_C_SOP_P_DEMO_DDM,_AC_C_SOP_P_DEMO_DDM->_AC_W_SOP_P_DEMO_DDM,"ACCOUNTADMIN->SYSADMIN->SOP_P_DDM_ADMIN->_AC_C_SOP_P_DEMO_DDM->_AC_W_SOP_P_DEMO_DDM
ACCOUNTADMIN->SYSADMIN->_AC_C_SOP_P_DEMO_DDM->_AC_W_SOP_P_DEMO_DDM",2,,Functional
SOP_P_DDM_ADMIN,SYSADMIN,SYSADMIN->SOP_P_DDM_ADMIN,ACCOUNTADMIN->SYSADMIN->SOP_P_DDM_ADMIN,1,,Functional
SYSADMIN,ACCOUNTADMIN,ACCOUNTADMIN->SYSADMIN,ACCOUNTADMIN->SYSADMIN,1,,BuiltIn
