Name,GrantedTo,DirectAncestry,AncestryPaths,NumAncestryPaths,ImportantAncestor,Type
_AC_C_COM_P_UTIL_DB_SCH_BR,SYSADMIN,SYSADMIN->_AC_C_COM_P_UTIL_DB_SCH_BR,ACCOUNTADMIN->SYSADMIN->_AC_C_COM_P_UTIL_DB_SCH_BR,1,,Functional
_AC_R_COM_P_UTIL_DB_SCH_BR,_AC_W_COM_P_UTIL_DB_SCH_BR,_AC_W_COM_P_UTIL_DB_SCH_BR->_AC_R_COM_P_UTIL_DB_SCH_BR,ACCOUNTADMIN->SYSADMIN->_AC_C_COM_P_UTIL_DB_SCH_BR->_AC_W_COM_P_UTIL_DB_SCH_BR->_AC_R_COM_P_UTIL_DB_SCH_BR,1,,Unknown
_AC_W_COM_P_UTIL_DB_SCH_BR,_AC_C_COM_P_UTIL_DB_SCH_BR,_AC_C_COM_P_UTIL_DB_SCH_BR->_AC_W_COM_P_UTIL_DB_SCH_BR,ACCOUNTADMIN->SYSADMIN->_AC_C_COM_P_UTIL_DB_SCH_BR->_AC_W_COM_P_UTIL_DB_SCH_BR,1,,Functional
SYSADMIN,ACCOUNTADMIN,ACCOUNTADMIN->SYSADMIN,ACCOUNTADMIN->SYSADMIN,1,,BuiltIn
