Name,ObjectType,GrantedTo,GrantedBy,CreatedOn,CreatedOnUTC
_AC_C_COM_P_UTIL,ROLE,SKE_P_UTIL_ADMIN,SECURITYADMIN,2021-02-27T04:04:55.4950000-08:00,2021-02-27T12:04:55.4950000Z
_AC_C_COM_P_UTIL,ROLE,SYSADMIN,SECURITYADMIN,2021-02-27T03:55:44.9440000-08:00,2021-02-27T11:55:44.9440000Z
_AC_C_COM_P_UTIL_DB_SCH_BR,ROLE,SYSADMIN,SECURITYADMIN,2021-02-27T03:47:20.4400000-08:00,2021-02-27T11:47:20.4400000Z
_AC_C_DOP_P_DEMO_ALERTING,ROLE,DOP_P_ALERTING_ADMIN,SECURITYADMIN,2021-03-01T04:49:15.9550000-08:00,2021-03-01T12:49:15.9550000Z
_AC_C_DOP_P_DEMO_ALERTING,ROLE,SYSADMIN,SECURITYADMIN,2021-02-27T04:04:19.4590000-08:00,2021-02-27T12:04:19.4590000Z
_AC_C_DOP_P_DEMO_CLOUDWATCH,ROLE,DOP_P_CLOUDWATCH_ADMIN,SECURITYADMIN,2021-02-27T04:04:53.4930000-08:00,2021-02-27T12:04:53.4930000Z
_AC_C_DOP_P_DEMO_CLOUDWATCH,ROLE,SYSADMIN,SECURITYADMIN,2021-02-27T04:03:19.3990000-08:00,2021-02-27T12:03:19.3990000Z
_AC_C_DOP_P_DEMO_MONITOR,ROLE,DOP_P_MONITOR_ADMIN,SECURITYADMIN,2021-02-25T04:30:45.2450000-08:00,2021-02-25T12:30:45.2450000Z
_AC_C_DOP_P_DEMO_MONITOR,ROLE,SYSADMIN,SECURITYADMIN,2021-02-25T04:15:30.3300000-08:00,2021-02-25T12:15:30.3300000Z
_AC_C_DSC_P_DEMO_SENTIMENT,ROLE,DSC_P_SENTIMENT_ADMIN,SECURITYADMIN,2021-02-27T04:04:54.4940000-08:00,2021-02-27T12:04:54.4940000Z
_AC_C_DSC_P_DEMO_SENTIMENT,ROLE,SYSADMIN,SECURITYADMIN,2021-02-27T03:46:28.3880000-08:00,2021-02-27T11:46:28.3880000Z
_AC_C_DSC_P_DEMO_TWITTER,ROLE,DSC_P_TWITTER_ADMIN,SECURITYADMIN,2021-02-27T04:04:54.4940000-08:00,2021-02-27T12:04:54.4940000Z
_AC_C_DSC_P_DEMO_TWITTER,ROLE,SYSADMIN,SECURITYADMIN,2021-02-27T03:46:28.3880000-08:00,2021-02-27T11:46:28.3880000Z
_AC_C_ENG_P_DEMO_DATAGEN,ROLE,ENG_P_DATAGEN_ADMIN,SECURITYADMIN,2021-02-27T04:04:54.4940000-08:00,2021-02-27T12:04:54.4940000Z
_AC_C_ENG_P_DEMO_DATAGEN,ROLE,SYSADMIN,SECURITYADMIN,2021-02-27T03:45:34.3340000-08:00,2021-02-27T11:45:34.3340000Z
_AC_C_ENG_P_DEMO_XML_TO_JSON,ROLE,ENG_P_XML_TO_JSON_ADMIN,SECURITYADMIN,2021-02-27T03:58:08.0880000-08:00,2021-02-27T11:58:08.0880000Z
_AC_C_ENG_P_DEMO_XML_TO_JSON,ROLE,SYSADMIN,SECURITYADMIN,2021-02-27T03:45:34.3340000-08:00,2021-02-27T11:45:34.3340000Z
_AC_C_SKE_P_WRK,ROLE,PST_WORKSPACE,SECURITYADMIN,2021-02-27T04:01:01.2610000-08:00,2021-02-27T12:01:01.2610000Z
_AC_C_SKE_P_WRK,ROLE,SYSADMIN,SECURITYADMIN,2021-02-23T14:12:50.3700000-08:00,2021-02-23T22:12:50.3700000Z
_AC_C_SOP_P_DEMO_DDM,ROLE,SOP_P_DDM_ADMIN,SECURITYADMIN,2021-03-01T04:44:18.6580000-08:00,2021-03-01T12:44:18.6580000Z
_AC_C_SOP_P_DEMO_DDM,ROLE,SYSADMIN,SECURITYADMIN,2021-02-26T12:08:57.1370000-08:00,2021-02-26T20:08:57.1370000Z
_AC_C_SOP_P_DEMO_RBAC_GEN,ROLE,SYSADMIN,SECURITYADMIN,2021-02-26T12:08:57.1370000-08:00,2021-02-26T20:08:57.1370000Z
_AC_C_SOP_P_DEMO_RLS,ROLE,SOP_P_RLS_ADMIN,SECURITYADMIN,2021-02-27T13:38:33.9130000-08:00,2021-02-27T21:38:33.9130000Z
_AC_C_SOP_P_DEMO_RLS,ROLE,SYSADMIN,SECURITYADMIN,2021-02-26T12:08:57.1370000-08:00,2021-02-26T20:08:57.1370000Z
_AC_C_SOP_P_MSTR_DDM,ROLE,SYSADMIN,SECURITYADMIN,2021-03-01T04:47:07.8270000-08:00,2021-03-01T12:47:07.8270000Z
_AC_O_SKE_P_ADHOC_BIG,ROLE,SYSADMIN,SECURITYADMIN,2021-02-25T04:34:04.4440000-08:00,2021-02-25T12:34:04.4440000Z
_AC_O_SKE_P_ADHOC_TINY,ROLE,SYSADMIN,SECURITYADMIN,2021-02-25T04:34:05.4450000-08:00,2021-02-25T12:34:05.4450000Z
_AC_O_SKE_P_ELT,ROLE,DOP_P_ALERTING_ADMIN,SECURITYADMIN,2021-03-01T04:49:23.9630000-08:00,2021-03-01T12:49:23.9630000Z
_AC_O_SKE_P_ELT,ROLE,DOP_P_CLOUDWATCH_ADMIN,SECURITYADMIN,2021-03-01T04:49:24.9640000-08:00,2021-03-01T12:49:24.9640000Z
_AC_O_SKE_P_ELT,ROLE,DOP_P_MONITOR_ADMIN,SECURITYADMIN,2021-02-25T04:40:26.8260000-08:00,2021-02-25T12:40:26.8260000Z
_AC_O_SKE_P_ELT,ROLE,DSC_P_SENTIMENT_ADMIN,SECURITYADMIN,2021-03-01T04:42:18.5380000-08:00,2021-03-01T12:42:18.5380000Z
_AC_O_SKE_P_ELT,ROLE,DSC_P_TWITTER_ADMIN,SECURITYADMIN,2021-03-01T04:42:55.5750000-08:00,2021-03-01T12:42:55.5750000Z
_AC_O_SKE_P_ELT,ROLE,ENG_P_DATAGEN_ADMIN,SECURITYADMIN,2021-03-01T04:36:55.2150000-08:00,2021-03-01T12:36:55.2150000Z
_AC_O_SKE_P_ELT,ROLE,ENG_P_XML_TO_JSON_ADMIN,SECURITYADMIN,2021-03-01T04:42:59.5790000-08:00,2021-03-01T12:42:59.5790000Z
_AC_O_SKE_P_ELT,ROLE,SOP_P_DDM_ADMIN,SECURITYADMIN,2021-03-01T04:44:59.6990000-08:00,2021-03-01T12:44:59.6990000Z
_AC_O_SKE_P_ELT,ROLE,SOP_P_RBAC_GEN_ADMIN,SECURITYADMIN,2021-02-27T13:40:35.0350000-08:00,2021-02-27T21:40:35.0350000Z
_AC_O_SKE_P_ELT,ROLE,SOP_P_RLS_ADMIN,SECURITYADMIN,2021-02-27T13:38:33.9130000-08:00,2021-02-27T21:38:33.9130000Z
_AC_O_SKE_P_ELT,ROLE,SYSADMIN,SECURITYADMIN,2021-02-25T04:34:05.4450000-08:00,2021-02-25T12:34:05.4450000Z
_AC_R_COM_P_UTIL,ROLE,_AC_W_COM_P_UTIL,SECURITYADMIN,2021-02-27T03:55:44.9440000-08:00,2021-02-27T11:55:44.9440000Z
_AC_R_COM_P_UTIL_DB_SCH_BR,ROLE,_AC_W_COM_P_UTIL_DB_SCH_BR,SECURITYADMIN,2021-02-27T03:47:20.4400000-08:00,2021-02-27T11:47:20.4400000Z
_AC_R_DOP_P_DEMO_ALERTING,ROLE,DOP_P_MONITOR_ADMIN,SECURITYADMIN,2021-03-03T14:43:07.3870000-08:00,2021-03-03T22:43:07.3870000Z
_AC_R_DOP_P_DEMO_ALERTING,ROLE,SKE_P_DEMO,SECURITYADMIN,2021-02-27T04:07:31.6510000-08:00,2021-02-27T12:07:31.6510000Z
_AC_R_DOP_P_DEMO_ALERTING,ROLE,_AC_W_DOP_P_DEMO_ALERTING,SECURITYADMIN,2021-02-27T04:04:19.4590000-08:00,2021-02-27T12:04:19.4590000Z
_AC_R_DOP_P_DEMO_CLOUDWATCH,ROLE,SKE_P_DEMO,SECURITYADMIN,2021-02-27T04:07:31.6510000-08:00,2021-02-27T12:07:31.6510000Z
_AC_R_DOP_P_DEMO_CLOUDWATCH,ROLE,_AC_W_DOP_P_DEMO_CLOUDWATCH,SECURITYADMIN,2021-02-27T04:03:19.3990000-08:00,2021-02-27T12:03:19.3990000Z
_AC_R_DOP_P_DEMO_MONITOR,ROLE,SKE_P_DEMO,SECURITYADMIN,2021-02-26T11:22:13.3330000-08:00,2021-02-26T19:22:13.3330000Z
_AC_R_DOP_P_DEMO_MONITOR,ROLE,_AC_W_DOP_P_DEMO_MONITOR,SECURITYADMIN,2021-02-25T04:15:30.3300000-08:00,2021-02-25T12:15:30.3300000Z
_AC_R_DSC_P_DEMO_SENTIMENT,ROLE,SKE_P_DEMO,SECURITYADMIN,2021-02-27T04:07:31.6510000-08:00,2021-02-27T12:07:31.6510000Z
_AC_R_DSC_P_DEMO_SENTIMENT,ROLE,_AC_W_DSC_P_DEMO_SENTIMENT,SECURITYADMIN,2021-02-27T03:46:28.3880000-08:00,2021-02-27T11:46:28.3880000Z
_AC_R_DSC_P_DEMO_TWITTER,ROLE,SKE_P_DEMO,SECURITYADMIN,2021-02-27T04:07:31.6510000-08:00,2021-02-27T12:07:31.6510000Z
_AC_R_DSC_P_DEMO_TWITTER,ROLE,_AC_W_DSC_P_DEMO_TWITTER,SECURITYADMIN,2021-02-27T03:46:28.3880000-08:00,2021-02-27T11:46:28.3880000Z
_AC_R_ENG_P_DEMO_DATAGEN,ROLE,SKE_P_DEMO,SECURITYADMIN,2021-02-27T04:07:31.6510000-08:00,2021-02-27T12:07:31.6510000Z
_AC_R_ENG_P_DEMO_DATAGEN,ROLE,SOP_P_RLS_ADMIN,SECURITYADMIN,2021-02-28T17:51:19.4790000-08:00,2021-03-01T01:51:19.4790000Z
_AC_R_ENG_P_DEMO_DATAGEN,ROLE,_AC_W_ENG_P_DEMO_DATAGEN,SECURITYADMIN,2021-02-27T03:45:34.3340000-08:00,2021-02-27T11:45:34.3340000Z
_AC_R_ENG_P_DEMO_XML_TO_JSON,ROLE,SKE_P_DEMO,SECURITYADMIN,2021-02-27T04:07:31.6510000-08:00,2021-02-27T12:07:31.6510000Z
_AC_R_ENG_P_DEMO_XML_TO_JSON,ROLE,_AC_W_ENG_P_DEMO_XML_TO_JSON,SECURITYADMIN,2021-02-27T03:45:34.3340000-08:00,2021-02-27T11:45:34.3340000Z
_AC_R_SKE_P_WRK,ROLE,_AC_W_SKE_P_WRK,SECURITYADMIN,2021-02-23T14:12:50.3700000-08:00,2021-02-23T22:12:50.3700000Z
_AC_R_SOP_P_DEMO_DDM,ROLE,_AC_W_SOP_P_DEMO_DDM,SECURITYADMIN,2021-02-26T12:08:58.1380000-08:00,2021-02-26T20:08:58.1380000Z
_AC_R_SOP_P_DEMO_RBAC_GEN,ROLE,SKE_P_DEMO,SECURITYADMIN,2021-02-26T12:34:52.6920000-08:00,2021-02-26T20:34:52.6920000Z
_AC_R_SOP_P_DEMO_RBAC_GEN,ROLE,_AC_W_SOP_P_DEMO_RBAC_GEN,SECURITYADMIN,2021-02-26T12:08:58.1380000-08:00,2021-02-26T20:08:58.1380000Z
_AC_R_SOP_P_DEMO_RLS,ROLE,SKE_P_DEMO,SECURITYADMIN,2021-02-26T12:34:54.6940000-08:00,2021-02-26T20:34:54.6940000Z
_AC_R_SOP_P_DEMO_RLS,ROLE,_AC_W_SOP_P_DEMO_RLS,SECURITYADMIN,2021-02-26T12:08:58.1380000-08:00,2021-02-26T20:08:58.1380000Z
_AC_R_SOP_P_MSTR_DDM,ROLE,_AC_W_SOP_P_MSTR_DDM,SECURITYADMIN,2021-03-01T04:47:07.8270000-08:00,2021-03-01T12:47:07.8270000Z
_AC_U_SKE_P_ADHOC_BIG,ROLE,SKE_P_DEMO,SECURITYADMIN,2021-02-26T12:05:12.9120000-08:00,2021-02-26T20:05:12.9120000Z
_AC_U_SKE_P_ADHOC_BIG,ROLE,_AC_O_SKE_P_ADHOC_BIG,SECURITYADMIN,2021-02-25T04:34:05.4450000-08:00,2021-02-25T12:34:05.4450000Z
_AC_U_SKE_P_ADHOC_TINY,ROLE,SKE_P_DEMO,SECURITYADMIN,2021-02-26T12:05:18.9180000-08:00,2021-02-26T20:05:18.9180000Z
_AC_U_SKE_P_ADHOC_TINY,ROLE,_AC_O_SKE_P_ADHOC_TINY,SECURITYADMIN,2021-02-25T04:37:32.6520000-08:00,2021-02-25T12:37:32.6520000Z
_AC_U_SKE_P_ELT,ROLE,_AC_O_SKE_P_ELT,SECURITYADMIN,2021-02-25T04:37:32.6520000-08:00,2021-02-25T12:37:32.6520000Z
_AC_W_COM_P_UTIL,ROLE,_AC_C_COM_P_UTIL,SECURITYADMIN,2021-02-27T03:55:44.9440000-08:00,2021-02-27T11:55:44.9440000Z
_AC_W_COM_P_UTIL_DB_SCH_BR,ROLE,_AC_C_COM_P_UTIL_DB_SCH_BR,SECURITYADMIN,2021-02-27T03:47:20.4400000-08:00,2021-02-27T11:47:20.4400000Z
_AC_W_DOP_P_DEMO_ALERTING,ROLE,_AC_C_DOP_P_DEMO_ALERTING,SECURITYADMIN,2021-02-27T04:04:19.4590000-08:00,2021-02-27T12:04:19.4590000Z
_AC_W_DOP_P_DEMO_CLOUDWATCH,ROLE,_AC_C_DOP_P_DEMO_CLOUDWATCH,SECURITYADMIN,2021-02-27T04:03:19.3990000-08:00,2021-02-27T12:03:19.3990000Z
_AC_W_DOP_P_DEMO_MONITOR,ROLE,_AC_C_DOP_P_DEMO_MONITOR,SECURITYADMIN,2021-02-25T04:15:30.3300000-08:00,2021-02-25T12:15:30.3300000Z
_AC_W_DSC_P_DEMO_SENTIMENT,ROLE,_AC_C_DSC_P_DEMO_SENTIMENT,SECURITYADMIN,2021-02-27T03:46:28.3880000-08:00,2021-02-27T11:46:28.3880000Z
_AC_W_DSC_P_DEMO_TWITTER,ROLE,_AC_C_DSC_P_DEMO_TWITTER,SECURITYADMIN,2021-02-27T03:46:29.3890000-08:00,2021-02-27T11:46:29.3890000Z
_AC_W_ENG_P_DEMO_DATAGEN,ROLE,_AC_C_ENG_P_DEMO_DATAGEN,SECURITYADMIN,2021-02-27T03:45:34.3340000-08:00,2021-02-27T11:45:34.3340000Z
_AC_W_ENG_P_DEMO_XML_TO_JSON,ROLE,_AC_C_ENG_P_DEMO_XML_TO_JSON,SECURITYADMIN,2021-02-27T03:45:35.3350000-08:00,2021-02-27T11:45:35.3350000Z
_AC_W_SKE_P_WRK,ROLE,_AC_C_SKE_P_WRK,SECURITYADMIN,2021-02-23T14:12:50.3700000-08:00,2021-02-23T22:12:50.3700000Z
_AC_W_SOP_P_DEMO_DDM,ROLE,_AC_C_SOP_P_DEMO_DDM,SECURITYADMIN,2021-02-26T12:08:58.1380000-08:00,2021-02-26T20:08:58.1380000Z
_AC_W_SOP_P_DEMO_RBAC_GEN,ROLE,_AC_C_SOP_P_DEMO_RBAC_GEN,SECURITYADMIN,2021-02-26T12:08:58.1380000-08:00,2021-02-26T20:08:58.1380000Z
_AC_W_SOP_P_DEMO_RLS,ROLE,_AC_C_SOP_P_DEMO_RLS,SECURITYADMIN,2021-02-26T12:08:58.1380000-08:00,2021-02-26T20:08:58.1380000Z
_AC_W_SOP_P_MSTR_DDM,ROLE,_AC_C_SOP_P_MSTR_DDM,SECURITYADMIN,2021-03-01T04:47:07.8270000-08:00,2021-03-01T12:47:07.8270000Z
_AC_X_TASK_ADMIN,ROLE,DOP_P_MONITOR_ADMIN,SECURITYADMIN,2021-02-25T04:40:26.8260000-08:00,2021-02-25T12:40:26.8260000Z
_AC_X_TASK_ADMIN,ROLE,SKE_P_UTIL_ADMIN,SECURITYADMIN,2021-02-27T04:04:55.4950000-08:00,2021-02-27T12:04:55.4950000Z
_AC_X_TASK_ADMIN,ROLE,SYSADMIN,SECURITYADMIN,2021-02-24T08:12:30.1500000-08:00,2021-02-24T16:12:30.1500000Z
_RS_SOP_RLS_REGION_EAST,ROLE,_RS_SOP_RLS_REGION_USA,SECURITYADMIN,2021-02-28T08:22:47.3670000-08:00,2021-02-28T16:22:47.3670000Z
_RS_SOP_RLS_REGION_MIDWEST,ROLE,_RS_SOP_RLS_REGION_WEST,SECURITYADMIN,2021-02-28T08:22:47.3670000-08:00,2021-02-28T16:22:47.3670000Z
_RS_SOP_RLS_REGION_NORTHEAST,ROLE,_RS_SOP_RLS_REGION_EAST,SECURITYADMIN,2021-02-28T08:22:46.3660000-08:00,2021-02-28T16:22:46.3660000Z
_RS_SOP_RLS_REGION_SOUTH,ROLE,_RS_SOP_RLS_REGION_EAST,SECURITYADMIN,2021-02-28T08:22:46.3660000-08:00,2021-02-28T16:22:46.3660000Z
_RS_SOP_RLS_REGION_SOUTHWEST,ROLE,_RS_SOP_RLS_REGION_WEST,SECURITYADMIN,2021-02-28T08:22:47.3670000-08:00,2021-02-28T16:22:47.3670000Z
_RS_SOP_RLS_REGION_WEST,ROLE,_RS_SOP_RLS_REGION_USA,SECURITYADMIN,2021-02-28T08:22:47.3670000-08:00,2021-02-28T16:22:47.3670000Z
DOP_P_ALERTING_ADMIN,ROLE,SYSADMIN,SECURITYADMIN,2021-03-01T04:49:03.9430000-08:00,2021-03-01T12:49:03.9430000Z
DOP_P_CLOUDWATCH_ADMIN,ROLE,SYSADMIN,SECURITYADMIN,2021-02-27T13:39:34.9740000-08:00,2021-02-27T21:39:34.9740000Z
DOP_P_MONITOR_ADMIN,ROLE,SYSADMIN,SECURITYADMIN,2021-02-25T05:02:19.1390000-08:00,2021-02-25T13:02:19.1390000Z
DSC_P_SENTIMENT_ADMIN,ROLE,SYSADMIN,SECURITYADMIN,2021-03-01T04:49:08.9480000-08:00,2021-03-01T12:49:08.9480000Z
DSC_P_TWITTER_ADMIN,ROLE,SYSADMIN,SECURITYADMIN,2021-03-01T04:49:09.9490000-08:00,2021-03-01T12:49:09.9490000Z
ENG_P_DATAGEN_ADMIN,ROLE,SYSADMIN,SECURITYADMIN,2021-03-01T04:49:10.9500000-08:00,2021-03-01T12:49:10.9500000Z
ENG_P_XML_TO_JSON_ADMIN,ROLE,SYSADMIN,SECURITYADMIN,2021-02-27T04:01:01.2610000-08:00,2021-02-27T12:01:01.2610000Z
OKTA_PROVISIONER,ROLE,ACCOUNTADMIN,ACCOUNTADMIN,2021-02-26T10:51:03.4630000-08:00,2021-02-26T18:51:03.4630000Z
SECURITYADMIN,ROLE,ACCOUNTADMIN,,2020-10-19T12:09:03.5430000-07:00,2020-10-19T19:09:03.5430000Z
SKE_P_DDM_HR_CLERK,ROLE,SKE_P_DDM_HR_MGR,SECURITYADMIN,2021-03-01T04:41:32.4920000-08:00,2021-03-01T12:41:32.4920000Z
SKE_P_DEMO,ROLE,PST_WORKSPACE,OKTA_PROVISIONER,2021-02-27T04:01:00.2600000-08:00,2021-02-27T12:01:00.2600000Z
SKE_P_DEMO,ROLE,SKE_P_DDM_HR_CLERK,OKTA_PROVISIONER,2021-03-01T04:43:12.5920000-08:00,2021-03-01T12:43:12.5920000Z
SOP_P_DDM_ADMIN,ROLE,SYSADMIN,SECURITYADMIN,2021-03-01T04:49:12.9520000-08:00,2021-03-01T12:49:12.9520000Z
SOP_P_RBAC_GEN_ADMIN,ROLE,SYSADMIN,SECURITYADMIN,2021-02-27T13:40:42.0420000-08:00,2021-02-27T21:40:42.0420000Z
SOP_P_RLS_ADMIN,ROLE,SYSADMIN,SECURITYADMIN,2021-02-27T13:40:42.0420000-08:00,2021-02-27T21:40:42.0420000Z
SYSADMIN,ROLE,ACCOUNTADMIN,,2020-10-19T12:09:03.5430000-07:00,2020-10-19T19:09:03.5430000Z
USERADMIN,ROLE,SECURITYADMIN,,2020-10-19T12:09:03.5430000-07:00,2020-10-19T19:09:03.5430000Z
_RS_SOP_RLS_MKTSEGMENT_FURNITURE,USER,EROESCH_SKE,SECURITYADMIN,2021-02-28T19:50:39.6390000-08:00,2021-03-01T03:50:39.6390000Z
_RS_SOP_RLS_REGION_EAST,USER,EROESCH_SKE,SECURITYADMIN,2021-02-28T18:05:49.3490000-08:00,2021-03-01T02:05:49.3490000Z
ACCOUNTADMIN,USER,BMORRISON_SKE,,2021-02-24T05:00:45.6450000-08:00,2021-02-24T13:00:45.6450000Z
ACCOUNTADMIN,USER,EROESCH_SKE,,2020-12-03T17:41:30.0900000-08:00,2020-12-04T01:41:30.0900000Z
ACCOUNTADMIN,USER,SCOOMBES_SKE,,2020-10-21T04:58:58.5380000-07:00,2020-10-21T11:58:58.5380000Z
DOP_P_ALERTING_ADMIN,USER,EROESCH_SKE,SECURITYADMIN,2021-03-03T15:38:50.7300000-08:00,2021-03-03T23:38:50.7300000Z
DOP_P_MONITOR_ADMIN,USER,JBRODY_SKE,SECURITYADMIN,2021-03-01T18:52:50.5700000-08:00,2021-03-02T02:52:50.5700000Z
ORGADMIN,USER,EROESCH_SKE,,2020-10-19T12:18:38.1180000-07:00,2020-10-19T19:18:38.1180000Z
SKE_P_DDM_HR_CLERK,USER,EROESCH_SKE,SECURITYADMIN,2021-03-01T06:31:28.0880000-08:00,2021-03-01T14:31:28.0880000Z
SKE_P_DDM_HR_MGR,USER,EROESCH_SKE,SECURITYADMIN,2021-03-01T06:33:13.1930000-08:00,2021-03-01T14:33:13.1930000Z
SKE_P_DEMO,USER,A.RAJOLAPESCARINI,OKTA_PROVISIONER,2021-03-03T09:26:10.3700000-08:00,2021-03-03T17:26:10.3700000Z
SKE_P_DEMO,USER,ABHITEJ.GOPIREDDY,OKTA_PROVISIONER,2021-03-03T09:26:07.3670000-08:00,2021-03-03T17:26:07.3670000Z
SKE_P_DEMO,USER,ADAM.CROSBY,OKTA_PROVISIONER,2021-03-03T09:25:52.3520000-08:00,2021-03-03T17:25:52.3520000Z
SKE_P_DEMO,USER,ALBIE.KOTZE,OKTA_PROVISIONER,2021-03-03T09:26:05.3650000-08:00,2021-03-03T17:26:05.3650000Z
SKE_P_DEMO,USER,ALEXANDER.KHOKHLOV,OKTA_PROVISIONER,2021-03-03T09:26:10.3700000-08:00,2021-03-03T17:26:10.3700000Z
SKE_P_DEMO,USER,ALINA.ESQUIVEL,OKTA_PROVISIONER,2021-03-03T09:25:48.3480000-08:00,2021-03-03T17:25:48.3480000Z
SKE_P_DEMO,USER,ALISTAIR.JAYNE-COUPE,OKTA_PROVISIONER,2021-03-03T09:25:49.3490000-08:00,2021-03-03T17:25:49.3490000Z
SKE_P_DEMO,USER,AMAR.AVULA,OKTA_PROVISIONER,2021-03-03T09:26:07.3670000-08:00,2021-03-03T17:26:07.3670000Z
SKE_P_DEMO,USER,ANDRAS.FEHER,OKTA_PROVISIONER,2021-03-03T09:25:48.3480000-08:00,2021-03-03T17:25:48.3480000Z
SKE_P_DEMO,USER,ANDREAS.LISKES,OKTA_PROVISIONER,2021-03-03T09:25:56.3560000-08:00,2021-03-03T17:25:56.3560000Z
SKE_P_DEMO,USER,ANDREW.OH,OKTA_PROVISIONER,2021-03-03T09:26:07.3670000-08:00,2021-03-03T17:26:07.3670000Z
SKE_P_DEMO,USER,ANDY.BLANCO,OKTA_PROVISIONER,2021-02-26T11:15:37.9370000-08:00,2021-02-26T19:15:37.9370000Z
SKE_P_DEMO,USER,ANNE.SIDARI,OKTA_PROVISIONER,2021-03-03T09:26:04.3640000-08:00,2021-03-03T17:26:04.3640000Z
SKE_P_DEMO,USER,ANTHONY.FOOTE,OKTA_PROVISIONER,2021-03-03T09:25:47.3470000-08:00,2021-03-03T17:25:47.3470000Z
SKE_P_DEMO,USER,ARIHANT.JAIN,OKTA_PROVISIONER,2021-03-03T09:26:05.3650000-08:00,2021-03-03T17:26:05.3650000Z
SKE_P_DEMO,USER,ARINDAM.GUHA,OKTA_PROVISIONER,2021-03-03T09:26:05.3650000-08:00,2021-03-03T17:26:05.3650000Z
SKE_P_DEMO,USER,ARUN.MUNIYANDI,OKTA_PROVISIONER,2021-03-03T09:26:05.3650000-08:00,2021-03-03T17:26:05.3650000Z
SKE_P_DEMO,USER,AVINASH.SINGH,OKTA_PROVISIONER,2021-03-03T09:25:54.3540000-08:00,2021-03-03T17:25:54.3540000Z
SKE_P_DEMO,USER,BALA.SHANKAR,OKTA_PROVISIONER,2021-03-03T09:25:47.3470000-08:00,2021-03-03T17:25:47.3470000Z
SKE_P_DEMO,USER,BEN.STATON,OKTA_PROVISIONER,2021-03-03T09:25:52.3520000-08:00,2021-03-03T17:25:52.3520000Z
SKE_P_DEMO,USER,BENEDIKT.ENGEL,OKTA_PROVISIONER,2021-03-03T09:26:07.3670000-08:00,2021-03-03T17:26:07.3670000Z
SKE_P_DEMO,USER,BING.CHEN,OKTA_PROVISIONER,2021-03-03T09:25:54.3540000-08:00,2021-03-03T17:25:54.3540000Z
SKE_P_DEMO,USER,BISHAM.HARAH,OKTA_PROVISIONER,2021-03-03T09:25:49.3490000-08:00,2021-03-03T17:25:49.3490000Z
SKE_P_DEMO,USER,BOB.MORRISON,OKTA_PROVISIONER,2021-03-03T09:25:52.3520000-08:00,2021-03-03T17:25:52.3520000Z
SKE_P_DEMO,USER,BRETT.BALOUN,OKTA_PROVISIONER,2021-03-03T09:26:07.3670000-08:00,2021-03-03T17:26:07.3670000Z
SKE_P_DEMO,USER,BROOKE.BOWIE,OKTA_PROVISIONER,2021-03-03T09:26:07.3670000-08:00,2021-03-03T17:26:07.3670000Z
SKE_P_DEMO,USER,BRYAN.PLANTES,OKTA_PROVISIONER,2021-03-03T09:25:56.3560000-08:00,2021-03-03T17:25:56.3560000Z
SKE_P_DEMO,USER,C.BRETSCHNEIDER,OKTA_PROVISIONER,2021-03-03T09:26:07.3670000-08:00,2021-03-03T17:26:07.3670000Z
SKE_P_DEMO,USER,C.CHRISTOPHORIDIS,OKTA_PROVISIONER,2021-03-03T09:25:50.3500000-08:00,2021-03-03T17:25:50.3500000Z
SKE_P_DEMO,USER,CARL.MARTIN,OKTA_PROVISIONER,2021-03-03T09:25:52.3520000-08:00,2021-03-03T17:25:52.3520000Z
SKE_P_DEMO,USER,CARRIE.GOTT,OKTA_PROVISIONER,2021-03-03T09:26:07.3670000-08:00,2021-03-03T17:26:07.3670000Z
SKE_P_DEMO,USER,CATALIN.BOBARNAC,OKTA_PROVISIONER,2021-03-03T09:26:04.3640000-08:00,2021-03-03T17:26:04.3640000Z
SKE_P_DEMO,USER,CHASE.ROMANO,OKTA_PROVISIONER,2021-03-03T09:26:00.3600000-08:00,2021-03-03T17:26:00.3600000Z
SKE_P_DEMO,USER,CHRISTIAN.BRAUN,OKTA_PROVISIONER,2021-03-03T09:25:53.3530000-08:00,2021-03-03T17:25:53.3530000Z
SKE_P_DEMO,USER,CHUCK.DIEWALD,OKTA_PROVISIONER,2021-03-03T09:26:00.3600000-08:00,2021-03-03T17:26:00.3600000Z
SKE_P_DEMO,USER,COLLIN.CANNON,OKTA_PROVISIONER,2021-03-03T09:26:00.3600000-08:00,2021-03-03T17:26:00.3600000Z
SKE_P_DEMO,USER,CUONG.NGUYENTIEN,OKTA_PROVISIONER,2021-03-03T09:25:54.3540000-08:00,2021-03-03T17:25:54.3540000Z
SKE_P_DEMO,USER,DAN.FLIPPO,OKTA_PROVISIONER,2021-03-03T09:25:51.3510000-08:00,2021-03-03T17:25:51.3510000Z
SKE_P_DEMO,USER,DANIEL.ODIEVICH,OKTA_PROVISIONER,2021-03-03T09:25:51.3510000-08:00,2021-03-03T17:25:51.3510000Z
SKE_P_DEMO,USER,DANIEL.SANDLER,OKTA_PROVISIONER,2021-03-03T09:26:00.3600000-08:00,2021-03-03T17:26:00.3600000Z
SKE_P_DEMO,USER,DANNY.BRYANT,OKTA_PROVISIONER,2021-03-03T09:25:49.3490000-08:00,2021-03-03T17:25:49.3490000Z
SKE_P_DEMO,USER,DARIN.BRISKMAN,OKTA_PROVISIONER,2021-03-03T09:26:05.3650000-08:00,2021-03-03T17:26:05.3650000Z
SKE_P_DEMO,USER,DAVID.TEPLOW,OKTA_PROVISIONER,2021-03-03T09:26:00.3600000-08:00,2021-03-03T17:26:00.3600000Z
SKE_P_DEMO,USER,DELAN.DESILVA,OKTA_PROVISIONER,2021-03-03T09:26:10.3700000-08:00,2021-03-03T17:26:10.3700000Z
SKE_P_DEMO,USER,DENNIS.PARTIN,OKTA_PROVISIONER,2021-03-03T09:25:52.3520000-08:00,2021-03-03T17:25:52.3520000Z
SKE_P_DEMO,USER,DEREK.CARLSON,OKTA_PROVISIONER,2021-03-03T09:25:49.3490000-08:00,2021-03-03T17:25:49.3490000Z
SKE_P_DEMO,USER,DHARMENDRA.SHAVKANI,OKTA_PROVISIONER,2021-03-03T09:26:00.3600000-08:00,2021-03-03T17:26:00.3600000Z
SKE_P_DEMO,USER,DONNA.ALCANTARA,OKTA_PROVISIONER,2021-03-03T09:26:04.3640000-08:00,2021-03-03T17:26:04.3640000Z
SKE_P_DEMO,USER,DUSTY.MANGUM,OKTA_PROVISIONER,2021-03-03T09:26:00.3600000-08:00,2021-03-03T17:26:00.3600000Z
SKE_P_DEMO,USER,ELENA.GORYAINOVA,OKTA_PROVISIONER,2021-03-03T09:25:50.3500000-08:00,2021-03-03T17:25:50.3500000Z
SKE_P_DEMO,USER,ERIC.BELL,OKTA_PROVISIONER,2021-03-03T09:25:56.3560000-08:00,2021-03-03T17:25:56.3560000Z
SKE_P_DEMO,USER,ERIC.LETHIER,OKTA_PROVISIONER,2021-03-03T09:25:53.3530000-08:00,2021-03-03T17:25:53.3530000Z
SKE_P_DEMO,USER,ERICK.ROESCH,OKTA_PROVISIONER,2021-02-26T11:15:37.9370000-08:00,2021-02-26T19:15:37.9370000Z
SKE_P_DEMO,USER,ERIKA.BAKSE,OKTA_PROVISIONER,2021-03-03T09:26:05.3650000-08:00,2021-03-03T17:26:05.3650000Z
SKE_P_DEMO,USER,EROESCH_SKE,OKTA_PROVISIONER,2021-02-27T04:10:38.8380000-08:00,2021-02-27T12:10:38.8380000Z
SKE_P_DEMO,USER,GAUTAM.BHAWSAR,OKTA_PROVISIONER,2021-03-03T09:26:07.3670000-08:00,2021-03-03T17:26:07.3670000Z
SKE_P_DEMO,USER,GENE.FURIBONDO,OKTA_PROVISIONER,2021-03-03T09:25:49.3490000-08:00,2021-03-03T17:25:49.3490000Z
SKE_P_DEMO,USER,GINA.BLAND,OKTA_PROVISIONER,2021-03-03T09:26:04.3640000-08:00,2021-03-03T17:26:04.3640000Z
SKE_P_DEMO,USER,GINNY.WONG,OKTA_PROVISIONER,2021-03-03T09:25:54.3540000-08:00,2021-03-03T17:25:54.3540000Z
SKE_P_DEMO,USER,GOVARDHAN.KATIREDDY,OKTA_PROVISIONER,2021-03-03T09:25:48.3480000-08:00,2021-03-03T17:25:48.3480000Z
SKE_P_DEMO,USER,GREG.MARRON,OKTA_PROVISIONER,2021-03-03T09:25:47.3470000-08:00,2021-03-03T17:25:47.3470000Z
SKE_P_DEMO,USER,GREGORY.SITZMAN,OKTA_PROVISIONER,2021-03-03T09:26:03.3630000-08:00,2021-03-03T17:26:03.3630000Z
SKE_P_DEMO,USER,GURSOY.YERLI,OKTA_PROVISIONER,2021-03-03T09:26:07.3670000-08:00,2021-03-03T17:26:07.3670000Z
SKE_P_DEMO,USER,HARISH.PARAMESWARAN,OKTA_PROVISIONER,2021-03-03T09:26:03.3630000-08:00,2021-03-03T17:26:03.3630000Z
SKE_P_DEMO,USER,HILDA.DAVIES,OKTA_PROVISIONER,2021-03-03T09:26:03.3630000-08:00,2021-03-03T17:26:03.3630000Z
SKE_P_DEMO,USER,IAN.FICKLING,OKTA_PROVISIONER,2021-03-03T09:25:48.3480000-08:00,2021-03-03T17:25:48.3480000Z
SKE_P_DEMO,USER,IHOR.KARBOVSKYY,OKTA_PROVISIONER,2021-03-03T09:25:48.3480000-08:00,2021-03-03T17:25:48.3480000Z
SKE_P_DEMO,USER,JAAKKO.LEVOMAKI,OKTA_PROVISIONER,2021-03-03T09:25:53.3530000-08:00,2021-03-03T17:25:53.3530000Z
SKE_P_DEMO,USER,JACKIE.CHANDLER,OKTA_PROVISIONER,2021-03-03T09:26:00.3600000-08:00,2021-03-03T17:26:00.3600000Z
SKE_P_DEMO,USER,JAI.PARMAR,OKTA_PROVISIONER,2021-03-03T09:26:04.3640000-08:00,2021-03-03T17:26:04.3640000Z
SKE_P_DEMO,USER,JAMES.BRODY,OKTA_PROVISIONER,2021-03-03T09:25:56.3560000-08:00,2021-03-03T17:25:56.3560000Z
SKE_P_DEMO,USER,JAMEY.PHILLIPS,OKTA_PROVISIONER,2021-03-03T09:26:07.3670000-08:00,2021-03-03T17:26:07.3670000Z
SKE_P_DEMO,USER,JASON.SNYDER,OKTA_PROVISIONER,2021-03-03T09:26:07.3670000-08:00,2021-03-03T17:26:07.3670000Z
SKE_P_DEMO,USER,JBRODY_SKE,OKTA_PROVISIONER,2021-03-01T18:52:03.5230000-08:00,2021-03-02T02:52:03.5230000Z
SKE_P_DEMO,USER,JEDIDIAH.RAJBHUSHAN,OKTA_PROVISIONER,2021-03-03T09:25:50.3500000-08:00,2021-03-03T17:25:50.3500000Z
SKE_P_DEMO,USER,JERRY.LOCKE,OKTA_PROVISIONER,2021-03-03T09:26:10.3700000-08:00,2021-03-03T17:26:10.3700000Z
SKE_P_DEMO,USER,JIM.DEMITRIOU,OKTA_PROVISIONER,2021-03-03T09:26:07.3670000-08:00,2021-03-03T17:26:07.3670000Z
SKE_P_DEMO,USER,JOANNA.JOHNSTON,OKTA_PROVISIONER,2021-03-03T09:26:05.3650000-08:00,2021-03-03T17:26:05.3650000Z
SKE_P_DEMO,USER,JOHN.ADAMS,OKTA_PROVISIONER,2021-03-03T09:26:07.3670000-08:00,2021-03-03T17:26:07.3670000Z
SKE_P_DEMO,USER,JOHN.DACOSTA,OKTA_PROVISIONER,2021-03-03T09:26:07.3670000-08:00,2021-03-03T17:26:07.3670000Z
SKE_P_DEMO,USER,JOHN.RYAN,OKTA_PROVISIONER,2021-03-03T09:25:54.3540000-08:00,2021-03-03T17:25:54.3540000Z
SKE_P_DEMO,USER,JOSHUA.SKARPHOL,OKTA_PROVISIONER,2021-03-03T09:25:50.3500000-08:00,2021-03-03T17:25:50.3500000Z
SKE_P_DEMO,USER,JUSTINE.MCGONAGLE,OKTA_PROVISIONER,2021-03-03T09:26:10.3700000-08:00,2021-03-03T17:26:10.3700000Z
SKE_P_DEMO,USER,KALA.GOVINDARAJAN,OKTA_PROVISIONER,2021-03-03T09:26:03.3630000-08:00,2021-03-03T17:26:03.3630000Z
SKE_P_DEMO,USER,KEITH.HOYLE,OKTA_PROVISIONER,2021-03-03T09:26:03.3630000-08:00,2021-03-03T17:26:03.3630000Z
SKE_P_DEMO,USER,KEITH.SMITH,OKTA_PROVISIONER,2021-03-03T09:25:47.3470000-08:00,2021-03-03T17:25:47.3470000Z
SKE_P_DEMO,USER,KETAN.JANI,OKTA_PROVISIONER,2021-03-03T09:25:56.3560000-08:00,2021-03-03T17:25:56.3560000Z
SKE_P_DEMO,USER,KHALID.REHMAN,OKTA_PROVISIONER,2021-03-03T09:26:00.3600000-08:00,2021-03-03T17:26:00.3600000Z
SKE_P_DEMO,USER,KIM.TE,OKTA_PROVISIONER,2021-03-03T09:26:00.3600000-08:00,2021-03-03T17:26:00.3600000Z
SKE_P_DEMO,USER,KISHORE.TATAVARTHI,OKTA_PROVISIONER,2021-03-03T09:26:07.3670000-08:00,2021-03-03T17:26:07.3670000Z
SKE_P_DEMO,USER,KUMARAN.RAGHUNATHAN,OKTA_PROVISIONER,2021-03-03T09:25:52.3520000-08:00,2021-03-03T17:25:52.3520000Z
SKE_P_DEMO,USER,LISA.CARDER,OKTA_PROVISIONER,2021-03-03T09:26:00.3600000-08:00,2021-03-03T17:26:00.3600000Z
SKE_P_DEMO,USER,LYDIA.MANCINI,OKTA_PROVISIONER,2021-03-03T09:26:00.3600000-08:00,2021-03-03T17:26:00.3600000Z
SKE_P_DEMO,USER,MAGNUS.HOOK,OKTA_PROVISIONER,2021-03-03T09:26:04.3640000-08:00,2021-03-03T17:26:04.3640000Z
SKE_P_DEMO,USER,MAHE.DURAISWAMI,OKTA_PROVISIONER,2021-03-03T09:26:07.3670000-08:00,2021-03-03T17:26:07.3670000Z
SKE_P_DEMO,USER,MARC.HENDERSON,OKTA_PROVISIONER,2021-03-03T09:26:07.3670000-08:00,2021-03-03T17:26:07.3670000Z
SKE_P_DEMO,USER,MARCEL.MARRAS,OKTA_PROVISIONER,2021-03-03T09:26:07.3670000-08:00,2021-03-03T17:26:07.3670000Z
SKE_P_DEMO,USER,MARCIN.KULAKOWSKI,OKTA_PROVISIONER,2021-03-03T09:25:54.3540000-08:00,2021-03-03T17:25:54.3540000Z
SKE_P_DEMO,USER,MARION.BROWN,OKTA_PROVISIONER,2021-03-03T09:25:50.3500000-08:00,2021-03-03T17:25:50.3500000Z
SKE_P_DEMO,USER,MARK.MAYO,OKTA_PROVISIONER,2021-03-03T09:26:07.3670000-08:00,2021-03-03T17:26:07.3670000Z
SKE_P_DEMO,USER,MARTEN.PAULSSON,OKTA_PROVISIONER,2021-03-03T09:26:07.3670000-08:00,2021-03-03T17:26:07.3670000Z
SKE_P_DEMO,USER,MARTIN.BADROCK,OKTA_PROVISIONER,2021-03-03T09:25:48.3480000-08:00,2021-03-03T17:25:48.3480000Z
SKE_P_DEMO,USER,MATT.BRADY,OKTA_PROVISIONER,2021-03-03T09:25:54.3540000-08:00,2021-03-03T17:25:54.3540000Z
SKE_P_DEMO,USER,MATT.PROCTOR,OKTA_PROVISIONER,2021-03-03T09:25:49.3490000-08:00,2021-03-03T17:25:49.3490000Z
SKE_P_DEMO,USER,MATTHEW.KVANCZ,OKTA_PROVISIONER,2021-03-03T09:25:49.3490000-08:00,2021-03-03T17:25:49.3490000Z
SKE_P_DEMO,USER,MATTHEW.STORA,OKTA_PROVISIONER,2021-03-03T09:25:49.3490000-08:00,2021-03-03T17:25:49.3490000Z
SKE_P_DEMO,USER,MATTHEW.WIDEMAN,OKTA_PROVISIONER,2021-03-03T09:26:10.3700000-08:00,2021-03-03T17:26:10.3700000Z
SKE_P_DEMO,USER,MAURICE.SAAH,OKTA_PROVISIONER,2021-03-03T09:26:10.3700000-08:00,2021-03-03T17:26:10.3700000Z
SKE_P_DEMO,USER,MEI.LEE,OKTA_PROVISIONER,2021-03-03T09:25:53.3530000-08:00,2021-03-03T17:25:53.3530000Z
SKE_P_DEMO,USER,MELINDA.WEBSTER,OKTA_PROVISIONER,2021-03-03T09:25:49.3490000-08:00,2021-03-03T17:25:49.3490000Z
SKE_P_DEMO,USER,MICHAEL.GOODMAN,OKTA_PROVISIONER,2021-03-03T09:26:07.3670000-08:00,2021-03-03T17:26:07.3670000Z
SKE_P_DEMO,USER,MICHAEL.HENSON,OKTA_PROVISIONER,2021-03-03T09:25:54.3540000-08:00,2021-03-03T17:25:54.3540000Z
SKE_P_DEMO,USER,MICHAEL.RAINEY,OKTA_PROVISIONER,2021-03-03T09:26:07.3670000-08:00,2021-03-03T17:26:07.3670000Z
SKE_P_DEMO,USER,MICHAEL.VANFOSSEN,OKTA_PROVISIONER,2021-03-03T09:25:56.3560000-08:00,2021-03-03T17:25:56.3560000Z
SKE_P_DEMO,USER,MICHAEL.WALTON,OKTA_PROVISIONER,2021-03-03T09:26:04.3640000-08:00,2021-03-03T17:26:04.3640000Z
SKE_P_DEMO,USER,MIKE.DONOVAN,OKTA_PROVISIONER,2021-03-03T09:25:56.3560000-08:00,2021-03-03T17:25:56.3560000Z
SKE_P_DEMO,USER,MIKE.GOHL,OKTA_PROVISIONER,2021-03-03T09:25:56.3560000-08:00,2021-03-03T17:25:56.3560000Z
SKE_P_DEMO,USER,MIKHAIL.FERNANDEZ,OKTA_PROVISIONER,2021-03-03T09:25:56.3560000-08:00,2021-03-03T17:25:56.3560000Z
SKE_P_DEMO,USER,MINEAKI.MOTOHASHI,OKTA_PROVISIONER,2021-03-03T09:25:49.3490000-08:00,2021-03-03T17:25:49.3490000Z
SKE_P_DEMO,USER,MRIDUL.JHUNJHUNWALA,OKTA_PROVISIONER,2021-03-03T09:26:10.3700000-08:00,2021-03-03T17:26:10.3700000Z
SKE_P_DEMO,USER,MURALI.MADHUSUDANA,OKTA_PROVISIONER,2021-03-03T09:25:53.3530000-08:00,2021-03-03T17:25:53.3530000Z
SKE_P_DEMO,USER,NAVEEN.CHINTHAPALLY,OKTA_PROVISIONER,2021-03-03T09:25:50.3500000-08:00,2021-03-03T17:25:50.3500000Z
SKE_P_DEMO,USER,OMAR.AKIL,OKTA_PROVISIONER,2021-03-03T09:26:05.3650000-08:00,2021-03-03T17:26:05.3650000Z
SKE_P_DEMO,USER,P.PURUSHOTHAMAN,OKTA_PROVISIONER,2021-03-03T09:26:10.3700000-08:00,2021-03-03T17:26:10.3700000Z
SKE_P_DEMO,USER,PARESH.ADHIA,OKTA_PROVISIONER,2021-03-03T09:25:50.3500000-08:00,2021-03-03T17:25:50.3500000Z
SKE_P_DEMO,USER,PAUL.MARIC,OKTA_PROVISIONER,2021-03-03T09:26:00.3600000-08:00,2021-03-03T17:26:00.3600000Z
SKE_P_DEMO,USER,PETER.CAULFIELD,OKTA_PROVISIONER,2021-03-03T09:26:04.3640000-08:00,2021-03-03T17:26:04.3640000Z
SKE_P_DEMO,USER,PETR.NEJTEK,OKTA_PROVISIONER,2021-03-03T09:26:00.3600000-08:00,2021-03-03T17:26:00.3600000Z
SKE_P_DEMO,USER,PHILIPPE.TORRES,OKTA_PROVISIONER,2021-03-03T09:25:50.3500000-08:00,2021-03-03T17:25:50.3500000Z
SKE_P_DEMO,USER,PRATEEK.PARASHAR,OKTA_PROVISIONER,2021-03-03T09:26:07.3670000-08:00,2021-03-03T17:26:07.3670000Z
SKE_P_DEMO,USER,R.SREENIVASAN,OKTA_PROVISIONER,2021-03-03T09:26:04.3640000-08:00,2021-03-03T17:26:04.3640000Z
SKE_P_DEMO,USER,RADX.RADHAKRISHNAN,OKTA_PROVISIONER,2021-03-03T09:25:52.3520000-08:00,2021-03-03T17:25:52.3520000Z
SKE_P_DEMO,USER,RALPH.DREILICH,OKTA_PROVISIONER,2021-03-03T09:26:05.3650000-08:00,2021-03-03T17:26:05.3650000Z
SKE_P_DEMO,USER,RAMAK.AFLATOONI,OKTA_PROVISIONER,2021-03-03T09:26:07.3670000-08:00,2021-03-03T17:26:07.3670000Z
SKE_P_DEMO,USER,RANDY.SEERDEN,OKTA_PROVISIONER,2021-03-03T09:25:48.3480000-08:00,2021-03-03T17:25:48.3480000Z
SKE_P_DEMO,USER,RATHEESH.NELLIKAL,OKTA_PROVISIONER,2021-03-03T09:26:10.3700000-08:00,2021-03-03T17:26:10.3700000Z
SKE_P_DEMO,USER,RAUL.GONZALEZ,OKTA_PROVISIONER,2021-03-03T09:26:05.3650000-08:00,2021-03-03T17:26:05.3650000Z
SKE_P_DEMO,USER,RAVI.KRISHNASWAMI,OKTA_PROVISIONER,2021-03-03T09:26:07.3670000-08:00,2021-03-03T17:26:07.3670000Z
SKE_P_DEMO,USER,REDA.BERRADA,OKTA_PROVISIONER,2021-03-03T09:26:07.3670000-08:00,2021-03-03T17:26:07.3670000Z
SKE_P_DEMO,USER,RICARDO.ALVAREZ,OKTA_PROVISIONER,2021-03-03T09:25:54.3540000-08:00,2021-03-03T17:25:54.3540000Z
SKE_P_DEMO,USER,RICHARD.MORWOOD,OKTA_PROVISIONER,2021-03-03T09:25:53.3530000-08:00,2021-03-03T17:25:53.3530000Z
SKE_P_DEMO,USER,RICHARD.MURNANE,OKTA_PROVISIONER,2021-03-03T09:26:04.3640000-08:00,2021-03-03T17:26:04.3640000Z
SKE_P_DEMO,USER,ROBERT.TRENKAMP,OKTA_PROVISIONER,2021-03-03T09:26:03.3630000-08:00,2021-03-03T17:26:03.3630000Z
SKE_P_DEMO,USER,RYAN.BARNES,OKTA_PROVISIONER,2021-03-03T09:26:10.3700000-08:00,2021-03-03T17:26:10.3700000Z
SKE_P_DEMO,USER,SALVADOR.MARTINEZ,OKTA_PROVISIONER,2021-03-03T09:25:48.3480000-08:00,2021-03-03T17:25:48.3480000Z
SKE_P_DEMO,USER,SAMIT.JAIN,OKTA_PROVISIONER,2021-03-03T09:26:07.3670000-08:00,2021-03-03T17:26:07.3670000Z
SKE_P_DEMO,USER,SANKEY.ALEXANDER,OKTA_PROVISIONER,2021-03-03T09:26:07.3670000-08:00,2021-03-03T17:26:07.3670000Z
SKE_P_DEMO,USER,SCOTT.REDDING,OKTA_PROVISIONER,2021-03-03T09:25:48.3480000-08:00,2021-03-03T17:25:48.3480000Z
SKE_P_DEMO,USER,SEAN.HICKEY,OKTA_PROVISIONER,2021-03-03T09:25:51.3510000-08:00,2021-03-03T17:25:51.3510000Z
SKE_P_DEMO,USER,SHARVAN.KUMAR,OKTA_PROVISIONER,2021-03-03T09:26:05.3650000-08:00,2021-03-03T17:26:05.3650000Z
SKE_P_DEMO,USER,SHAWN.RAMSEY,OKTA_PROVISIONER,2021-03-03T09:26:04.3640000-08:00,2021-03-03T17:26:04.3640000Z
SKE_P_DEMO,USER,SIMON.COOMBES,OKTA_PROVISIONER,2021-02-26T11:15:37.9370000-08:00,2021-02-26T19:15:37.9370000Z
SKE_P_DEMO,USER,SUBHASH.BANDLA,OKTA_PROVISIONER,2021-03-03T09:25:51.3510000-08:00,2021-03-03T17:25:51.3510000Z
SKE_P_DEMO,USER,SUNNY.MALIK,OKTA_PROVISIONER,2021-03-03T09:25:48.3480000-08:00,2021-03-03T17:25:48.3480000Z
SKE_P_DEMO,USER,SURAJ.RAJAN,OKTA_PROVISIONER,2021-03-03T09:25:50.3500000-08:00,2021-03-03T17:25:50.3500000Z
SKE_P_DEMO,USER,TED.BRACKIN,OKTA_PROVISIONER,2021-03-03T09:26:00.3600000-08:00,2021-03-03T17:26:00.3600000Z
SKE_P_DEMO,USER,TED.READYHOUGH,OKTA_PROVISIONER,2021-03-03T09:26:05.3650000-08:00,2021-03-03T17:26:05.3650000Z
SKE_P_DEMO,USER,THOMAS.CHURCHILL,OKTA_PROVISIONER,2021-03-03T09:26:04.3640000-08:00,2021-03-03T17:26:04.3640000Z
SKE_P_DEMO,USER,THOMAS.MOORE,OKTA_PROVISIONER,2021-03-03T09:25:47.3470000-08:00,2021-03-03T17:25:47.3470000Z
SKE_P_DEMO,USER,TIM.SALCH,OKTA_PROVISIONER,2021-03-03T09:25:53.3530000-08:00,2021-03-03T17:25:53.3530000Z
SKE_P_DEMO,USER,TRAVIS.STERNER,OKTA_PROVISIONER,2021-03-03T09:26:03.3630000-08:00,2021-03-03T17:26:03.3630000Z
SKE_P_DEMO,USER,UDAY.KALATHIA,OKTA_PROVISIONER,2021-03-03T09:26:10.3700000-08:00,2021-03-03T17:26:10.3700000Z
SKE_P_DEMO,USER,UWE.HALBAUER,OKTA_PROVISIONER,2021-03-03T09:26:10.3700000-08:00,2021-03-03T17:26:10.3700000Z
SKE_P_DEMO,USER,VINCENT.DELANY,OKTA_PROVISIONER,2021-03-03T09:26:07.3670000-08:00,2021-03-03T17:26:07.3670000Z
SKE_P_DEMO,USER,VIVEK.DIWADE,OKTA_PROVISIONER,2021-03-03T09:26:07.3670000-08:00,2021-03-03T17:26:07.3670000Z
SKE_P_DEMO,USER,WILL.RILEY,OKTA_PROVISIONER,2021-03-03T09:25:51.3510000-08:00,2021-03-03T17:25:51.3510000Z
SKE_P_DEMO,USER,WRAY.FUCCI,OKTA_PROVISIONER,2021-03-03T09:25:53.3530000-08:00,2021-03-03T17:25:53.3530000Z
SKE_P_DEMO,USER,YANG.LIU,OKTA_PROVISIONER,2021-03-03T09:26:04.3640000-08:00,2021-03-03T17:26:04.3640000Z
SKE_P_DEMO,USER,ZACK.HOWE,OKTA_PROVISIONER,2021-03-03T09:26:04.3640000-08:00,2021-03-03T17:26:04.3640000Z
SKE_P_DEMO,USER,ZHENG.LI,OKTA_PROVISIONER,2021-03-03T09:26:07.3670000-08:00,2021-03-03T17:26:07.3670000Z
SYSADMIN,USER,BMORRISON_SKE,ACCOUNTADMIN,2021-02-24T05:00:33.6330000-08:00,2021-02-24T13:00:33.6330000Z
SYSADMIN,USER,EROESCH_SKE,ACCOUNTADMIN,2020-10-19T12:18:05.0850000-07:00,2020-10-19T19:18:05.0850000Z
SYSADMIN,USER,JBRODY_SKE,,2021-03-02T10:01:56.1160000-08:00,2021-03-02T18:01:56.1160000Z
SYSADMIN,USER,JBRODY_SKE,ACCOUNTADMIN,2021-03-01T18:52:01.5210000-08:00,2021-03-02T02:52:01.5210000Z
