Name,Owner,Type,IsInherited,NumAssignedUsers,NumChildRoles,NumParentRoles,AssignedUsers,ChildRoles,ParentRoles,AncestryPaths,NumAncestryPaths,Comment,IsObjectIdentifierSpecialCharacters,CreatedOn,CreatedOnUTC
SKE_P_UTIL_ADMIN,SECURITYADMIN,FunctionalNotUnderSysadmin,False,0,2,0,,"_AC_C_COM_P_UTIL,_AC_X_TASK_ADMIN",,SKE_P_UTIL_ADMIN,1,,False,2021-02-27T04:04:55.2050000-08:00,2021-02-27T12:04:55.2050000Z
_AC_C_COM_P_UTIL,SECURITYADMIN,Functional,False,0,1,2,,_AC_W_COM_P_UTIL,"SKE_P_UTIL_ADMIN,SYSADMIN","SKE_P_UTIL_ADMIN->_AC_C_COM_P_UTIL
ACCOUNTADMIN->SYSADMIN->_AC_C_COM_P_UTIL",2,,False,2021-02-27T03:55:43.7200000-08:00,2021-02-27T11:55:43.7200000Z
_AC_W_COM_P_UTIL,SECURITYADMIN,Functional,False,0,1,1,,_AC_R_COM_P_UTIL,_AC_C_COM_P_UTIL,"SKE_P_UTIL_ADMIN->_AC_C_COM_P_UTIL->_AC_W_COM_P_UTIL
ACCOUNTADMIN->SYSADMIN->_AC_C_COM_P_UTIL->_AC_W_COM_P_UTIL",2,,False,2021-02-27T03:55:44.0630000-08:00,2021-02-27T11:55:44.0630000Z
_AC_R_COM_P_UTIL,SECURITYADMIN,Unknown,False,0,0,1,,,_AC_W_COM_P_UTIL,"SKE_P_UTIL_ADMIN->_AC_C_COM_P_UTIL->_AC_W_COM_P_UTIL->_AC_R_COM_P_UTIL
ACCOUNTADMIN->SYSADMIN->_AC_C_COM_P_UTIL->_AC_W_COM_P_UTIL->_AC_R_COM_P_UTIL",2,,False,2021-02-27T03:55:43.8770000-08:00,2021-02-27T11:55:43.8770000Z
_AC_X_TASK_ADMIN,SECURITYADMIN,Unknown,False,0,0,3,,,"DOP_P_MONITOR_ADMIN,SKE_P_UTIL_ADMIN,SYSADMIN","ACCOUNTADMIN->SYSADMIN->DOP_P_MONITOR_ADMIN->_AC_X_TASK_ADMIN
SKE_P_UTIL_ADMIN->_AC_X_TASK_ADMIN
ACCOUNTADMIN->SYSADMIN->_AC_X_TASK_ADMIN",3,,False,2021-02-24T08:12:22.9860000-08:00,2021-02-24T16:12:22.9860000Z
